Date,State,AQI,AQI_Category,PM2.5,PM10,NO2,SO2,CO,O3,Year,Month,Day
01-01-2025,Andhra Pradesh,201,Poor,79.4,151.5,34.8,10.1,1.09,52.7,2025,January,1
01-01-2025,Arunachal Pradesh,124,Moderate,46.9,87.3,17.1,6.7,0.79,56.1,2025,January,1
01-01-2025,Assam,176,Moderate,75.3,127.8,25.6,9.6,1.03,51.2,2025,January,1
01-01-2025,Bihar,151,Moderate,69.2,117.5,25,8.4,0.81,62,2025,January,1
01-01-2025,Chhattisgarh,176,Moderate,69.2,120.7,25.9,9,0.9,52.3,2025,January,1
01-01-2025,Goa,153,Moderate,59.3,111.9,26.1,7.5,0.94,54.5,2025,January,1
01-01-2025,Gujarat,172,Moderate,70.1,122.8,29.3,8.5,0.99,58.8,2025,January,1
01-01-2025,Haryana,146,Moderate,60.5,113,20.5,7,0.83,55.8,2025,January,1
01-01-2025,Himachal Pradesh,202,Poor,85.4,147.4,30.3,9.7,1.09,52.5,2025,January,1
01-01-2025,Jharkhand,225,Poor,90.3,168.6,36.3,11.4,1.33,47,2025,January,1
01-01-2025,Karnataka,176,Moderate,79.6,127.7,28.7,8.9,0.91,60.1,2025,January,1
01-01-2025,Kerala,196,Moderate,82.5,137.3,28.5,10.6,1.07,49.7,2025,January,1
01-01-2025,Madhya Pradesh,124,Moderate,48.5,82.1,19.5,6.3,0.74,57.7,2025,January,1
01-01-2025,Maharashtra,169,Moderate,66.1,120.4,29.7,9.3,1.01,53.9,2025,January,1
01-01-2025,Manipur,200,Moderate,81.1,152.2,29.8,10.3,1.16,50.5,2025,January,1
01-01-2025,Meghalaya,151,Moderate,64.7,107.7,22.3,8.4,0.77,59.6,2025,January,1
01-01-2025,Mizoram,183,Moderate,80.5,137.8,30.3,9.3,0.96,59.2,2025,January,1
01-01-2025,Nagaland,202,Poor,87.6,153.5,31.5,10.1,1.09,58.4,2025,January,1
01-01-2025,Odisha,169,Moderate,68.7,121.8,27.7,8.7,0.92,54.8,2025,January,1
01-01-2025,Punjab,233,Poor,99.4,162.7,39.4,11.9,1.25,47.5,2025,January,1
01-01-2025,Rajasthan,127,Moderate,56.2,91.3,18.4,6.4,0.62,56.7,2025,January,1
01-01-2025,Sikkim,191,Moderate,84.3,139.8,32.7,8.6,1.08,57.8,2025,January,1
01-01-2025,Tamil Nadu,189,Moderate,80.5,132.8,29,9.8,1.07,51.8,2025,January,1
01-01-2025,Telangana,141,Moderate,61.1,102.7,22.2,7.6,0.8,60.4,2025,January,1
01-01-2025,Tripura,184,Moderate,82.1,131.7,31.9,10.2,0.93,50.5,2025,January,1
01-01-2025,Uttar Pradesh,220,Poor,95.3,167.8,35.7,11.1,1.26,54.4,2025,January,1
01-01-2025,Uttarakhand,135,Moderate,60.6,103.7,21,6.4,0.66,55.1,2025,January,1
01-01-2025,West Bengal,160,Moderate,64.7,121.4,28.1,8.9,0.87,57.6,2025,January,1
02-01-2025,Andhra Pradesh,171,Moderate,68.9,119.9,26.6,9.1,0.86,59.7,2025,January,2
02-01-2025,Arunachal Pradesh,144,Moderate,62.9,112,20.7,6.7,0.72,58.4,2025,January,2
02-01-2025,Assam,219,Poor,93.5,154,35.9,10,1.25,57.2,2025,January,2
02-01-2025,Bihar,156,Moderate,63.2,111,23,8.3,0.95,58,2025,January,2
02-01-2025,Chhattisgarh,176,Moderate,72.2,119.4,26,9,0.92,51.2,2025,January,2
02-01-2025,Goa,161,Moderate,72.2,115.3,23.9,7.5,0.95,53.2,2025,January,2
02-01-2025,Gujarat,172,Moderate,77.2,116.8,28.6,9.2,0.9,55.4,2025,January,2
02-01-2025,Haryana,143,Moderate,60.7,100.5,23.6,6.6,0.7,62.6,2025,January,2
02-01-2025,Himachal Pradesh,195,Moderate,79.8,140.2,30.5,8.9,1.04,49.6,2025,January,2
02-01-2025,Jharkhand,212,Poor,93.6,148,35.9,10.9,1.1,48.8,2025,January,2
02-01-2025,Karnataka,138,Moderate,60.2,92.1,20,7.4,0.79,63.4,2025,January,2
02-01-2025,Kerala,181,Moderate,76.6,124.4,29.9,9.2,1.04,51.2,2025,January,2
02-01-2025,Madhya Pradesh,131,Moderate,51.5,91.6,19.8,7,0.73,56.2,2025,January,2
02-01-2025,Maharashtra,204,Poor,82,141.3,32.9,9.8,1.23,55.1,2025,January,2
02-01-2025,Manipur,216,Poor,90.3,152.9,31.8,10.2,1.13,48.9,2025,January,2
02-01-2025,Meghalaya,149,Moderate,67.9,98.2,22.9,8.3,0.76,60.1,2025,January,2
02-01-2025,Mizoram,176,Moderate,73.6,125,30.9,9.1,0.96,59.2,2025,January,2
02-01-2025,Nagaland,208,Poor,82.9,142.1,31.3,11,1.08,54.8,2025,January,2
02-01-2025,Odisha,181,Moderate,71.3,120.7,26,8.2,1.08,53.6,2025,January,2
02-01-2025,Punjab,230,Poor,101.2,168.9,35.5,10.8,1.18,51.8,2025,January,2
02-01-2025,Rajasthan,117,Moderate,51.8,78.5,16,6.2,0.66,60.8,2025,January,2
02-01-2025,Sikkim,211,Poor,90.2,160.1,36.2,10.1,1.2,49.3,2025,January,2
02-01-2025,Tamil Nadu,181,Moderate,78.5,132.1,26.3,9.1,1.08,56.9,2025,January,2
02-01-2025,Telangana,144,Moderate,56.2,112.1,22,7.7,0.79,55.3,2025,January,2
02-01-2025,Tripura,203,Poor,80.7,151.4,34.2,11.1,1.07,57.6,2025,January,2
02-01-2025,Uttar Pradesh,227,Poor,90,154.2,37.6,11.6,1.19,47.8,2025,January,2
02-01-2025,Uttarakhand,177,Moderate,74.3,126.1,28.3,9.4,0.94,60.4,2025,January,2
02-01-2025,West Bengal,128,Moderate,48.4,94.1,20.9,6.1,0.67,59.2,2025,January,2
03-01-2025,Andhra Pradesh,184,Moderate,78,127.1,27.4,9.1,1.1,57,2025,January,3
03-01-2025,Arunachal Pradesh,153,Moderate,60.2,105.8,26.7,8.5,0.76,59.2,2025,January,3
03-01-2025,Assam,192,Moderate,79.6,131,29.6,9.1,1.03,56,2025,January,3
03-01-2025,Bihar,157,Moderate,64.2,105.2,26,7.8,0.88,57.3,2025,January,3
03-01-2025,Chhattisgarh,165,Moderate,64.4,117.3,25.4,8.4,0.98,58.6,2025,January,3
03-01-2025,Goa,156,Moderate,66.2,109.5,24.1,7.7,0.93,59.3,2025,January,3
03-01-2025,Gujarat,126,Moderate,53.1,82.7,19.7,5.6,0.61,62,2025,January,3
03-01-2025,Haryana,149,Moderate,67.9,114.2,23.1,8.3,0.85,57.5,2025,January,3
03-01-2025,Himachal Pradesh,220,Poor,88.9,149.3,33.7,11,1.31,52,2025,January,3
03-01-2025,Jharkhand,237,Poor,101.4,161.4,40.2,12.6,1.23,48.6,2025,January,3
03-01-2025,Karnataka,160,Moderate,66.9,121,28.1,7.9,0.92,56.2,2025,January,3
03-01-2025,Kerala,183,Moderate,75.7,140.2,28.7,9.2,1.11,54.3,2025,January,3
03-01-2025,Madhya Pradesh,145,Moderate,66.7,101.9,23.2,6.8,0.9,62.6,2025,January,3
03-01-2025,Maharashtra,217,Poor,91.8,151.1,33.3,10.2,1.2,57,2025,January,3
03-01-2025,Manipur,222,Poor,87.7,163.6,32.8,11.6,1.17,51.1,2025,January,3
03-01-2025,Meghalaya,137,Moderate,53.7,89.3,22.2,6,0.72,55.8,2025,January,3
03-01-2025,Mizoram,200,Moderate,81.7,144.2,30.2,9.6,1.11,57.7,2025,January,3
03-01-2025,Nagaland,218,Poor,88.9,166.4,32.5,10.5,1.23,53.9,2025,January,3
03-01-2025,Odisha,181,Moderate,77.1,122.9,28.6,8.9,0.95,58.6,2025,January,3
03-01-2025,Punjab,227,Poor,93.4,165.9,38.6,10.5,1.32,48.5,2025,January,3
03-01-2025,Rajasthan,121,Moderate,49.1,89,16.7,5.5,0.7,61.4,2025,January,3
03-01-2025,Sikkim,204,Poor,90.1,153.8,30.5,9.4,1.06,51.9,2025,January,3
03-01-2025,Tamil Nadu,159,Moderate,60.8,107.9,25.9,7.7,0.87,62,2025,January,3
03-01-2025,Telangana,151,Moderate,58,103.6,24.1,7.3,0.74,56.5,2025,January,3
03-01-2025,Tripura,172,Moderate,68.8,122.5,25.1,9.4,0.88,59.3,2025,January,3
03-01-2025,Uttar Pradesh,233,Poor,95.6,168.7,39.8,12.6,1.27,48.9,2025,January,3
03-01-2025,Uttarakhand,138,Moderate,59.1,97.3,20.7,6.3,0.68,55.7,2025,January,3
03-01-2025,West Bengal,156,Moderate,64.9,115.6,26.6,7.1,0.88,54.2,2025,January,3
04-01-2025,Andhra Pradesh,213,Poor,93.4,143.7,34.1,9.7,1.19,57.7,2025,January,4
04-01-2025,Arunachal Pradesh,114,Moderate,43.6,78.1,17,6.2,0.73,62.6,2025,January,4
04-01-2025,Assam,189,Moderate,77.9,143.4,33,8.7,1,53.4,2025,January,4
04-01-2025,Bihar,142,Moderate,61.4,102,25.2,7.1,0.81,62.2,2025,January,4
04-01-2025,Chhattisgarh,142,Moderate,53.7,94,23.2,6.3,0.85,62,2025,January,4
04-01-2025,Goa,153,Moderate,69.6,114.7,23.3,8,0.91,53.2,2025,January,4
04-01-2025,Gujarat,160,Moderate,61.3,123,28.5,7.2,0.92,61.9,2025,January,4
04-01-2025,Haryana,122,Moderate,55.3,92.6,19.4,6.3,0.67,56.1,2025,January,4
04-01-2025,Himachal Pradesh,236,Poor,93.7,176,37.4,12.7,1.41,46.2,2025,January,4
04-01-2025,Jharkhand,194,Moderate,80.3,135.6,31.4,9.9,1.01,50.4,2025,January,4
04-01-2025,Karnataka,136,Moderate,54.2,98.5,24.3,6.2,0.77,56.3,2025,January,4
04-01-2025,Kerala,213,Poor,87.9,161,34.4,10.2,1.24,57.6,2025,January,4
04-01-2025,Madhya Pradesh,111,Moderate,49,85.4,16.3,4.9,0.67,60.9,2025,January,4
04-01-2025,Maharashtra,197,Moderate,80.6,136.9,29.6,9.8,1.13,52.2,2025,January,4
04-01-2025,Manipur,187,Moderate,81.9,142.2,28.6,8.7,1.12,58.8,2025,January,4
04-01-2025,Meghalaya,151,Moderate,69.1,118.3,25.4,7.2,0.86,60.1,2025,January,4
04-01-2025,Mizoram,197,Moderate,87.6,139.7,31.5,9.5,1.11,58.7,2025,January,4
04-01-2025,Nagaland,224,Poor,94,157,33.3,12.1,1.18,47.1,2025,January,4
04-01-2025,Odisha,206,Poor,87.8,155.7,32.3,9.6,1.05,49.6,2025,January,4
04-01-2025,Punjab,228,Poor,98.6,165.5,33.7,11.7,1.27,48,2025,January,4
04-01-2025,Rajasthan,113,Moderate,48.8,75.2,17.9,6.6,0.63,61.3,2025,January,4
04-01-2025,Sikkim,196,Moderate,78.3,140.7,29.3,10.3,1.15,58.3,2025,January,4
04-01-2025,Tamil Nadu,183,Moderate,82.1,126,26.4,8.7,0.93,58.9,2025,January,4
04-01-2025,Telangana,164,Moderate,74.1,127,25,9,0.97,58.7,2025,January,4
04-01-2025,Tripura,177,Moderate,70.7,125,28.7,8.1,0.91,51.7,2025,January,4
04-01-2025,Uttar Pradesh,196,Moderate,81.7,137.7,30.1,8.8,1.16,51,2025,January,4
04-01-2025,Uttarakhand,135,Moderate,53.3,98.6,23.4,6.5,0.8,58.1,2025,January,4
04-01-2025,West Bengal,150,Moderate,66.8,114.7,22.4,7.8,0.79,56.1,2025,January,4
05-01-2025,Andhra Pradesh,166,Moderate,67.7,122.7,28.7,8.8,0.84,58.3,2025,January,5
05-01-2025,Arunachal Pradesh,153,Moderate,58.4,104.1,27.1,6.9,0.87,54.4,2025,January,5
05-01-2025,Assam,204,Poor,80,139.5,31.6,10.7,1.2,57.6,2025,January,5
05-01-2025,Bihar,155,Moderate,66.9,102.2,27.3,8.4,0.77,57.6,2025,January,5
05-01-2025,Chhattisgarh,163,Moderate,67.9,114,26.5,8.9,0.97,54.7,2025,January,5
05-01-2025,Goa,156,Moderate,67.3,116.2,27,8,0.77,59.6,2025,January,5
05-01-2025,Gujarat,149,Moderate,63,114.7,21.2,6.8,0.83,55.6,2025,January,5
05-01-2025,Haryana,141,Moderate,62.4,100.6,25,6.7,0.77,56.6,2025,January,5
05-01-2025,Himachal Pradesh,217,Poor,91.9,148.6,36.6,10.2,1.16,52.8,2025,January,5
05-01-2025,Jharkhand,200,Moderate,81.3,150.2,31.1,11,1.02,49.6,2025,January,5
05-01-2025,Karnataka,163,Moderate,63.5,121.9,27.7,8.6,0.86,59.8,2025,January,5
05-01-2025,Kerala,187,Moderate,81.9,139.7,28.5,9.6,1.04,56.8,2025,January,5
05-01-2025,Madhya Pradesh,134,Moderate,51,104.2,23.4,7.3,0.67,63.8,2025,January,5
05-01-2025,Maharashtra,181,Moderate,78.4,134.6,28.6,9.6,1.1,57.9,2025,January,5
05-01-2025,Manipur,219,Poor,87,164.2,34.2,11.1,1.23,51,2025,January,5
05-01-2025,Meghalaya,182,Moderate,77.7,136.3,26.5,9,1.03,51.4,2025,January,5
05-01-2025,Mizoram,176,Moderate,69.8,128.5,27.6,8.1,0.97,60.5,2025,January,5
05-01-2025,Nagaland,180,Moderate,79.5,133.3,26.6,9.1,1.03,55.8,2025,January,5
05-01-2025,Odisha,199,Moderate,81.1,149.9,32,10.1,1.16,54.4,2025,January,5
05-01-2025,Punjab,203,Poor,82.1,148.9,34.1,10.4,1.14,53.6,2025,January,5
05-01-2025,Rajasthan,156,Moderate,68.8,109.8,25.2,7.8,0.93,52.6,2025,January,5
05-01-2025,Sikkim,186,Moderate,76.5,127,31.4,8.7,1.04,50.3,2025,January,5
05-01-2025,Tamil Nadu,191,Moderate,84.3,133.9,32.7,9.9,1.03,52.4,2025,January,5
05-01-2025,Telangana,166,Moderate,64.3,120.7,25,9,0.97,54.5,2025,January,5
05-01-2025,Tripura,216,Poor,92,161.8,32,11.1,1.23,51.5,2025,January,5
05-01-2025,Uttar Pradesh,231,Poor,103,165.1,34.2,11.2,1.2,56.2,2025,January,5
05-01-2025,Uttarakhand,162,Moderate,71.8,118.9,26.6,8.3,0.9,55.6,2025,January,5
05-01-2025,West Bengal,134,Moderate,56.2,98.4,21.6,6.2,0.78,60.2,2025,January,5
06-01-2025,Andhra Pradesh,167,Moderate,70.5,118,24.2,7.5,0.84,58.8,2025,January,6
06-01-2025,Arunachal Pradesh,125,Moderate,54,99.2,17.5,5.4,0.61,56.2,2025,January,6
06-01-2025,Assam,187,Moderate,79.9,129,28.6,10.3,1,54.5,2025,January,6
06-01-2025,Bihar,138,Moderate,59.3,103.9,21.3,6.1,0.85,63.5,2025,January,6
06-01-2025,Chhattisgarh,176,Moderate,73,134.4,25.7,9.1,1.07,53.4,2025,January,6
06-01-2025,Goa,149,Moderate,63.7,109.2,26.3,7.8,0.84,62.4,2025,January,6
06-01-2025,Gujarat,165,Moderate,71.9,122.8,27.4,7.8,0.95,57.7,2025,January,6
06-01-2025,Haryana,128,Moderate,58,84.2,22.2,5.5,0.67,56.8,2025,January,6
06-01-2025,Himachal Pradesh,198,Moderate,84,134.4,30.9,9.1,1.06,57.3,2025,January,6
06-01-2025,Jharkhand,195,Moderate,83.9,140.8,31.8,9.8,1.05,49.7,2025,January,6
06-01-2025,Karnataka,172,Moderate,72.9,122.7,27.4,9.4,1.05,55.4,2025,January,6
06-01-2025,Kerala,220,Poor,90.3,156.5,32.3,11.7,1.23,51.1,2025,January,6
06-01-2025,Madhya Pradesh,122,Moderate,52.1,97.4,20.3,5.5,0.7,58.3,2025,January,6
06-01-2025,Maharashtra,176,Moderate,70.9,121.1,27.8,9.2,0.98,56.9,2025,January,6
06-01-2025,Manipur,228,Poor,101.2,167.4,39.5,11.5,1.33,50.8,2025,January,6
06-01-2025,Meghalaya,153,Moderate,64.8,116.4,25.7,8.2,0.88,53.2,2025,January,6
06-01-2025,Mizoram,190,Moderate,84.5,146.7,30.9,10,0.97,57,2025,January,6
06-01-2025,Nagaland,186,Moderate,81.2,138.2,31.5,9.5,1.03,58.8,2025,January,6
06-01-2025,Odisha,168,Moderate,68,121.9,27.4,8,0.92,54.3,2025,January,6
06-01-2025,Punjab,206,Poor,82.6,141.3,35.7,9.6,1.15,50.5,2025,January,6
06-01-2025,Rajasthan,150,Moderate,60.7,110.1,26,7.8,0.86,53,2025,January,6
06-01-2025,Sikkim,211,Poor,87.4,161.4,35.9,10.4,1.27,50,2025,January,6
06-01-2025,Tamil Nadu,152,Moderate,67.3,106.1,26.4,7.1,0.86,62,2025,January,6
06-01-2025,Telangana,158,Moderate,63.8,112.5,27.5,7.9,0.85,56.6,2025,January,6
06-01-2025,Tripura,200,Moderate,89.9,153.1,33,9,1.11,49.2,2025,January,6
06-01-2025,Uttar Pradesh,203,Poor,86,139,31.3,11.1,1.18,52.8,2025,January,6
06-01-2025,Uttarakhand,162,Moderate,63.9,110.3,26.5,8.7,0.84,57,2025,January,6
06-01-2025,West Bengal,122,Moderate,56.6,80.5,19.3,5.7,0.74,64.2,2025,January,6
07-01-2025,Andhra Pradesh,202,Poor,84.1,145.3,31.7,10.7,1.04,57.2,2025,January,7
07-01-2025,Arunachal Pradesh,126,Moderate,49.7,90.5,21.8,5.7,0.71,58.5,2025,January,7
07-01-2025,Assam,191,Moderate,79.6,132.4,27.6,9.3,1.12,51.4,2025,January,7
07-01-2025,Bihar,162,Moderate,64.7,116.6,23.1,7.9,0.98,54.5,2025,January,7
07-01-2025,Chhattisgarh,169,Moderate,71.6,119.6,28.7,9.3,0.85,52.2,2025,January,7
07-01-2025,Goa,156,Moderate,64.6,119.6,22,8.4,0.9,56.3,2025,January,7
07-01-2025,Gujarat,155,Moderate,63.6,114.8,24.9,7.3,0.95,59.1,2025,January,7
07-01-2025,Haryana,128,Moderate,51.1,101.8,20.3,6.6,0.65,59.3,2025,January,7
07-01-2025,Himachal Pradesh,202,Poor,84.7,148,31.1,9.9,1.06,55,2025,January,7
07-01-2025,Jharkhand,191,Moderate,78,135.8,28.4,9.7,1.05,54.1,2025,January,7
07-01-2025,Karnataka,177,Moderate,79.3,130.2,25.6,8.3,1,54.1,2025,January,7
07-01-2025,Kerala,186,Moderate,77.2,141.2,29.3,8.8,1.03,51.6,2025,January,7
07-01-2025,Madhya Pradesh,139,Moderate,62.1,109.2,20.5,7.7,0.76,55,2025,January,7
07-01-2025,Maharashtra,205,Poor,91.6,156.7,33.2,10.1,1.19,55.3,2025,January,7
07-01-2025,Manipur,216,Poor,92.7,146.8,36.4,10.3,1.19,49.1,2025,January,7
07-01-2025,Meghalaya,173,Moderate,71.7,117.6,27,8.4,0.86,55.7,2025,January,7
07-01-2025,Mizoram,178,Moderate,79.7,122,27.5,8.3,1.05,52.1,2025,January,7
07-01-2025,Nagaland,203,Poor,85,141.4,34.4,10.5,1.08,51.3,2025,January,7
07-01-2025,Odisha,206,Poor,91.4,143.6,32.3,9.6,1.08,51.5,2025,January,7
07-01-2025,Punjab,195,Moderate,83,137.9,32.5,10.7,1,54.2,2025,January,7
07-01-2025,Rajasthan,114,Moderate,49.8,74.5,18.8,5.9,0.63,64.9,2025,January,7
07-01-2025,Sikkim,195,Moderate,80.7,140.3,28.8,8.8,1.03,51.3,2025,January,7
07-01-2025,Tamil Nadu,168,Moderate,75.9,113.2,24.8,8.1,0.92,60.9,2025,January,7
07-01-2025,Telangana,172,Moderate,77.5,115.4,27.8,8.4,0.86,51.4,2025,January,7
07-01-2025,Tripura,187,Moderate,80.4,125.4,30,8.9,0.95,55.4,2025,January,7
07-01-2025,Uttar Pradesh,221,Poor,95,156.3,32.5,11,1.26,50.4,2025,January,7
07-01-2025,Uttarakhand,160,Moderate,66.2,121.6,22.7,7.3,0.86,54.3,2025,January,7
07-01-2025,West Bengal,129,Moderate,60.2,90.2,20.2,7.1,0.68,63.1,2025,January,7
08-01-2025,Andhra Pradesh,178,Moderate,75.7,121.3,25.9,9.4,0.92,59.9,2025,January,8
08-01-2025,Arunachal Pradesh,155,Moderate,66.1,114.9,25.7,8.1,0.81,53.2,2025,January,8
08-01-2025,Assam,189,Moderate,81.9,141.4,28.7,10,0.97,58.8,2025,January,8
08-01-2025,Bihar,165,Moderate,64.9,111.6,23.8,9.1,0.92,52.1,2025,January,8
08-01-2025,Chhattisgarh,169,Moderate,66.5,130,29.5,8.6,1.02,57.5,2025,January,8
08-01-2025,Goa,143,Moderate,58.5,96.7,22.2,7.3,0.88,58.2,2025,January,8
08-01-2025,Gujarat,168,Moderate,67.4,114.5,28.1,7.9,0.85,55.2,2025,January,8
08-01-2025,Haryana,126,Moderate,51.5,95.9,22.9,5.4,0.61,60.4,2025,January,8
08-01-2025,Himachal Pradesh,189,Moderate,78.6,127.6,32.2,9.1,1.11,51.9,2025,January,8
08-01-2025,Jharkhand,230,Poor,100.1,166.8,35.2,11.9,1.32,55.4,2025,January,8
08-01-2025,Karnataka,133,Moderate,50.5,87.4,22.3,7.1,0.67,60.3,2025,January,8
08-01-2025,Kerala,180,Moderate,73.6,130.6,30.6,8.1,1.05,52.5,2025,January,8
08-01-2025,Madhya Pradesh,123,Moderate,47.4,87.8,20.3,7.1,0.76,59.5,2025,January,8
08-01-2025,Maharashtra,189,Moderate,82.3,132.4,28.3,9.7,1.06,54.1,2025,January,8
08-01-2025,Manipur,202,Poor,82.3,149.4,30.6,10.2,1.11,53.7,2025,January,8
08-01-2025,Meghalaya,184,Moderate,73.1,131.6,29.1,9.8,1.09,54.2,2025,January,8
08-01-2025,Mizoram,190,Moderate,76.4,127.7,33.4,9.5,1.03,53.6,2025,January,8
08-01-2025,Nagaland,209,Poor,86.2,155.8,30.9,9.5,1.13,54.3,2025,January,8
08-01-2025,Odisha,176,Moderate,72.9,122.4,27.4,8.9,0.98,54.6,2025,January,8
08-01-2025,Punjab,210,Poor,86.5,151,31.6,10.4,1.19,52.9,2025,January,8
08-01-2025,Rajasthan,154,Moderate,66,102.6,25.9,7.1,0.95,55.1,2025,January,8
08-01-2025,Sikkim,185,Moderate,74.4,130.2,32.4,10,1.01,50.8,2025,January,8
08-01-2025,Tamil Nadu,192,Moderate,79.5,140.9,31.4,9.5,1.11,54.2,2025,January,8
08-01-2025,Telangana,143,Moderate,57.4,107.5,21.5,6.3,0.73,57.2,2025,January,8
08-01-2025,Tripura,179,Moderate,80.7,119.8,28,8.9,0.9,55.3,2025,January,8
08-01-2025,Uttar Pradesh,195,Moderate,85.5,144.2,33.5,10.4,1.05,49.5,2025,January,8
08-01-2025,Uttarakhand,160,Moderate,70.5,124.4,24.4,8.2,0.87,53,2025,January,8
08-01-2025,West Bengal,117,Moderate,52.4,80.2,17.7,5.8,0.69,60.7,2025,January,8
09-01-2025,Andhra Pradesh,183,Moderate,75.7,127.5,31.1,9.9,1.03,54.3,2025,January,9
09-01-2025,Arunachal Pradesh,111,Moderate,51.2,85.2,19.2,4.7,0.65,61.5,2025,January,9
09-01-2025,Assam,185,Moderate,76.6,123.3,28,8.9,0.97,58.4,2025,January,9
09-01-2025,Bihar,176,Moderate,79.7,120.6,27.6,9.2,0.93,60.5,2025,January,9
09-01-2025,Chhattisgarh,175,Moderate,68.4,127.4,25,8.4,0.99,60.3,2025,January,9
09-01-2025,Goa,130,Moderate,55.2,103.5,20.1,6.9,0.69,56.5,2025,January,9
09-01-2025,Gujarat,131,Moderate,50.6,89.6,21.6,7.1,0.75,57.4,2025,January,9
09-01-2025,Haryana,122,Moderate,47.2,95.8,20.5,5.6,0.71,57.4,2025,January,9
09-01-2025,Himachal Pradesh,215,Poor,85,161.4,34.1,11.7,1.28,53.1,2025,January,9
09-01-2025,Jharkhand,216,Poor,92.6,161.5,34.9,11.4,1.16,56.7,2025,January,9
09-01-2025,Karnataka,162,Moderate,73.9,109.4,28.9,8.4,0.88,58.2,2025,January,9
09-01-2025,Kerala,209,Poor,90.9,148.4,35.9,10.7,1.23,49.3,2025,January,9
09-01-2025,Madhya Pradesh,129,Moderate,57.5,84.3,21.4,7.4,0.78,56.9,2025,January,9
09-01-2025,Maharashtra,174,Moderate,76.4,130.9,29.4,8.1,1.01,52.2,2025,January,9
09-01-2025,Manipur,218,Poor,87.8,163.1,36.8,10,1.15,53.4,2025,January,9
09-01-2025,Meghalaya,137,Moderate,60,102.7,22.9,6.1,0.78,56.6,2025,January,9
09-01-2025,Mizoram,196,Moderate,87.2,139.3,29.6,10.5,1.06,52.8,2025,January,9
09-01-2025,Nagaland,204,Poor,86.3,150.4,33.9,10.5,1.13,55.7,2025,January,9
09-01-2025,Odisha,195,Moderate,82.8,136.7,31.4,9.2,1.07,51.7,2025,January,9
09-01-2025,Punjab,209,Poor,93.8,142.2,34.4,10.4,1.19,58,2025,January,9
09-01-2025,Rajasthan,144,Moderate,65.4,110.9,21.3,6.3,0.84,59.7,2025,January,9
09-01-2025,Sikkim,195,Moderate,77.2,139.4,31.3,10.6,1.06,56.4,2025,January,9
09-01-2025,Tamil Nadu,167,Moderate,69.6,124.9,27.9,8.1,0.98,60.5,2025,January,9
09-01-2025,Telangana,159,Moderate,67.6,108,27.5,7.9,0.89,52.9,2025,January,9
09-01-2025,Tripura,174,Moderate,75.6,126,27.6,9.2,0.89,57.8,2025,January,9
09-01-2025,Uttar Pradesh,218,Poor,97.2,159.8,32.7,10.3,1.11,51.6,2025,January,9
09-01-2025,Uttarakhand,132,Moderate,60.2,101.8,20.4,7.2,0.68,59.2,2025,January,9
09-01-2025,West Bengal,114,Moderate,48,91.5,17.4,5,0.66,64.7,2025,January,9
10-01-2025,Andhra Pradesh,186,Moderate,75,131.1,32.5,10,0.98,51.3,2025,January,10
10-01-2025,Arunachal Pradesh,142,Moderate,58.3,107.9,24.6,6.4,0.77,60.6,2025,January,10
10-01-2025,Assam,215,Poor,94.4,164.3,32.2,10.9,1.28,57.3,2025,January,10
10-01-2025,Bihar,177,Moderate,75.4,118.6,27.9,9.3,1.01,59.4,2025,January,10
10-01-2025,Chhattisgarh,148,Moderate,67.5,114.2,26.6,7.7,0.74,59.8,2025,January,10
10-01-2025,Goa,169,Moderate,71.4,116.2,29.1,7.9,0.94,51.7,2025,January,10
10-01-2025,Gujarat,131,Moderate,55.1,97.4,23,6.9,0.72,55.1,2025,January,10
10-01-2025,Haryana,140,Moderate,63,106.4,24.7,7.2,0.73,58.1,2025,January,10
10-01-2025,Himachal Pradesh,222,Poor,96.9,169,36.2,10.9,1.26,50.5,2025,January,10
10-01-2025,Jharkhand,224,Poor,88.6,166.6,33.6,11.5,1.31,51.7,2025,January,10
10-01-2025,Karnataka,170,Moderate,76.5,118.1,28,9.5,1.01,56.2,2025,January,10
10-01-2025,Kerala,214,Poor,86.4,155,33.3,11.5,1.11,52.4,2025,January,10
10-01-2025,Madhya Pradesh,111,Moderate,48.1,72.3,16.7,4.6,0.61,64.7,2025,January,10
10-01-2025,Maharashtra,172,Moderate,70.5,132.4,25.9,8.4,0.94,57.4,2025,January,10
10-01-2025,Manipur,187,Moderate,73,126.9,31.3,8.5,1.04,59.3,2025,January,10
10-01-2025,Meghalaya,155,Moderate,69.6,104.6,22.8,7.6,0.84,57.7,2025,January,10
10-01-2025,Mizoram,173,Moderate,73.9,133.2,29.4,9.2,0.9,55.6,2025,January,10
10-01-2025,Nagaland,228,Poor,93.1,173.1,35.3,11.1,1.36,48.1,2025,January,10
10-01-2025,Odisha,189,Moderate,77.6,144.1,28,10.3,0.97,58.6,2025,January,10
10-01-2025,Punjab,201,Poor,81.3,145.9,30.9,10.1,1.14,58.1,2025,January,10
10-01-2025,Rajasthan,153,Moderate,63.9,103.4,23.5,8.5,0.92,60.5,2025,January,10
10-01-2025,Sikkim,183,Moderate,72,137.1,29.3,10,1.08,52.8,2025,January,10
10-01-2025,Tamil Nadu,182,Moderate,70.8,130.9,27.6,8.9,1.07,50.5,2025,January,10
10-01-2025,Telangana,157,Moderate,64.2,109.3,26.1,7.8,0.97,56.7,2025,January,10
10-01-2025,Tripura,217,Poor,96.7,160.6,35.7,10.1,1.29,54.7,2025,January,10
10-01-2025,Uttar Pradesh,201,Poor,79.8,151.9,34.7,9.7,1.17,50.4,2025,January,10
10-01-2025,Uttarakhand,161,Moderate,71.4,119.3,26.9,8.5,0.98,52.9,2025,January,10
10-01-2025,West Bengal,155,Moderate,63.2,114.1,22.6,7.3,0.85,54.2,2025,January,10
11-01-2025,Andhra Pradesh,170,Moderate,66.8,121.7,27.1,8.3,1.03,55.3,2025,January,11
11-01-2025,Arunachal Pradesh,130,Moderate,51.6,100.7,20.6,6.7,0.69,64.6,2025,January,11
11-01-2025,Assam,206,Poor,81.6,151.6,30.9,9.4,1.05,51.8,2025,January,11
11-01-2025,Bihar,169,Moderate,72.9,128.3,28.2,8.2,0.94,59.4,2025,January,11
11-01-2025,Chhattisgarh,161,Moderate,68,123.7,23.1,8.9,0.81,59.2,2025,January,11
11-01-2025,Goa,140,Moderate,56.9,93.9,19.9,7.4,0.87,58.4,2025,January,11
11-01-2025,Gujarat,155,Moderate,64.2,108.6,23.3,8.7,0.85,58,2025,January,11
11-01-2025,Haryana,113,Moderate,44.6,79.1,15.3,5.8,0.58,64.2,2025,January,11
11-01-2025,Himachal Pradesh,234,Poor,98.4,176.7,36,11.5,1.26,51.9,2025,January,11
11-01-2025,Jharkhand,196,Moderate,76.4,135.5,33.8,9,1.05,58.6,2025,January,11
11-01-2025,Karnataka,165,Moderate,69,112.4,23.6,7.6,0.83,57.3,2025,January,11
11-01-2025,Kerala,177,Moderate,76.8,131.1,26.6,9.5,1.08,59.2,2025,January,11
11-01-2025,Madhya Pradesh,159,Moderate,69.2,112.3,27.5,7,0.9,55.8,2025,January,11
11-01-2025,Maharashtra,216,Poor,92.1,159.1,33.4,10.6,1.23,56.9,2025,January,11
11-01-2025,Manipur,211,Poor,88.3,156.4,33.5,10.2,1.08,49.7,2025,January,11
11-01-2025,Meghalaya,165,Moderate,72.6,128.5,26.2,8.8,0.88,60.2,2025,January,11
11-01-2025,Mizoram,206,Poor,88.2,155.5,30.6,9.9,1.23,50.5,2025,January,11
11-01-2025,Nagaland,226,Poor,96.7,169.4,37.1,11.1,1.18,53.2,2025,January,11
11-01-2025,Odisha,175,Moderate,71,131.1,31,9.6,1.07,58.8,2025,January,11
11-01-2025,Punjab,193,Moderate,86,137.3,28.8,10.2,1,50.8,2025,January,11
11-01-2025,Rajasthan,161,Moderate,63.9,115.7,23.7,7.1,0.8,54.7,2025,January,11
11-01-2025,Sikkim,198,Moderate,84,148.4,31,10.7,1.04,51.7,2025,January,11
11-01-2025,Tamil Nadu,161,Moderate,63.1,106.7,25.6,8.6,0.8,56.9,2025,January,11
11-01-2025,Telangana,187,Moderate,78.5,138.5,30.8,9.2,0.98,58.2,2025,January,11
11-01-2025,Tripura,181,Moderate,71.6,122.5,30.2,8.9,1.02,52.6,2025,January,11
11-01-2025,Uttar Pradesh,233,Poor,95.5,175.6,37.3,11.4,1.35,47.6,2025,January,11
11-01-2025,Uttarakhand,170,Moderate,76.4,116.2,26.3,7.8,0.87,57.3,2025,January,11
11-01-2025,West Bengal,123,Moderate,54.3,97.4,18.6,5.9,0.74,64.5,2025,January,11
12-01-2025,Andhra Pradesh,181,Moderate,73.2,126.5,27.8,8.1,0.93,52.9,2025,January,12
12-01-2025,Arunachal Pradesh,139,Moderate,55.9,106.2,19.3,7.4,0.73,56.5,2025,January,12
12-01-2025,Assam,191,Moderate,84,147.1,31,9.1,1.1,54.2,2025,January,12
12-01-2025,Bihar,159,Moderate,63.5,110.6,22.5,8.8,0.95,59.9,2025,January,12
12-01-2025,Chhattisgarh,149,Moderate,59.5,110,23.6,6.9,0.75,54.8,2025,January,12
12-01-2025,Goa,147,Moderate,65.8,101.5,23.2,6.7,0.77,59.1,2025,January,12
12-01-2025,Gujarat,154,Moderate,68.3,104.3,26,7.6,0.87,61.9,2025,January,12
12-01-2025,Haryana,127,Moderate,47.7,88,21.9,7.3,0.8,58.4,2025,January,12
12-01-2025,Himachal Pradesh,192,Moderate,75.2,141.4,29.2,9.2,1.1,56.9,2025,January,12
12-01-2025,Jharkhand,235,Poor,101.3,161.9,39,11.8,1.28,55.3,2025,January,12
12-01-2025,Karnataka,176,Moderate,74.7,122,30.8,8,1.07,60.8,2025,January,12
12-01-2025,Kerala,207,Poor,88.9,149.4,32.3,9.5,1.12,52,2025,January,12
12-01-2025,Madhya Pradesh,143,Moderate,64,104.8,24.6,7.9,0.87,63.3,2025,January,12
12-01-2025,Maharashtra,183,Moderate,74.6,122.5,32.1,10,1.07,55.9,2025,January,12
12-01-2025,Manipur,197,Moderate,82.2,135.5,34.3,9.7,1.01,51.6,2025,January,12
12-01-2025,Meghalaya,150,Moderate,65.3,99.3,21.2,7.4,0.79,60.7,2025,January,12
12-01-2025,Mizoram,207,Poor,81.8,142.5,33.2,11.3,1.19,48.5,2025,January,12
12-01-2025,Nagaland,204,Poor,90.8,139.9,29.7,10.3,1.04,50.6,2025,January,12
12-01-2025,Odisha,160,Moderate,64.1,124.3,24.9,8.2,0.94,61.3,2025,January,12
12-01-2025,Punjab,228,Poor,100.8,169.4,39.1,12.2,1.31,52.8,2025,January,12
12-01-2025,Rajasthan,127,Moderate,49.7,88.9,21.3,6.4,0.78,64.3,2025,January,12
12-01-2025,Sikkim,211,Poor,83.2,153.4,31.9,10.8,1.21,56.2,2025,January,12
12-01-2025,Tamil Nadu,193,Moderate,79.6,139.7,28.5,10.6,1.13,56.1,2025,January,12
12-01-2025,Telangana,161,Moderate,70.8,120.1,25.6,8.4,0.89,54,2025,January,12
12-01-2025,Tripura,211,Poor,90.4,144.4,31.2,9.7,1.18,54.2,2025,January,12
12-01-2025,Uttar Pradesh,212,Poor,90.6,158.9,35.1,11.1,1.25,54.1,2025,January,12
12-01-2025,Uttarakhand,132,Moderate,53,95.2,21,7.3,0.76,62.5,2025,January,12
12-01-2025,West Bengal,119,Moderate,45.3,80,16.8,6.7,0.66,55.8,2025,January,12
13-01-2025,Andhra Pradesh,168,Moderate,74.4,119.4,25.3,8,0.95,51.8,2025,January,13
13-01-2025,Arunachal Pradesh,135,Moderate,59.5,96,23.2,6.7,0.65,64.2,2025,January,13
13-01-2025,Assam,217,Poor,90.3,159.2,36.9,11.5,1.23,56.1,2025,January,13
13-01-2025,Bihar,145,Moderate,57.6,101.1,21.8,8.2,0.83,60.5,2025,January,13
13-01-2025,Chhattisgarh,141,Moderate,60.8,96.3,20.1,7,0.81,54.9,2025,January,13
13-01-2025,Goa,151,Moderate,67,107,26.7,7.4,0.8,56.2,2025,January,13
13-01-2025,Gujarat,131,Moderate,56.5,95.5,21.9,5.7,0.72,59.2,2025,January,13
13-01-2025,Haryana,153,Moderate,62.9,101.7,22.6,8.3,0.88,61.5,2025,January,13
13-01-2025,Himachal Pradesh,222,Poor,89.8,157.4,36.1,11.9,1.16,53.9,2025,January,13
13-01-2025,Jharkhand,205,Poor,81.5,137.9,31.4,10.8,1.04,54,2025,January,13
13-01-2025,Karnataka,178,Moderate,71.5,134.1,28.9,8,0.91,56.1,2025,January,13
13-01-2025,Kerala,225,Poor,96.3,158.8,38.8,10.5,1.28,49.3,2025,January,13
13-01-2025,Madhya Pradesh,128,Moderate,57.1,89.4,22,6.9,0.72,55.4,2025,January,13
13-01-2025,Maharashtra,203,Poor,84.5,149.4,33.2,10.5,1.19,49.4,2025,January,13
13-01-2025,Manipur,199,Moderate,86.4,141,31.7,9.9,1.18,54.8,2025,January,13
13-01-2025,Meghalaya,180,Moderate,72.1,132.8,27.2,8.3,1.04,51.5,2025,January,13
13-01-2025,Mizoram,197,Moderate,86.1,137.1,31.8,9.7,1.14,56.8,2025,January,13
13-01-2025,Nagaland,216,Poor,86.2,147.4,35.9,11.7,1.22,53.4,2025,January,13
13-01-2025,Odisha,185,Moderate,73.9,129.3,31.3,8.4,0.97,59,2025,January,13
13-01-2025,Punjab,185,Moderate,75.4,135.6,30.5,8.6,1.1,57.5,2025,January,13
13-01-2025,Rajasthan,134,Moderate,60.6,94.6,24.1,5.9,0.65,60.5,2025,January,13
13-01-2025,Sikkim,205,Poor,82.7,143.2,34.7,10.5,1.24,48.7,2025,January,13
13-01-2025,Tamil Nadu,181,Moderate,72.2,128.1,28.9,9.3,1.09,55,2025,January,13
13-01-2025,Telangana,184,Moderate,77,142.3,30,10,1.11,55.1,2025,January,13
13-01-2025,Tripura,190,Moderate,83.5,139.8,28,10.3,1.1,53.6,2025,January,13
13-01-2025,Uttar Pradesh,224,Poor,91.6,156.5,36.8,11.2,1.27,52.1,2025,January,13
13-01-2025,Uttarakhand,176,Moderate,78.7,136,25.5,8.7,0.9,56.4,2025,January,13
13-01-2025,West Bengal,113,Moderate,52.9,78.2,17.2,4.9,0.7,62.1,2025,January,13
14-01-2025,Andhra Pradesh,205,Poor,86.1,149.1,34.7,11.2,1.06,49,2025,January,14
14-01-2025,Arunachal Pradesh,132,Moderate,52.1,87.1,19.2,6.7,0.81,63.2,2025,January,14
14-01-2025,Assam,184,Moderate,80.2,142,27.4,9.8,1,51.2,2025,January,14
14-01-2025,Bihar,168,Moderate,65.7,120.2,27.3,9.3,0.95,58.1,2025,January,14
14-01-2025,Chhattisgarh,171,Moderate,69.9,123.8,28.5,9.3,1.01,54,2025,January,14
14-01-2025,Goa,130,Moderate,54.7,93.5,18.1,5.7,0.76,64.4,2025,January,14
14-01-2025,Gujarat,170,Moderate,76.2,129.7,27.2,8.7,1.02,52.8,2025,January,14
14-01-2025,Haryana,136,Moderate,60.9,107.3,18.8,6.8,0.67,59.1,2025,January,14
14-01-2025,Himachal Pradesh,203,Poor,83,150.3,35,9.8,1.17,50.5,2025,January,14
14-01-2025,Jharkhand,197,Moderate,88.6,133.4,33.5,9.2,1.04,57.8,2025,January,14
14-01-2025,Karnataka,159,Moderate,69.5,124,24,8.4,0.82,59.3,2025,January,14
14-01-2025,Kerala,187,Moderate,77.4,136.4,28.9,9.2,1.02,53.5,2025,January,14
14-01-2025,Madhya Pradesh,152,Moderate,67.7,109.9,22.8,7.4,0.8,54.7,2025,January,14
14-01-2025,Maharashtra,175,Moderate,77.7,127.4,26.5,7.9,1.05,59.2,2025,January,14
14-01-2025,Manipur,182,Moderate,73.5,135.7,29.1,10.1,1.08,55.3,2025,January,14
14-01-2025,Meghalaya,165,Moderate,69.1,128.1,28.1,7.4,0.97,59.2,2025,January,14
14-01-2025,Mizoram,170,Moderate,76.5,125.3,28.8,8.4,0.89,57.5,2025,January,14
14-01-2025,Nagaland,226,Poor,98.4,159.7,36.9,11.4,1.19,49.8,2025,January,14
14-01-2025,Odisha,182,Moderate,78,136,28.5,9.7,0.93,51.7,2025,January,14
14-01-2025,Punjab,217,Poor,96.8,154.7,33.3,10.1,1.16,49.4,2025,January,14
14-01-2025,Rajasthan,163,Moderate,67.7,126.9,28.8,7.7,1,57.2,2025,January,14
14-01-2025,Sikkim,174,Moderate,73.4,128.2,30,8.1,0.91,55.9,2025,January,14
14-01-2025,Tamil Nadu,194,Moderate,75.8,147.9,30.8,9.5,1.07,54.1,2025,January,14
14-01-2025,Telangana,149,Moderate,68.5,102.5,22.8,6.8,0.85,59.8,2025,January,14
14-01-2025,Tripura,206,Poor,85.2,144.9,31,10.1,1.14,51.4,2025,January,14
14-01-2025,Uttar Pradesh,187,Moderate,82.2,138.2,31.2,8.7,1.13,58.4,2025,January,14
14-01-2025,Uttarakhand,156,Moderate,71.4,118.4,23.7,7.6,0.89,56.6,2025,January,14
14-01-2025,West Bengal,132,Moderate,55,93.4,18.1,6.2,0.82,55.8,2025,January,14
15-01-2025,Andhra Pradesh,185,Moderate,74.8,142.4,27.2,10.1,1.11,51.7,2025,January,15
15-01-2025,Arunachal Pradesh,118,Moderate,44.6,94.5,16.2,5.9,0.69,56.8,2025,January,15
15-01-2025,Assam,192,Moderate,86.3,139.5,29.2,10.4,1.05,52,2025,January,15
15-01-2025,Bihar,152,Moderate,62.7,106.5,22.2,7.4,0.78,58.6,2025,January,15
15-01-2025,Chhattisgarh,160,Moderate,62.4,107.9,22.9,7.7,0.83,55.2,2025,January,15
15-01-2025,Goa,169,Moderate,75.2,122.8,25.3,7.6,0.85,56.7,2025,January,15
15-01-2025,Gujarat,146,Moderate,60.3,100.3,22.9,6.9,0.86,62.4,2025,January,15
15-01-2025,Haryana,130,Moderate,59.5,90.9,22.2,6.2,0.73,62.2,2025,January,15
15-01-2025,Himachal Pradesh,220,Poor,91.5,156.5,35.9,11.3,1.2,53.4,2025,January,15
15-01-2025,Jharkhand,212,Poor,93.1,160.5,35.2,11.4,1.23,50.7,2025,January,15
15-01-2025,Karnataka,141,Moderate,57.6,92.2,20.7,7.4,0.76,61.8,2025,January,15
15-01-2025,Kerala,194,Moderate,79.2,147.1,32.1,10.1,1.09,49.7,2025,January,15
15-01-2025,Madhya Pradesh,122,Moderate,45.9,85.5,19.1,5.8,0.6,59.7,2025,January,15
15-01-2025,Maharashtra,202,Poor,83.4,149.4,30.1,10.7,1.06,53.7,2025,January,15
15-01-2025,Manipur,180,Moderate,76.1,137.1,26.4,9.2,1.02,60,2025,January,15
15-01-2025,Meghalaya,143,Moderate,59.5,97.9,20.7,6.3,0.8,60.4,2025,January,15
15-01-2025,Mizoram,175,Moderate,75.8,122,30.5,9.6,0.98,60.9,2025,January,15
15-01-2025,Nagaland,198,Moderate,87.4,148.7,33.6,9.1,1.16,51.6,2025,January,15
15-01-2025,Odisha,189,Moderate,82.6,142.8,31.6,10.3,1.04,52.4,2025,January,15
15-01-2025,Punjab,206,Poor,84.7,158.3,30.7,9.4,1.17,48.9,2025,January,15
15-01-2025,Rajasthan,146,Moderate,60.8,107.8,24.5,7.3,0.89,56.2,2025,January,15
15-01-2025,Sikkim,207,Poor,84,142.3,32.4,10.8,1.13,52.4,2025,January,15
15-01-2025,Tamil Nadu,162,Moderate,63.2,118.5,28.9,7.3,0.91,61.3,2025,January,15
15-01-2025,Telangana,160,Moderate,67.5,110.1,25.8,8.8,0.81,59.4,2025,January,15
15-01-2025,Tripura,187,Moderate,78.7,126.5,29.8,9.3,0.94,56.3,2025,January,15
15-01-2025,Uttar Pradesh,215,Poor,90.2,150,36.7,9.8,1.18,49.4,2025,January,15
15-01-2025,Uttarakhand,133,Moderate,59.1,94.2,21.2,6.8,0.65,59,2025,January,15
15-01-2025,West Bengal,120,Moderate,53.6,87.9,20.9,6.4,0.62,56.6,2025,January,15
16-01-2025,Andhra Pradesh,169,Moderate,67.6,126.8,29.1,8,0.88,54.4,2025,January,16
16-01-2025,Arunachal Pradesh,141,Moderate,63.4,101,21.8,7.6,0.86,61.2,2025,January,16
16-01-2025,Assam,214,Poor,92.3,153.7,31.3,10.6,1.2,51,2025,January,16
16-01-2025,Bihar,168,Moderate,66.7,129.5,27,9,0.96,54.3,2025,January,16
16-01-2025,Chhattisgarh,139,Moderate,60.6,92.9,21,6.9,0.84,56,2025,January,16
16-01-2025,Goa,133,Moderate,59.7,97,22.9,5.8,0.64,62.7,2025,January,16
16-01-2025,Gujarat,169,Moderate,69.8,118.2,26.9,9.2,1.01,59.7,2025,January,16
16-01-2025,Haryana,123,Moderate,51.6,91,19.7,7.1,0.67,57.1,2025,January,16
16-01-2025,Himachal Pradesh,195,Moderate,84.8,146.5,29.7,9.1,0.99,58.8,2025,January,16
16-01-2025,Jharkhand,213,Poor,92.6,150.9,34,9.8,1.12,54.1,2025,January,16
16-01-2025,Karnataka,141,Moderate,58.2,109.6,22.4,6.6,0.87,57.2,2025,January,16
16-01-2025,Kerala,220,Poor,93.6,149.6,35,10.2,1.23,48.2,2025,January,16
16-01-2025,Madhya Pradesh,138,Moderate,63.1,105.9,24.2,7.6,0.81,61.3,2025,January,16
16-01-2025,Maharashtra,205,Poor,86.7,157.3,31.7,10,1.18,51.7,2025,January,16
16-01-2025,Manipur,223,Poor,93.1,154.1,36.1,10.8,1.25,55.4,2025,January,16
16-01-2025,Meghalaya,161,Moderate,65.7,117.5,26.1,8.5,0.92,59.4,2025,January,16
16-01-2025,Mizoram,169,Moderate,67.5,118.1,26.9,7.5,0.94,57.2,2025,January,16
16-01-2025,Nagaland,195,Moderate,77.9,133.3,32.5,10.2,1.08,55,2025,January,16
16-01-2025,Odisha,168,Moderate,72.2,122.6,27,8,1.02,55,2025,January,16
16-01-2025,Punjab,205,Poor,83.5,138.3,33.2,9.7,1.19,49.7,2025,January,16
16-01-2025,Rajasthan,159,Moderate,64.4,111.2,26.5,7.1,0.87,54.6,2025,January,16
16-01-2025,Sikkim,214,Poor,90.8,163,36.9,11.7,1.18,56.7,2025,January,16
16-01-2025,Tamil Nadu,161,Moderate,65.5,113,24.1,8.3,0.89,60.9,2025,January,16
16-01-2025,Telangana,168,Moderate,73.2,128.6,26,7.6,0.94,60.4,2025,January,16
16-01-2025,Tripura,211,Poor,93.4,146.9,36.1,9.6,1.24,50.3,2025,January,16
16-01-2025,Uttar Pradesh,223,Poor,93.9,153.9,36.9,10.4,1.15,55.7,2025,January,16
16-01-2025,Uttarakhand,132,Moderate,57.8,98.4,22.2,6.1,0.65,63.5,2025,January,16
16-01-2025,West Bengal,142,Moderate,63.2,108.9,25.7,7.2,0.85,59.1,2025,January,16
17-01-2025,Andhra Pradesh,189,Moderate,84.9,136.4,28.7,10.1,1.11,57.6,2025,January,17
17-01-2025,Arunachal Pradesh,155,Moderate,67.3,107.5,26.6,6.9,0.82,59,2025,January,17
17-01-2025,Assam,216,Poor,90.2,157.6,36.5,10.5,1.28,53.9,2025,January,17
17-01-2025,Bihar,140,Moderate,63.4,98.7,23.9,6.4,0.74,58.8,2025,January,17
17-01-2025,Chhattisgarh,172,Moderate,77.3,128.9,25.5,8.2,1.01,55.6,2025,January,17
17-01-2025,Goa,158,Moderate,64,119.5,26.1,7.9,0.84,55.9,2025,January,17
17-01-2025,Gujarat,144,Moderate,58.7,104.9,22.1,8.1,0.71,60.6,2025,January,17
17-01-2025,Haryana,120,Moderate,55.5,85.4,22,5.8,0.71,59.7,2025,January,17
17-01-2025,Himachal Pradesh,192,Moderate,75.4,148.1,28,9.9,1,51.1,2025,January,17
17-01-2025,Jharkhand,235,Poor,103.5,167.7,35.1,10.8,1.38,55.5,2025,January,17
17-01-2025,Karnataka,132,Moderate,50.9,98.4,20.3,6.6,0.68,61.3,2025,January,17
17-01-2025,Kerala,202,Poor,79.8,144.4,34.9,10.9,1.12,51.6,2025,January,17
17-01-2025,Madhya Pradesh,114,Moderate,52.1,86.7,18.7,5.5,0.54,65.1,2025,January,17
17-01-2025,Maharashtra,219,Poor,97.3,149.3,32.3,11,1.2,52.5,2025,January,17
17-01-2025,Manipur,228,Poor,97.8,157.3,33.5,11.5,1.34,50.5,2025,January,17
17-01-2025,Meghalaya,179,Moderate,72.9,129.1,30.9,8.3,1.04,56.7,2025,January,17
17-01-2025,Mizoram,170,Moderate,72.2,131.2,24.4,7.9,0.86,60.6,2025,January,17
17-01-2025,Nagaland,197,Moderate,87.3,139,33,10.4,1.08,53.8,2025,January,17
17-01-2025,Odisha,204,Poor,89.1,139.4,35.1,10.3,1.03,52.7,2025,January,17
17-01-2025,Punjab,213,Poor,90.4,162.6,31.1,10.3,1.09,55.4,2025,January,17
17-01-2025,Rajasthan,134,Moderate,56.3,89.5,19.9,5.7,0.78,60.5,2025,January,17
17-01-2025,Sikkim,179,Moderate,74.7,131,28.4,8.3,0.93,58,2025,January,17
17-01-2025,Tamil Nadu,178,Moderate,75.2,123.3,25.6,8.7,0.92,51.3,2025,January,17
17-01-2025,Telangana,162,Moderate,73.4,117.5,24.7,8.6,0.99,55.7,2025,January,17
17-01-2025,Tripura,212,Poor,90.2,160.2,35.3,10.1,1.18,55.1,2025,January,17
17-01-2025,Uttar Pradesh,221,Poor,91.5,159.9,34.5,10.1,1.25,50.9,2025,January,17
17-01-2025,Uttarakhand,171,Moderate,65.8,120.7,30.1,7.8,0.86,55.2,2025,January,17
17-01-2025,West Bengal,149,Moderate,65.5,113.3,25.3,7.8,0.73,54.4,2025,January,17
18-01-2025,Andhra Pradesh,188,Moderate,81.4,125.4,31.5,8.4,1.14,56,2025,January,18
18-01-2025,Arunachal Pradesh,124,Moderate,57.9,94.7,20.6,6.7,0.71,57.4,2025,January,18
18-01-2025,Assam,191,Moderate,75.3,134,29.3,9,1.12,49.8,2025,January,18
18-01-2025,Bihar,145,Moderate,64.9,110.2,22.4,8.1,0.88,61,2025,January,18
18-01-2025,Chhattisgarh,188,Moderate,78.7,128.5,28.3,10,1.14,54.4,2025,January,18
18-01-2025,Goa,145,Moderate,57.5,109.8,25.1,6.6,0.84,61,2025,January,18
18-01-2025,Gujarat,161,Moderate,73.4,108.5,26.8,8.8,0.95,53,2025,January,18
18-01-2025,Haryana,126,Moderate,49.2,91.5,22.7,5.7,0.71,60,2025,January,18
18-01-2025,Himachal Pradesh,234,Poor,98.6,166,38.2,11.7,1.26,51.9,2025,January,18
18-01-2025,Jharkhand,222,Poor,98.5,163.8,37.9,10.4,1.26,56.6,2025,January,18
18-01-2025,Karnataka,136,Moderate,55.5,90.2,23.9,6.1,0.69,61.7,2025,January,18
18-01-2025,Kerala,196,Moderate,77.6,143.6,33.9,9.9,1.1,49.8,2025,January,18
18-01-2025,Madhya Pradesh,146,Moderate,66.3,103.5,24.6,7.8,0.75,54.4,2025,January,18
18-01-2025,Maharashtra,173,Moderate,76.3,121.1,25,8.1,0.97,58.4,2025,January,18
18-01-2025,Manipur,198,Moderate,79.8,135.8,31.5,10.8,1.13,57.1,2025,January,18
18-01-2025,Meghalaya,154,Moderate,64.2,104.6,22.2,7.7,0.84,60.5,2025,January,18
18-01-2025,Mizoram,170,Moderate,73.9,130.5,28.5,9,1,60.6,2025,January,18
18-01-2025,Nagaland,187,Moderate,83.4,140.2,32.5,9.1,1.05,59.2,2025,January,18
18-01-2025,Odisha,187,Moderate,78.5,139,29.4,9.5,1.13,51,2025,January,18
18-01-2025,Punjab,187,Moderate,75.5,144.5,30.5,9.4,1,51.1,2025,January,18
18-01-2025,Rajasthan,159,Moderate,68.3,121.1,26,7.3,0.93,55,2025,January,18
18-01-2025,Sikkim,169,Moderate,67,123.3,29.1,8.7,1.03,55.2,2025,January,18
18-01-2025,Tamil Nadu,154,Moderate,58.7,119.7,26.9,8.1,0.85,60.7,2025,January,18
18-01-2025,Telangana,176,Moderate,74.6,135.4,27.8,9.1,0.97,60.7,2025,January,18
18-01-2025,Tripura,178,Moderate,73.6,123.8,28.4,8.7,1.04,58.5,2025,January,18
18-01-2025,Uttar Pradesh,232,Poor,96.2,158.2,35.7,11.2,1.36,48.3,2025,January,18
18-01-2025,Uttarakhand,168,Moderate,71.4,126,24.9,7.4,0.85,54.1,2025,January,18
18-01-2025,West Bengal,126,Moderate,47,89.9,18.3,5.7,0.7,63.4,2025,January,18
19-01-2025,Andhra Pradesh,211,Poor,89.1,152.6,34.7,10.6,1.11,54.5,2025,January,19
19-01-2025,Arunachal Pradesh,131,Moderate,56.5,98.5,22.5,6.7,0.8,64.2,2025,January,19
19-01-2025,Assam,183,Moderate,75.2,138.2,29.1,9.9,1.05,57,2025,January,19
19-01-2025,Bihar,184,Moderate,71.7,137.9,32.3,9.8,1.1,52,2025,January,19
19-01-2025,Chhattisgarh,161,Moderate,73.1,119.3,27.9,7.7,0.89,53.4,2025,January,19
19-01-2025,Goa,135,Moderate,62.3,104,23.3,5.8,0.82,57.2,2025,January,19
19-01-2025,Gujarat,132,Moderate,53.5,99.9,19.7,7.5,0.78,64.4,2025,January,19
19-01-2025,Haryana,131,Moderate,52.3,103.2,21.7,6.1,0.8,57.4,2025,January,19
19-01-2025,Himachal Pradesh,208,Poor,88.1,145.7,33.4,10.7,1.25,49.9,2025,January,19
19-01-2025,Jharkhand,235,Poor,95.9,164.4,34.7,11.2,1.31,54.8,2025,January,19
19-01-2025,Karnataka,161,Moderate,68.2,114.6,26.3,8.9,0.87,60.4,2025,January,19
19-01-2025,Kerala,219,Poor,94.9,163.2,33.7,10.2,1.27,51.6,2025,January,19
19-01-2025,Madhya Pradesh,127,Moderate,51.3,90.9,21.3,5.9,0.62,56.4,2025,January,19
19-01-2025,Maharashtra,183,Moderate,73.3,127.4,29.9,8.3,1.08,57,2025,January,19
19-01-2025,Manipur,192,Moderate,85.2,136.2,28.1,9.1,1.12,52.9,2025,January,19
19-01-2025,Meghalaya,185,Moderate,80.1,128.9,27.7,9.2,0.97,59.9,2025,January,19
19-01-2025,Mizoram,194,Moderate,86.1,130.3,29,10,1.09,51,2025,January,19
19-01-2025,Nagaland,195,Moderate,76.4,141.3,28.4,9.2,1.11,54.2,2025,January,19
19-01-2025,Odisha,166,Moderate,67.8,112.1,23.7,9.1,0.96,55.9,2025,January,19
19-01-2025,Punjab,224,Poor,96.5,161.2,37.8,11.2,1.24,51.9,2025,January,19
19-01-2025,Rajasthan,130,Moderate,49,89.8,19,6.8,0.73,60.3,2025,January,19
19-01-2025,Sikkim,196,Moderate,85.1,143.4,29.1,8.8,1.12,51.5,2025,January,19
19-01-2025,Tamil Nadu,159,Moderate,65.3,120.6,27,7.2,0.89,54.8,2025,January,19
19-01-2025,Telangana,175,Moderate,74.9,118.9,28.2,9.5,1.04,55.2,2025,January,19
19-01-2025,Tripura,177,Moderate,76.2,121.8,27.7,9.5,0.94,59.8,2025,January,19
19-01-2025,Uttar Pradesh,190,Moderate,76.8,138,30.7,9.8,0.98,56.7,2025,January,19
19-01-2025,Uttarakhand,134,Moderate,51.9,106.2,22.4,6.8,0.75,60.9,2025,January,19
19-01-2025,West Bengal,123,Moderate,46.4,93.6,18.3,5.7,0.71,64,2025,January,19
20-01-2025,Andhra Pradesh,188,Moderate,80.4,126,29.4,9.5,1.09,57,2025,January,20
20-01-2025,Arunachal Pradesh,139,Moderate,61.6,104.4,21.3,7.7,0.79,55.6,2025,January,20
20-01-2025,Assam,220,Poor,89.6,158.5,35.1,11.4,1.16,49.9,2025,January,20
20-01-2025,Bihar,154,Moderate,67.5,111.4,24.1,7.3,0.89,56.8,2025,January,20
20-01-2025,Chhattisgarh,151,Moderate,65.2,107.9,25.2,8.3,0.93,58,2025,January,20
20-01-2025,Goa,160,Moderate,66.8,121.7,23.1,7.7,0.89,61.4,2025,January,20
20-01-2025,Gujarat,138,Moderate,55.5,109,22.5,6.6,0.69,58.7,2025,January,20
20-01-2025,Haryana,116,Moderate,42.8,81,18.9,6,0.6,57.4,2025,January,20
20-01-2025,Himachal Pradesh,223,Poor,92.1,159.2,34.3,11,1.2,55.8,2025,January,20
20-01-2025,Jharkhand,228,Poor,100.8,155.8,36.2,11.9,1.31,54.2,2025,January,20
20-01-2025,Karnataka,134,Moderate,53.2,96.8,19,6,0.81,62.7,2025,January,20
20-01-2025,Kerala,197,Moderate,79.6,146.9,33.4,9.4,1.03,54.7,2025,January,20
20-01-2025,Madhya Pradesh,119,Moderate,47.4,95.3,18.7,5.6,0.67,64,2025,January,20
20-01-2025,Maharashtra,176,Moderate,74.5,125.3,28.8,8.2,1.03,51.3,2025,January,20
20-01-2025,Manipur,221,Poor,91.8,149.4,35.8,10.7,1.14,51,2025,January,20
20-01-2025,Meghalaya,159,Moderate,65.5,121.5,23.4,8.9,0.88,60.9,2025,January,20
20-01-2025,Mizoram,187,Moderate,75.8,139.8,32.3,8.8,1.07,55.6,2025,January,20
20-01-2025,Nagaland,191,Moderate,77.8,131,29.7,9.9,1.12,58.3,2025,January,20
20-01-2025,Odisha,210,Poor,90,147,30.8,10,1.17,50.8,2025,January,20
20-01-2025,Punjab,210,Poor,88.6,152.6,36.5,10.7,1.16,50.3,2025,January,20
20-01-2025,Rajasthan,115,Moderate,48.5,91.7,20.9,5.4,0.63,58.7,2025,January,20
20-01-2025,Sikkim,208,Poor,82,158,30.6,10.2,1.11,49.1,2025,January,20
20-01-2025,Tamil Nadu,160,Moderate,65.6,115,25.5,7.6,0.95,56,2025,January,20
20-01-2025,Telangana,184,Moderate,77.5,125.2,28.5,9.7,1.04,57.2,2025,January,20
20-01-2025,Tripura,218,Poor,96.7,165.8,34,10.6,1.17,53.3,2025,January,20
20-01-2025,Uttar Pradesh,200,Moderate,80.9,148,31.2,10.4,1.09,56.7,2025,January,20
20-01-2025,Uttarakhand,160,Moderate,62.3,108.6,28.5,7.2,0.88,59.7,2025,January,20
20-01-2025,West Bengal,118,Moderate,48.6,75.7,18.2,5.3,0.75,64.8,2025,January,20
21-01-2025,Andhra Pradesh,196,Moderate,79.2,146.9,29.9,10.7,1.01,56.5,2025,January,21
21-01-2025,Arunachal Pradesh,115,Moderate,46.1,82.5,17.5,5.9,0.66,57.4,2025,January,21
21-01-2025,Assam,175,Moderate,71.2,125.4,29.7,9.6,0.97,53.4,2025,January,21
21-01-2025,Bihar,160,Moderate,67.7,108.8,26.6,7.4,0.87,61,2025,January,21
21-01-2025,Chhattisgarh,164,Moderate,74.5,119,26.7,8.9,0.94,60.3,2025,January,21
21-01-2025,Goa,141,Moderate,56.4,106.6,20,6.6,0.71,62.7,2025,January,21
21-01-2025,Gujarat,165,Moderate,71.2,112.9,24,8.7,0.92,61.4,2025,January,21
21-01-2025,Haryana,147,Moderate,63.6,104.1,22.2,7.1,0.78,60.6,2025,January,21
21-01-2025,Himachal Pradesh,236,Poor,104.8,175.1,36.3,12.7,1.37,46.5,2025,January,21
21-01-2025,Jharkhand,207,Poor,87.6,146.5,31.8,10.6,1.16,53.3,2025,January,21
21-01-2025,Karnataka,156,Moderate,70.2,117.5,22.9,8.7,0.91,53.2,2025,January,21
21-01-2025,Kerala,220,Poor,97.3,148.5,32.9,10.2,1.17,52,2025,January,21
21-01-2025,Madhya Pradesh,132,Moderate,59.1,92.8,22.7,6.3,0.69,57.2,2025,January,21
21-01-2025,Maharashtra,176,Moderate,70.6,128.8,29.6,7.9,0.9,56.9,2025,January,21
21-01-2025,Manipur,211,Poor,93,151.6,32.9,10.2,1.2,57.3,2025,January,21
21-01-2025,Meghalaya,151,Moderate,64.6,112.9,24.2,8.5,0.85,53.8,2025,January,21
21-01-2025,Mizoram,203,Poor,85.7,155.5,34.7,10.2,1.14,54.7,2025,January,21
21-01-2025,Nagaland,194,Moderate,80.3,139.5,32.5,10.6,0.99,52.4,2025,January,21
21-01-2025,Odisha,165,Moderate,64.7,118.5,24,8,0.84,61.7,2025,January,21
21-01-2025,Punjab,184,Moderate,80.1,127.9,27.5,9.9,1.07,55.1,2025,January,21
21-01-2025,Rajasthan,121,Moderate,46.2,78.9,18.2,5.6,0.66,65.2,2025,January,21
21-01-2025,Sikkim,174,Moderate,76,118.7,29.4,9.2,0.96,56.3,2025,January,21
21-01-2025,Tamil Nadu,183,Moderate,71.9,136.6,29.5,9.8,1.07,57.7,2025,January,21
21-01-2025,Telangana,163,Moderate,64.5,118.7,23.2,7.6,0.94,53.6,2025,January,21
21-01-2025,Tripura,174,Moderate,75.2,133.3,29.7,8.6,0.88,55.1,2025,January,21
21-01-2025,Uttar Pradesh,220,Poor,86.6,165.7,32.8,10.1,1.19,48.7,2025,January,21
21-01-2025,Uttarakhand,145,Moderate,59.2,101.5,24.3,8.1,0.84,56.4,2025,January,21
21-01-2025,West Bengal,159,Moderate,71.3,119.1,25.1,8.7,0.85,54.3,2025,January,21
22-01-2025,Andhra Pradesh,175,Moderate,77,133.9,30.7,8.8,1.03,59.3,2025,January,22
22-01-2025,Arunachal Pradesh,153,Moderate,66.7,115.2,24.3,8.4,0.76,55.4,2025,January,22
22-01-2025,Assam,218,Poor,86.9,166.9,37.8,11.5,1.24,53.5,2025,January,22
22-01-2025,Bihar,166,Moderate,71.3,127.9,27.2,8,0.95,57.3,2025,January,22
22-01-2025,Chhattisgarh,166,Moderate,70.5,129.3,29.1,8.7,0.9,61.3,2025,January,22
22-01-2025,Goa,142,Moderate,59.3,100.2,25.3,7.3,0.77,54.7,2025,January,22
22-01-2025,Gujarat,172,Moderate,76.7,114.5,29.3,7.9,0.95,53.4,2025,January,22
22-01-2025,Haryana,149,Moderate,58.7,111,21.1,6.9,0.89,54.5,2025,January,22
22-01-2025,Himachal Pradesh,230,Poor,101.1,162.9,34.1,11.9,1.35,48,2025,January,22
22-01-2025,Jharkhand,199,Moderate,87.5,144.8,34,10.9,1.18,55.3,2025,January,22
22-01-2025,Karnataka,139,Moderate,53,109.7,24.8,7.8,0.71,61.2,2025,January,22
22-01-2025,Kerala,212,Poor,84.4,143.5,34.8,10.3,1.16,52.6,2025,January,22
22-01-2025,Madhya Pradesh,147,Moderate,65.1,108.8,22.2,7.1,0.79,54.8,2025,January,22
22-01-2025,Maharashtra,187,Moderate,78.8,133.5,28.4,9.5,0.97,56.3,2025,January,22
22-01-2025,Manipur,204,Poor,84.2,150.1,30.6,10.3,1.06,50.7,2025,January,22
22-01-2025,Meghalaya,166,Moderate,75.4,117.4,26.4,8.6,0.96,55.9,2025,January,22
22-01-2025,Mizoram,165,Moderate,71.2,109.2,26.2,7.3,0.85,55.9,2025,January,22
22-01-2025,Nagaland,191,Moderate,80,135.3,31.8,9,1.1,58.9,2025,January,22
22-01-2025,Odisha,175,Moderate,79.3,133.3,28.7,9,0.95,59.2,2025,January,22
22-01-2025,Punjab,189,Moderate,77.9,141.2,28.8,9.4,1.06,59.6,2025,January,22
22-01-2025,Rajasthan,131,Moderate,54.5,98.2,22.1,7.5,0.64,55.6,2025,January,22
22-01-2025,Sikkim,197,Moderate,81.1,144.9,34.1,10.1,1.15,53.4,2025,January,22
22-01-2025,Tamil Nadu,193,Moderate,76.5,134.5,30,9.6,1.02,55.6,2025,January,22
22-01-2025,Telangana,168,Moderate,64.7,119,26.7,9,0.89,52.3,2025,January,22
22-01-2025,Tripura,198,Moderate,79.4,135.6,34.7,10,1.15,58.9,2025,January,22
22-01-2025,Uttar Pradesh,210,Poor,92.1,155.4,33.4,10.3,1.09,53.3,2025,January,22
22-01-2025,Uttarakhand,141,Moderate,58.4,101,22.1,6.1,0.8,60.2,2025,January,22
22-01-2025,West Bengal,117,Moderate,55,83.3,16.9,5.5,0.65,62.9,2025,January,22
23-01-2025,Andhra Pradesh,216,Poor,94.8,164.4,37.4,10.2,1.12,53.8,2025,January,23
23-01-2025,Arunachal Pradesh,150,Moderate,61.6,110.6,24.4,7.5,0.74,54.9,2025,January,23
23-01-2025,Assam,180,Moderate,80,123.2,28.6,9.7,1.08,56.4,2025,January,23
23-01-2025,Bihar,139,Moderate,57.7,90.3,22.9,7.1,0.86,61.1,2025,January,23
23-01-2025,Chhattisgarh,181,Moderate,70.3,134.2,28.5,9.9,1.1,60.1,2025,January,23
23-01-2025,Goa,170,Moderate,72.3,125.1,26.2,8.5,0.85,52.6,2025,January,23
23-01-2025,Gujarat,174,Moderate,73.6,130.2,28.4,9.6,0.94,59.2,2025,January,23
23-01-2025,Haryana,154,Moderate,61.3,103.6,26.5,8.2,0.85,62,2025,January,23
23-01-2025,Himachal Pradesh,234,Poor,94.1,176.4,35.1,12.4,1.2,49.8,2025,January,23
23-01-2025,Jharkhand,238,Poor,102.1,164.5,35.7,12.2,1.28,48.8,2025,January,23
23-01-2025,Karnataka,168,Moderate,65.8,121.5,26.2,8.2,0.88,59.3,2025,January,23
23-01-2025,Kerala,222,Poor,89.2,163.9,36,12,1.27,55.7,2025,January,23
23-01-2025,Madhya Pradesh,159,Moderate,71.8,112.6,26,8.6,0.91,59.2,2025,January,23
23-01-2025,Maharashtra,204,Poor,89.9,146.9,30.3,10.1,1.13,54.8,2025,January,23
23-01-2025,Manipur,206,Poor,86.4,143.6,35.8,9.8,1.09,54.7,2025,January,23
23-01-2025,Meghalaya,151,Moderate,64.2,103.5,25,7.4,0.77,61.2,2025,January,23
23-01-2025,Mizoram,178,Moderate,72,123.4,26.5,8.1,0.89,51.9,2025,January,23
23-01-2025,Nagaland,191,Moderate,81,138.9,31.8,8.6,0.99,49.7,2025,January,23
23-01-2025,Odisha,201,Poor,78.5,139.4,30.1,10.1,1.18,56.1,2025,January,23
23-01-2025,Punjab,188,Moderate,83.3,140.7,30.9,10.2,1.09,52.3,2025,January,23
23-01-2025,Rajasthan,130,Moderate,58.6,83.6,18.2,5.8,0.7,64.4,2025,January,23
23-01-2025,Sikkim,200,Moderate,84.8,143.5,30.3,10.7,1.19,50.6,2025,January,23
23-01-2025,Tamil Nadu,199,Moderate,83,133.7,34.6,10.6,1.09,51.1,2025,January,23
23-01-2025,Telangana,159,Moderate,70.4,124.1,27.7,7.3,0.85,59.1,2025,January,23
23-01-2025,Tripura,191,Moderate,79.9,139.7,27.8,9.4,1.01,54,2025,January,23
23-01-2025,Uttar Pradesh,198,Moderate,82.9,138.5,29.6,10.5,1.05,54.8,2025,January,23
23-01-2025,Uttarakhand,130,Moderate,56.4,97.6,20.5,7.1,0.7,61.1,2025,January,23
23-01-2025,West Bengal,130,Moderate,60.4,98.4,18.4,5.9,0.76,59.8,2025,January,23
24-01-2025,Andhra Pradesh,209,Poor,87.1,156.1,33.4,9.5,1.21,53.5,2025,January,24
24-01-2025,Arunachal Pradesh,154,Moderate,65.3,108.6,25.5,8.3,0.95,54.3,2025,January,24
24-01-2025,Assam,189,Moderate,81.4,132.1,28.8,10,1.1,52.4,2025,January,24
24-01-2025,Bihar,137,Moderate,62.7,93.6,20,6.9,0.83,63.6,2025,January,24
24-01-2025,Chhattisgarh,145,Moderate,57.3,112.3,25.9,7.6,0.78,55.5,2025,January,24
24-01-2025,Goa,147,Moderate,67.6,97.9,21,8,0.74,53.3,2025,January,24
24-01-2025,Gujarat,136,Moderate,60.1,98.6,21.2,6.5,0.83,56.7,2025,January,24
24-01-2025,Haryana,124,Moderate,53.5,94.3,21.3,5.7,0.73,64,2025,January,24
24-01-2025,Himachal Pradesh,199,Moderate,83.5,150.8,33.3,10.2,1.08,55.1,2025,January,24
24-01-2025,Jharkhand,197,Moderate,77.4,142.9,29.3,9.8,1.14,50.6,2025,January,24
24-01-2025,Karnataka,144,Moderate,66.2,98.8,22.8,6.5,0.86,60.8,2025,January,24
24-01-2025,Kerala,221,Poor,96,165.4,34.1,11.6,1.19,50.1,2025,January,24
24-01-2025,Madhya Pradesh,161,Moderate,67,118.8,28,7.9,0.96,52.2,2025,January,24
24-01-2025,Maharashtra,176,Moderate,76.7,129.7,27.1,9.3,0.98,56.1,2025,January,24
24-01-2025,Manipur,222,Poor,94.9,157,35.8,10.2,1.28,55,2025,January,24
24-01-2025,Meghalaya,157,Moderate,71.1,111.6,25.7,7.4,0.9,58.6,2025,January,24
24-01-2025,Mizoram,188,Moderate,77.3,132.1,27.6,10.1,1.14,53.7,2025,January,24
24-01-2025,Nagaland,188,Moderate,82.2,126.6,27.9,10,1.01,58,2025,January,24
24-01-2025,Odisha,168,Moderate,68.8,125.4,26.2,9.1,0.97,55.4,2025,January,24
24-01-2025,Punjab,202,Poor,89.2,136.9,32,9.5,1.07,56,2025,January,24
24-01-2025,Rajasthan,127,Moderate,57,99.8,22.4,7.2,0.7,57.1,2025,January,24
24-01-2025,Sikkim,181,Moderate,70.9,127.8,27.1,9.2,0.93,54.3,2025,January,24
24-01-2025,Tamil Nadu,152,Moderate,60,107.2,25,8.4,0.88,55.8,2025,January,24
24-01-2025,Telangana,177,Moderate,78.4,123,27.2,9.2,1.06,51,2025,January,24
24-01-2025,Tripura,210,Poor,86.6,145.6,31.2,10.5,1.2,55.9,2025,January,24
24-01-2025,Uttar Pradesh,210,Poor,92.4,148.7,33.9,11.3,1.14,50.4,2025,January,24
24-01-2025,Uttarakhand,173,Moderate,67.8,128.2,27.3,9.6,1.04,58.5,2025,January,24
24-01-2025,West Bengal,148,Moderate,67.1,101.2,23.4,6.6,0.81,54.5,2025,January,24
25-01-2025,Andhra Pradesh,182,Moderate,81.2,126.2,27.5,9.2,1.05,56.1,2025,January,25
25-01-2025,Arunachal Pradesh,155,Moderate,70.6,114.9,24.2,7.8,0.86,55.8,2025,January,25
25-01-2025,Assam,223,Poor,96.9,161.3,35.1,10.5,1.26,50.4,2025,January,25
25-01-2025,Bihar,165,Moderate,68.5,119.8,26.5,8.5,0.98,57.8,2025,January,25
25-01-2025,Chhattisgarh,173,Moderate,70.4,117.9,26.7,8.3,0.93,59.4,2025,January,25
25-01-2025,Goa,169,Moderate,72.4,121.7,29.2,8,0.89,52.8,2025,January,25
25-01-2025,Gujarat,172,Moderate,69.6,133.2,25.7,8.2,1.04,52.4,2025,January,25
25-01-2025,Haryana,159,Moderate,61.3,107.2,24,7.8,0.82,53.9,2025,January,25
25-01-2025,Himachal Pradesh,218,Poor,86.5,150.4,36.5,10.7,1.28,55.5,2025,January,25
25-01-2025,Jharkhand,201,Poor,82.9,151.8,31.2,9.6,1.07,48.9,2025,January,25
25-01-2025,Karnataka,143,Moderate,54.1,103.2,22.7,6.3,0.85,59.2,2025,January,25
25-01-2025,Kerala,175,Moderate,74.2,132.2,27.4,8.2,1.02,55.5,2025,January,25
25-01-2025,Madhya Pradesh,155,Moderate,65.3,119.9,25.1,7.4,0.87,56.9,2025,January,25
25-01-2025,Maharashtra,201,Poor,78.6,151.4,32.1,11,1.1,52.6,2025,January,25
25-01-2025,Manipur,222,Poor,91.3,156.4,37.9,11.1,1.23,52,2025,January,25
25-01-2025,Meghalaya,181,Moderate,74.3,122.4,26.9,8.9,1.01,55.8,2025,January,25
25-01-2025,Mizoram,170,Moderate,67.3,124.6,27.4,9.1,0.94,55.2,2025,January,25
25-01-2025,Nagaland,187,Moderate,76.1,141,28.9,8.7,0.99,59.6,2025,January,25
25-01-2025,Odisha,202,Poor,85.4,152.3,32.5,10.8,1.11,55.8,2025,January,25
25-01-2025,Punjab,203,Poor,79.6,143,31.8,9.4,1.18,49.4,2025,January,25
25-01-2025,Rajasthan,160,Moderate,70.5,118.6,25.7,8.7,0.95,53.4,2025,January,25
25-01-2025,Sikkim,212,Poor,84.9,160.6,36.1,10.3,1.17,53.2,2025,January,25
25-01-2025,Tamil Nadu,198,Moderate,85.4,143.3,30.4,10.2,1.03,51.7,2025,January,25
25-01-2025,Telangana,183,Moderate,82.7,141.5,31,8.2,0.99,52.9,2025,January,25
25-01-2025,Tripura,197,Moderate,87.2,150.9,29.8,10,1.09,56.3,2025,January,25
25-01-2025,Uttar Pradesh,222,Poor,92.2,156.9,37.6,11.4,1.24,54.6,2025,January,25
25-01-2025,Uttarakhand,153,Moderate,68.1,116.7,22.3,6.8,0.88,56.1,2025,January,25
25-01-2025,West Bengal,127,Moderate,55,83.5,18.8,5.8,0.68,56.6,2025,January,25
26-01-2025,Andhra Pradesh,184,Moderate,80.9,136.6,31.3,8.7,0.96,56.3,2025,January,26
26-01-2025,Arunachal Pradesh,129,Moderate,56.7,100.6,21.2,7.4,0.65,56.5,2025,January,26
26-01-2025,Assam,192,Moderate,81.9,146.4,31.3,9.2,1.04,50.3,2025,January,26
26-01-2025,Bihar,154,Moderate,66.6,116.1,26.7,7.8,0.77,61.9,2025,January,26
26-01-2025,Chhattisgarh,180,Moderate,78.4,124.6,30.8,9.9,1.04,58.7,2025,January,26
26-01-2025,Goa,135,Moderate,59.6,89.7,24.2,5.8,0.68,57,2025,January,26
26-01-2025,Gujarat,164,Moderate,64.7,121.3,23.8,8.3,0.92,55,2025,January,26
26-01-2025,Haryana,152,Moderate,65.9,115.8,26,6.7,0.87,59.5,2025,January,26
26-01-2025,Himachal Pradesh,192,Moderate,74.7,137.8,30.8,9.3,1,55.6,2025,January,26
26-01-2025,Jharkhand,201,Poor,85.9,146.2,31.2,10.7,1.07,51.7,2025,January,26
26-01-2025,Karnataka,139,Moderate,53.7,90.7,20.7,6,0.7,62.8,2025,January,26
26-01-2025,Kerala,206,Poor,83,138.7,32.6,9.6,1.23,49.5,2025,January,26
26-01-2025,Madhya Pradesh,111,Moderate,47.3,86.9,14.9,5.4,0.71,57.2,2025,January,26
26-01-2025,Maharashtra,175,Moderate,71,126.6,30.1,8.5,1.05,57.5,2025,January,26
26-01-2025,Manipur,203,Poor,88.9,140.8,34.2,9.3,1.2,55.8,2025,January,26
26-01-2025,Meghalaya,146,Moderate,60.3,109.9,20.4,8.2,0.81,54.6,2025,January,26
26-01-2025,Mizoram,196,Moderate,84.5,132.7,29.8,9.1,1.09,55.5,2025,January,26
26-01-2025,Nagaland,184,Moderate,80.6,139.6,26.6,8.8,1.11,57.9,2025,January,26
26-01-2025,Odisha,179,Moderate,79,124.2,29.7,8.4,1.06,56.4,2025,January,26
26-01-2025,Punjab,211,Poor,87.6,151.2,36.4,10.1,1.13,52.7,2025,January,26
26-01-2025,Rajasthan,135,Moderate,55,99.7,24.1,7,0.84,55.8,2025,January,26
26-01-2025,Sikkim,178,Moderate,75.6,135.7,29.7,8.1,1.02,51.8,2025,January,26
26-01-2025,Tamil Nadu,155,Moderate,70.3,111.6,23.4,7.3,0.92,62.1,2025,January,26
26-01-2025,Telangana,160,Moderate,63,123.3,24,7.2,0.93,53.9,2025,January,26
26-01-2025,Tripura,174,Moderate,76.6,133.3,27.3,9.2,0.92,55,2025,January,26
26-01-2025,Uttar Pradesh,226,Poor,91.2,159.8,33.3,12.1,1.17,47.3,2025,January,26
26-01-2025,Uttarakhand,178,Moderate,69.2,120.7,28.4,9.7,1.07,59.1,2025,January,26
26-01-2025,West Bengal,112,Moderate,49.8,80.8,19.2,6.5,0.55,58.2,2025,January,26
27-01-2025,Andhra Pradesh,207,Poor,81.9,141.4,34.7,11.3,1.12,55.6,2025,January,27
27-01-2025,Arunachal Pradesh,118,Moderate,45.6,85.6,18.3,5.3,0.61,56.4,2025,January,27
27-01-2025,Assam,218,Poor,90.8,160.6,37.4,10.5,1.15,50.4,2025,January,27
27-01-2025,Bihar,163,Moderate,70.3,120.9,25.2,7.7,0.91,58.4,2025,January,27
27-01-2025,Chhattisgarh,143,Moderate,56,108.5,20,7.5,0.74,62.6,2025,January,27
27-01-2025,Goa,138,Moderate,56.7,95.8,22.8,7.3,0.81,57.5,2025,January,27
27-01-2025,Gujarat,176,Moderate,68,132,26.2,8.4,0.89,54,2025,January,27
27-01-2025,Haryana,142,Moderate,64.6,102.4,24.3,6.3,0.77,60,2025,January,27
27-01-2025,Himachal Pradesh,227,Poor,96.8,161.5,35.9,12.2,1.23,53.4,2025,January,27
27-01-2025,Jharkhand,219,Poor,87.5,152,32.4,11.8,1.32,49.4,2025,January,27
27-01-2025,Karnataka,132,Moderate,51.1,89.7,18.9,7.4,0.64,56.9,2025,January,27
27-01-2025,Kerala,194,Moderate,82.9,142.9,34,8.8,1.06,58.5,2025,January,27
27-01-2025,Madhya Pradesh,143,Moderate,60.3,103.1,25.8,7.4,0.78,54.7,2025,January,27
27-01-2025,Maharashtra,184,Moderate,72.6,139.3,30.8,9.7,1,54.8,2025,January,27
27-01-2025,Manipur,194,Moderate,86,149.5,29.2,9.3,1.05,52.7,2025,January,27
27-01-2025,Meghalaya,142,Moderate,62.6,104.9,24.3,6.8,0.83,55.4,2025,January,27
27-01-2025,Mizoram,186,Moderate,73.2,127.4,32.2,9.8,1.12,56.5,2025,January,27
27-01-2025,Nagaland,190,Moderate,80.9,129.9,28.7,8.5,0.98,50,2025,January,27
27-01-2025,Odisha,192,Moderate,76,138.2,31.8,8.6,1.16,56.1,2025,January,27
27-01-2025,Punjab,214,Poor,84.5,144.4,36.6,9.8,1.16,56.1,2025,January,27
27-01-2025,Rajasthan,133,Moderate,52,105.2,23.7,5.8,0.67,61.7,2025,January,27
27-01-2025,Sikkim,216,Poor,86.7,156.2,32,11.4,1.29,54,2025,January,27
27-01-2025,Tamil Nadu,163,Moderate,65.6,108.4,26.1,7.8,0.92,52.2,2025,January,27
27-01-2025,Telangana,145,Moderate,65.6,112.3,22.3,7.5,0.73,54.7,2025,January,27
27-01-2025,Tripura,180,Moderate,77.8,131.4,30.5,8.7,0.97,57.5,2025,January,27
27-01-2025,Uttar Pradesh,199,Moderate,85.9,147.3,33.1,10.6,1.15,54.5,2025,January,27
27-01-2025,Uttarakhand,136,Moderate,57.7,102.1,21.4,5.9,0.79,59.6,2025,January,27
27-01-2025,West Bengal,160,Moderate,64.4,124.6,23.9,7.8,0.89,56.4,2025,January,27
28-01-2025,Andhra Pradesh,182,Moderate,79.7,140.2,27.2,9.6,0.95,57.3,2025,January,28
28-01-2025,Arunachal Pradesh,120,Moderate,48.7,90.2,21.9,5.6,0.58,59.1,2025,January,28
28-01-2025,Assam,195,Moderate,87.5,132.6,33.2,9.5,1.14,55.3,2025,January,28
28-01-2025,Bihar,155,Moderate,63.4,113,25.1,7.6,0.94,53.4,2025,January,28
28-01-2025,Chhattisgarh,161,Moderate,63.7,110.2,25.8,7.5,0.84,53.3,2025,January,28
28-01-2025,Goa,146,Moderate,64.2,101.9,23,6.9,0.71,61,2025,January,28
28-01-2025,Gujarat,166,Moderate,69.8,126.4,26.5,8,1,56.7,2025,January,28
28-01-2025,Haryana,110,Moderate,40.4,83.1,14.9,5.6,0.65,58,2025,January,28
28-01-2025,Himachal Pradesh,235,Poor,100.6,162.9,40.3,11.3,1.21,52.4,2025,January,28
28-01-2025,Jharkhand,202,Poor,90,150.5,35,9.6,1.21,55.4,2025,January,28
28-01-2025,Karnataka,178,Moderate,75.1,130.7,28.6,9.3,1,54,2025,January,28
28-01-2025,Kerala,190,Moderate,85.5,142,32.6,9.1,1.02,53.4,2025,January,28
28-01-2025,Madhya Pradesh,147,Moderate,57.6,104.8,25.3,8.3,0.83,57.1,2025,January,28
28-01-2025,Maharashtra,200,Moderate,80.2,149.8,33.5,10.9,1.19,52,2025,January,28
28-01-2025,Manipur,186,Moderate,82.3,129.3,27,9.1,1.03,50.8,2025,January,28
28-01-2025,Meghalaya,159,Moderate,69.7,106,28.3,7.6,0.98,59.1,2025,January,28
28-01-2025,Mizoram,195,Moderate,81.4,137.3,29.5,10.3,1,53.6,2025,January,28
28-01-2025,Nagaland,220,Poor,87.1,162.4,34.5,11.3,1.24,52.3,2025,January,28
28-01-2025,Odisha,193,Moderate,83.7,140.1,30.9,10.2,1.16,56.2,2025,January,28
28-01-2025,Punjab,218,Poor,85.9,162.9,35.9,10.9,1.2,54,2025,January,28
28-01-2025,Rajasthan,125,Moderate,52.6,82.2,17.3,5.9,0.73,62.1,2025,January,28
28-01-2025,Sikkim,200,Moderate,82.6,139.7,30.1,9.9,1.03,57.1,2025,January,28
28-01-2025,Tamil Nadu,201,Poor,87.8,148.3,30.5,10.6,1.2,52.9,2025,January,28
28-01-2025,Telangana,186,Moderate,84,142.8,30.5,9.4,0.98,59,2025,January,28
28-01-2025,Tripura,216,Poor,86.1,163.8,32.9,11.7,1.27,54,2025,January,28
28-01-2025,Uttar Pradesh,205,Poor,81.3,149,35.6,10.1,1.06,52.2,2025,January,28
28-01-2025,Uttarakhand,162,Moderate,62.2,108.1,25.1,8.1,0.81,58.1,2025,January,28
28-01-2025,West Bengal,139,Moderate,56.7,102.3,20.2,7.1,0.72,54.3,2025,January,28
29-01-2025,Andhra Pradesh,172,Moderate,74.4,121.5,25.3,9.1,0.89,52.2,2025,January,29
29-01-2025,Arunachal Pradesh,147,Moderate,58.5,113.4,23.8,8.1,0.76,55.6,2025,January,29
29-01-2025,Assam,184,Moderate,82,125.6,27.6,9.2,1.06,53.1,2025,January,29
29-01-2025,Bihar,140,Moderate,59.3,102.3,23.5,7.6,0.82,60.7,2025,January,29
29-01-2025,Chhattisgarh,182,Moderate,79.2,130.5,27.9,9.3,0.93,52.4,2025,January,29
29-01-2025,Goa,165,Moderate,64,120.4,27.4,8.7,0.87,54.7,2025,January,29
29-01-2025,Gujarat,144,Moderate,57.3,99.9,23.8,7.5,0.77,61.6,2025,January,29
29-01-2025,Haryana,134,Moderate,60.2,100.7,19.6,7.6,0.77,63.2,2025,January,29
29-01-2025,Himachal Pradesh,215,Poor,90.7,164.8,32.8,11.2,1.21,55.7,2025,January,29
29-01-2025,Jharkhand,235,Poor,93.3,177.2,36.7,11,1.31,52.1,2025,January,29
29-01-2025,Karnataka,161,Moderate,68.9,125.4,24.6,7.7,0.91,53,2025,January,29
29-01-2025,Kerala,221,Poor,93.1,166.4,33.3,11.8,1.3,53.9,2025,January,29
29-01-2025,Madhya Pradesh,123,Moderate,47.3,79,17.5,7.1,0.73,57.9,2025,January,29
29-01-2025,Maharashtra,192,Moderate,79.4,128.8,32.7,8.9,0.97,52,2025,January,29
29-01-2025,Manipur,188,Moderate,80.6,127.1,32.7,10.2,1.05,54.3,2025,January,29
29-01-2025,Meghalaya,187,Moderate,75.2,132.8,31.1,8.7,1.01,53.5,2025,January,29
29-01-2025,Mizoram,171,Moderate,66.9,124,26.1,9.3,0.94,55.3,2025,January,29
29-01-2025,Nagaland,216,Poor,92.6,164.1,34.7,11.2,1.17,55.9,2025,January,29
29-01-2025,Odisha,184,Moderate,77.3,132.2,31,8.8,1.07,52.6,2025,January,29
29-01-2025,Punjab,228,Poor,91.9,154.6,33.9,11.3,1.31,48.1,2025,January,29
29-01-2025,Rajasthan,123,Moderate,47.5,85.5,19,5.2,0.69,62.9,2025,January,29
29-01-2025,Sikkim,208,Poor,83.8,142.5,34.6,9.9,1.13,53.2,2025,January,29
29-01-2025,Tamil Nadu,178,Moderate,79.3,133,31,8.6,0.96,56.2,2025,January,29
29-01-2025,Telangana,166,Moderate,69.9,111.6,27.4,9.1,0.85,53.8,2025,January,29
29-01-2025,Tripura,196,Moderate,76.7,133.9,33,9.6,1.1,55.7,2025,January,29
29-01-2025,Uttar Pradesh,216,Poor,90,160.7,36.6,10.7,1.15,51.2,2025,January,29
29-01-2025,Uttarakhand,134,Moderate,52.5,98.6,23,6.8,0.74,56.9,2025,January,29
29-01-2025,West Bengal,113,Moderate,51.1,89.1,20.9,6.6,0.62,64.3,2025,January,29
30-01-2025,Andhra Pradesh,205,Poor,86.6,154.4,30.6,9.6,1.15,50.6,2025,January,30
30-01-2025,Arunachal Pradesh,121,Moderate,55.7,82.9,19.1,6.6,0.63,58,2025,January,30
30-01-2025,Assam,197,Moderate,78.1,141.5,29.4,10.7,1.14,56,2025,January,30
30-01-2025,Bihar,175,Moderate,75.4,119.5,26.2,8.1,1,51.4,2025,January,30
30-01-2025,Chhattisgarh,158,Moderate,67.3,110.8,23.6,8,0.93,59.3,2025,January,30
30-01-2025,Goa,156,Moderate,67,122,26.4,6.9,0.82,54.2,2025,January,30
30-01-2025,Gujarat,160,Moderate,72.9,118.4,27.7,7.2,0.82,59.9,2025,January,30
30-01-2025,Haryana,151,Moderate,66.4,112.7,23.1,7.2,0.77,62.7,2025,January,30
30-01-2025,Himachal Pradesh,238,Poor,99,180.9,36.3,12.1,1.32,50.1,2025,January,30
30-01-2025,Jharkhand,217,Poor,88,158.3,36.7,10.8,1.25,52.5,2025,January,30
30-01-2025,Karnataka,145,Moderate,66.5,113.4,25.4,7.5,0.89,58.5,2025,January,30
30-01-2025,Kerala,209,Poor,93.7,142.1,33.3,9.7,1.12,57.8,2025,January,30
30-01-2025,Madhya Pradesh,117,Moderate,51,90.8,20.5,5.5,0.61,56.1,2025,January,30
30-01-2025,Maharashtra,186,Moderate,77.1,135.4,32.1,10,1.05,50.2,2025,January,30
30-01-2025,Manipur,187,Moderate,75.1,130,31.2,8.7,0.94,51.5,2025,January,30
30-01-2025,Meghalaya,179,Moderate,79.1,124.4,27.4,9.4,0.99,53.7,2025,January,30
30-01-2025,Mizoram,163,Moderate,73.7,125.3,28.7,7.9,0.9,54.5,2025,January,30
30-01-2025,Nagaland,185,Moderate,81.7,137.5,31.9,10.1,1.04,58.6,2025,January,30
30-01-2025,Odisha,188,Moderate,84.4,144.6,29.4,8.9,0.98,51,2025,January,30
30-01-2025,Punjab,221,Poor,87.6,154.5,32.6,12,1.15,47.5,2025,January,30
30-01-2025,Rajasthan,162,Moderate,64.6,112.2,24.6,8.7,0.83,54,2025,January,30
30-01-2025,Sikkim,191,Moderate,78.1,135.7,31.8,10,1.14,59.5,2025,January,30
30-01-2025,Tamil Nadu,167,Moderate,69.3,130.2,26.5,9.3,1.02,54.6,2025,January,30
30-01-2025,Telangana,166,Moderate,75.2,119.3,28.3,8.6,0.86,58,2025,January,30
30-01-2025,Tripura,216,Poor,92.4,155.1,35.6,10.8,1.2,54.2,2025,January,30
30-01-2025,Uttar Pradesh,213,Poor,93.6,146.6,32.6,10.5,1.14,52.3,2025,January,30
30-01-2025,Uttarakhand,156,Moderate,61.5,110,22.1,7.2,0.81,59.2,2025,January,30
30-01-2025,West Bengal,118,Moderate,52.6,75.4,20.6,5.1,0.74,64.1,2025,January,30
31-01-2025,Andhra Pradesh,168,Moderate,72.2,111.1,27.4,9.3,0.91,52.1,2025,January,31
31-01-2025,Arunachal Pradesh,131,Moderate,50.3,94.4,22.2,7.1,0.8,58.9,2025,January,31
31-01-2025,Assam,210,Poor,90.3,155.5,34.9,10.7,1.17,57.1,2025,January,31
31-01-2025,Bihar,172,Moderate,73,127.3,27.2,8.5,1.06,53.8,2025,January,31
31-01-2025,Chhattisgarh,160,Moderate,69.9,105.8,22.7,8.9,0.81,55.1,2025,January,31
31-01-2025,Goa,136,Moderate,52.3,93.2,23.2,6.8,0.85,60.9,2025,January,31
31-01-2025,Gujarat,129,Moderate,53.4,92.3,20.6,7.1,0.64,55,2025,January,31
31-01-2025,Haryana,152,Moderate,65.4,109.3,24.7,6.9,0.75,57.3,2025,January,31
31-01-2025,Himachal Pradesh,228,Poor,94.7,160.8,34.2,12.3,1.28,54.5,2025,January,31
31-01-2025,Jharkhand,197,Moderate,76.8,133.9,29.1,9.7,1.14,53.4,2025,January,31
31-01-2025,Karnataka,162,Moderate,67.2,124.4,27.6,7.8,0.89,56.8,2025,January,31
31-01-2025,Kerala,199,Moderate,80.2,150.8,34.8,10,1.05,57.9,2025,January,31
31-01-2025,Madhya Pradesh,149,Moderate,67.2,116.4,22.8,7,0.91,61.3,2025,January,31
31-01-2025,Maharashtra,196,Moderate,85.4,134.5,29.2,9.2,1.1,51.2,2025,January,31
31-01-2025,Manipur,221,Poor,89.8,153.4,34,10.6,1.28,53.6,2025,January,31
31-01-2025,Meghalaya,178,Moderate,77,132.9,30.3,8.7,0.99,53.1,2025,January,31
31-01-2025,Mizoram,178,Moderate,71.7,121.9,26.3,9.7,0.92,53.6,2025,January,31
31-01-2025,Nagaland,193,Moderate,76.1,131.1,28.5,8.8,1.03,54.7,2025,January,31
31-01-2025,Odisha,202,Poor,79.3,150.6,31.2,9.8,1.13,54.9,2025,January,31
31-01-2025,Punjab,226,Poor,90.1,155,34.4,10.6,1.34,50.1,2025,January,31
31-01-2025,Rajasthan,129,Moderate,53.6,92.7,21.9,6.6,0.66,57.7,2025,January,31
31-01-2025,Sikkim,208,Poor,90.1,146.5,31.1,11,1.15,57.2,2025,January,31
31-01-2025,Tamil Nadu,194,Moderate,84.1,148.5,28.4,9.6,1,51.2,2025,January,31
31-01-2025,Telangana,151,Moderate,68.8,103.8,26.1,6.7,0.91,54.8,2025,January,31
31-01-2025,Tripura,201,Poor,82.9,142.5,31.2,10.8,1.15,52,2025,January,31
31-01-2025,Uttar Pradesh,206,Poor,90.1,138.7,31.7,10,1.21,57.9,2025,January,31
31-01-2025,Uttarakhand,175,Moderate,73.8,118.6,27,8.6,1.02,54.6,2025,January,31
31-01-2025,West Bengal,155,Moderate,60.3,108.6,27.7,7,0.88,55.4,2025,January,31
01-02-2025,Andhra Pradesh,156,Moderate,70.5,114.4,25.4,7.1,0.8,62.4,2025,February,1
01-02-2025,Arunachal Pradesh,122,Moderate,45.4,91.2,20.5,5.6,0.59,63.8,2025,February,1
01-02-2025,Assam,152,Moderate,59.9,118.3,21.4,7.7,0.89,56.1,2025,February,1
01-02-2025,Bihar,159,Moderate,68.8,124,22.5,7,0.83,54.1,2025,February,1
01-02-2025,Chhattisgarh,128,Moderate,51.4,96.9,17.6,6.3,0.7,63.1,2025,February,1
01-02-2025,Goa,153,Moderate,59.4,105.9,22.2,7.4,0.88,58.3,2025,February,1
01-02-2025,Gujarat,110,Moderate,49.7,89.2,18.2,4.9,0.54,60,2025,February,1
01-02-2025,Haryana,120,Moderate,56.3,95.2,22,5.7,0.58,58.2,2025,February,1
01-02-2025,Himachal Pradesh,183,Moderate,78.8,139.4,27.3,8.9,1.06,52.2,2025,February,1
01-02-2025,Jharkhand,193,Moderate,76.7,137.7,30,10.6,1.1,58.8,2025,February,1
01-02-2025,Karnataka,141,Moderate,60.8,92,23,7.1,0.8,58.9,2025,February,1
01-02-2025,Kerala,153,Moderate,70.2,107.7,22.1,7.7,0.82,53.4,2025,February,1
01-02-2025,Madhya Pradesh,95,Satisfactory,44.2,67.4,13.4,5.4,0.55,58.1,2025,February,1
01-02-2025,Maharashtra,182,Moderate,75.4,131.9,28.2,8.5,0.99,50.5,2025,February,1
01-02-2025,Manipur,165,Moderate,68.3,128.6,25.3,7.5,0.99,61.1,2025,February,1
01-02-2025,Meghalaya,112,Moderate,44.4,89.6,20.4,5.6,0.68,63.5,2025,February,1
01-02-2025,Mizoram,141,Moderate,60.7,108.6,19.9,7.7,0.71,56.2,2025,February,1
01-02-2025,Nagaland,158,Moderate,66.4,104.5,27.3,8.6,0.89,58.6,2025,February,1
01-02-2025,Odisha,182,Moderate,75,127.3,30.3,8.6,1.04,57.2,2025,February,1
01-02-2025,Punjab,169,Moderate,69.7,114,26.8,7.7,0.88,55.8,2025,February,1
01-02-2025,Rajasthan,103,Moderate,48.5,81.7,14.4,4.2,0.48,64.9,2025,February,1
01-02-2025,Sikkim,145,Moderate,57.7,95.8,22.8,7.4,0.75,62.3,2025,February,1
01-02-2025,Tamil Nadu,136,Moderate,61.2,89,21.3,7.7,0.78,55.8,2025,February,1
01-02-2025,Telangana,149,Moderate,65.1,113.1,26.5,6.9,0.93,56.9,2025,February,1
01-02-2025,Tripura,151,Moderate,60.5,100.5,25.4,6.6,0.91,60,2025,February,1
01-02-2025,Uttar Pradesh,171,Moderate,72.7,130.4,28.6,8.6,0.91,60,2025,February,1
01-02-2025,Uttarakhand,124,Moderate,51.9,95.3,18.8,5.2,0.75,56.7,2025,February,1
01-02-2025,West Bengal,88,Satisfactory,35.7,67.7,14.8,3.5,0.5,64.5,2025,February,1
02-02-2025,Andhra Pradesh,155,Moderate,60.1,102.7,23.5,7.6,0.79,60,2025,February,2
02-02-2025,Arunachal Pradesh,93,Satisfactory,34.5,69,16.3,4.9,0.47,65.9,2025,February,2
02-02-2025,Assam,194,Moderate,84.1,136.8,33.7,10.1,1.11,50.9,2025,February,2
02-02-2025,Bihar,147,Moderate,63.5,103.1,23.9,8.2,0.77,56.2,2025,February,2
02-02-2025,Chhattisgarh,129,Moderate,58.5,100.3,22.3,6.4,0.66,57.7,2025,February,2
02-02-2025,Goa,109,Moderate,46.2,75.8,15.1,6.1,0.7,61.6,2025,February,2
02-02-2025,Gujarat,142,Moderate,64.4,105.9,22.7,6.7,0.7,61.7,2025,February,2
02-02-2025,Haryana,124,Moderate,46.9,97.9,20.2,5.7,0.61,64,2025,February,2
02-02-2025,Himachal Pradesh,201,Poor,84.6,146.2,32.1,10.8,1.18,54.8,2025,February,2
02-02-2025,Jharkhand,201,Poor,89.2,152.9,33.4,10.7,1.16,51.1,2025,February,2
02-02-2025,Karnataka,113,Moderate,49.3,83,19.8,4.8,0.54,64.7,2025,February,2
02-02-2025,Kerala,200,Moderate,80.1,135.5,33.7,10.9,1.18,50.2,2025,February,2
02-02-2025,Madhya Pradesh,115,Moderate,50,81.3,15.9,4.8,0.54,61.5,2025,February,2
02-02-2025,Maharashtra,183,Moderate,76.7,133.9,31.1,8.7,1.04,57.7,2025,February,2
02-02-2025,Manipur,173,Moderate,73.3,117.3,26.6,7.8,0.86,54.7,2025,February,2
02-02-2025,Meghalaya,162,Moderate,71.8,125.4,23.9,7.4,0.84,58.1,2025,February,2
02-02-2025,Mizoram,142,Moderate,65.2,106.8,21.7,7.4,0.87,57.7,2025,February,2
02-02-2025,Nagaland,186,Moderate,75.5,137.5,27,8.7,1.05,56,2025,February,2
02-02-2025,Odisha,184,Moderate,81.3,136,30,9.8,1.12,60,2025,February,2
02-02-2025,Punjab,182,Moderate,74,127.9,27,9.1,0.96,58,2025,February,2
02-02-2025,Rajasthan,120,Moderate,45.9,92.7,21.5,6,0.63,65,2025,February,2
02-02-2025,Sikkim,173,Moderate,73.4,133.3,29.4,8.8,0.95,51.7,2025,February,2
02-02-2025,Tamil Nadu,160,Moderate,70.4,107.8,23.8,7.4,0.86,58.2,2025,February,2
02-02-2025,Telangana,131,Moderate,50.9,97.2,18.8,5.9,0.81,60.3,2025,February,2
02-02-2025,Tripura,167,Moderate,65.1,112,29.2,8.1,0.83,60.6,2025,February,2
02-02-2025,Uttar Pradesh,186,Moderate,77.9,126.6,27.1,10,0.95,50.7,2025,February,2
02-02-2025,Uttarakhand,142,Moderate,62,101.7,23,6.9,0.78,62.5,2025,February,2
02-02-2025,West Bengal,136,Moderate,56.4,95.8,21.4,7.2,0.66,62.3,2025,February,2
03-02-2025,Andhra Pradesh,163,Moderate,66.2,108.3,23.5,7.8,0.96,52.8,2025,February,3
03-02-2025,Arunachal Pradesh,119,Moderate,50.3,83.1,18.9,6.9,0.67,65.1,2025,February,3
03-02-2025,Assam,180,Moderate,79.1,124.4,27.9,8.9,0.98,58,2025,February,3
03-02-2025,Bihar,120,Moderate,48.6,86.5,18.4,6.6,0.73,60.1,2025,February,3
03-02-2025,Chhattisgarh,139,Moderate,55.6,94.6,24,6.7,0.81,56.1,2025,February,3
03-02-2025,Goa,119,Moderate,44.9,93,19.4,5.3,0.72,59.8,2025,February,3
03-02-2025,Gujarat,125,Moderate,57.2,92.2,19.8,6,0.68,62.2,2025,February,3
03-02-2025,Haryana,101,Moderate,41.8,82.5,16.6,4.1,0.47,62.9,2025,February,3
03-02-2025,Himachal Pradesh,205,Poor,90.7,143,32.1,10.3,1.23,54.8,2025,February,3
03-02-2025,Jharkhand,165,Moderate,67.2,115.6,23.5,9.2,0.96,52.5,2025,February,3
03-02-2025,Karnataka,113,Moderate,45.7,74.6,16.9,5.9,0.7,61.3,2025,February,3
03-02-2025,Kerala,159,Moderate,72.6,113.9,24.9,7.1,0.8,58.7,2025,February,3
03-02-2025,Madhya Pradesh,128,Moderate,57.3,94.2,21.3,7.3,0.8,61.6,2025,February,3
03-02-2025,Maharashtra,149,Moderate,62.7,112.8,26.3,8.2,0.74,58.3,2025,February,3
03-02-2025,Manipur,181,Moderate,77.3,138,28.6,9,0.91,59.4,2025,February,3
03-02-2025,Meghalaya,158,Moderate,68.4,109.7,27.9,7.9,0.78,52.4,2025,February,3
03-02-2025,Mizoram,184,Moderate,80.3,138.2,26.8,8.5,1.09,54.9,2025,February,3
03-02-2025,Nagaland,163,Moderate,69.2,127.3,26.7,7.2,0.88,56.6,2025,February,3
03-02-2025,Odisha,184,Moderate,81.4,131.9,27.6,8.8,1.01,55.9,2025,February,3
03-02-2025,Punjab,207,Poor,83.3,150.8,30.8,10.8,1.16,49.6,2025,February,3
03-02-2025,Rajasthan,108,Moderate,46.6,71.8,16.6,5.9,0.57,56.6,2025,February,3
03-02-2025,Sikkim,154,Moderate,63.5,104.7,24.1,6.9,0.85,53.2,2025,February,3
03-02-2025,Tamil Nadu,145,Moderate,57,111.6,22.8,8.2,0.86,59.3,2025,February,3
03-02-2025,Telangana,122,Moderate,47,89.1,22.4,6.9,0.61,56.4,2025,February,3
03-02-2025,Tripura,165,Moderate,73.3,124.1,24.1,8,1.01,60.9,2025,February,3
03-02-2025,Uttar Pradesh,176,Moderate,78.6,128.3,25.2,9.4,0.89,59.4,2025,February,3
03-02-2025,Uttarakhand,153,Moderate,65.3,107.5,23.3,7.8,0.9,55.8,2025,February,3
03-02-2025,West Bengal,128,Moderate,52.6,83.4,19.5,6.2,0.75,64.7,2025,February,3
04-02-2025,Andhra Pradesh,169,Moderate,67.8,118.3,27.3,9.2,0.98,53.2,2025,February,4
04-02-2025,Arunachal Pradesh,87,Satisfactory,42.4,67.1,15.1,4.8,0.48,64.6,2025,February,4
04-02-2025,Assam,196,Moderate,83.5,144.6,33.5,10.5,1.08,52.3,2025,February,4
04-02-2025,Bihar,145,Moderate,59.5,108.3,24.5,6.5,0.71,62.6,2025,February,4
04-02-2025,Chhattisgarh,143,Moderate,56.6,112.8,22.7,7.2,0.88,61.8,2025,February,4
04-02-2025,Goa,142,Moderate,57.3,95.6,24.1,7.1,0.8,55.6,2025,February,4
04-02-2025,Gujarat,142,Moderate,60.3,104.7,23.8,6.7,0.77,59.3,2025,February,4
04-02-2025,Haryana,130,Moderate,58,88.5,20.1,6.9,0.74,57,2025,February,4
04-02-2025,Himachal Pradesh,179,Moderate,78.6,119.2,27,9.2,1,55.3,2025,February,4
04-02-2025,Jharkhand,205,Poor,87.4,141.1,33,11.1,1.21,53.4,2025,February,4
04-02-2025,Karnataka,116,Moderate,46.2,87,20,6.3,0.55,56.6,2025,February,4
04-02-2025,Kerala,174,Moderate,70.1,134.2,29.2,7.7,1.06,55.7,2025,February,4
04-02-2025,Madhya Pradesh,119,Moderate,55.1,77.7,22,6.6,0.65,59.2,2025,February,4
04-02-2025,Maharashtra,170,Moderate,75.1,122,29.6,7.6,0.89,52.3,2025,February,4
04-02-2025,Manipur,201,Poor,87.9,151.6,30.2,9.2,1.12,53.6,2025,February,4
04-02-2025,Meghalaya,136,Moderate,52.8,103.6,20.6,7.3,0.66,54.1,2025,February,4
04-02-2025,Mizoram,182,Moderate,75.3,139.3,28.7,8.5,1.01,59.5,2025,February,4
04-02-2025,Nagaland,158,Moderate,64.5,121.4,23.9,7.3,0.92,53.4,2025,February,4
04-02-2025,Odisha,149,Moderate,57.3,112.6,23.1,7.8,0.9,58.8,2025,February,4
04-02-2025,Punjab,176,Moderate,71.7,135.2,30.3,8.5,1.02,57.5,2025,February,4
04-02-2025,Rajasthan,107,Moderate,49.4,82,15.3,6,0.62,64.2,2025,February,4
04-02-2025,Sikkim,149,Moderate,66.7,110.6,24.4,7.3,0.75,53.2,2025,February,4
04-02-2025,Tamil Nadu,147,Moderate,55.9,101.9,22.2,8.1,0.86,60.7,2025,February,4
04-02-2025,Telangana,118,Moderate,47,80.3,16.1,5,0.7,56.2,2025,February,4
04-02-2025,Tripura,151,Moderate,61,101,25.5,6.7,0.92,57.1,2025,February,4
04-02-2025,Uttar Pradesh,194,Moderate,81.6,131.3,28.6,10,1.08,55.5,2025,February,4
04-02-2025,Uttarakhand,153,Moderate,59.2,109.3,22.4,8.1,0.77,54.5,2025,February,4
04-02-2025,West Bengal,105,Moderate,40.7,68.8,16.5,4.5,0.6,64.9,2025,February,4
05-02-2025,Andhra Pradesh,144,Moderate,61.3,107.1,23.7,8.1,0.74,55.1,2025,February,5
05-02-2025,Arunachal Pradesh,86,Satisfactory,41.2,68.7,11.8,4.1,0.4,65.8,2025,February,5
05-02-2025,Assam,186,Moderate,74.5,134.3,27.4,9,0.97,53.3,2025,February,5
05-02-2025,Bihar,151,Moderate,58.5,98.8,25.7,7.6,0.8,56.6,2025,February,5
05-02-2025,Chhattisgarh,123,Moderate,52.1,80.5,19.3,6.6,0.6,61.6,2025,February,5
05-02-2025,Goa,144,Moderate,54.9,109.4,21.4,6.6,0.9,54.6,2025,February,5
05-02-2025,Gujarat,142,Moderate,64.6,95.8,22,7.2,0.74,61.5,2025,February,5
05-02-2025,Haryana,95,Satisfactory,42.2,69.2,12.3,4.1,0.47,64.2,2025,February,5
05-02-2025,Himachal Pradesh,164,Moderate,64.1,113.6,28.9,8.4,0.96,60.2,2025,February,5
05-02-2025,Jharkhand,182,Moderate,75.5,129.1,28.6,10,1.07,51.8,2025,February,5
05-02-2025,Karnataka,153,Moderate,68.1,103.7,23.4,6.7,0.86,55.7,2025,February,5
05-02-2025,Kerala,192,Moderate,76.1,147.1,31.8,8.8,1.13,59.3,2025,February,5
05-02-2025,Madhya Pradesh,124,Moderate,46.6,89,20.1,6.7,0.68,57.1,2025,February,5
05-02-2025,Maharashtra,181,Moderate,72.8,135.3,31.7,8.4,0.94,53.6,2025,February,5
05-02-2025,Manipur,165,Moderate,71.7,120.5,25.7,9.1,0.98,56.2,2025,February,5
05-02-2025,Meghalaya,112,Moderate,50.1,74.8,18.9,5.3,0.63,60.9,2025,February,5
05-02-2025,Mizoram,160,Moderate,68.6,124.1,27.1,7.5,0.9,60.9,2025,February,5
05-02-2025,Nagaland,160,Moderate,66.4,120.3,26.6,7.2,0.88,53.3,2025,February,5
05-02-2025,Odisha,137,Moderate,59.8,106.5,24.4,5.9,0.78,63.2,2025,February,5
05-02-2025,Punjab,203,Poor,84.8,145.4,29.9,10.2,1.11,51.8,2025,February,5
05-02-2025,Rajasthan,100,Satisfactory,46.8,63.5,17.4,4.1,0.56,66.4,2025,February,5
05-02-2025,Sikkim,179,Moderate,76.6,122.6,30.8,9.1,0.92,60,2025,February,5
05-02-2025,Tamil Nadu,128,Moderate,56.4,84,22.4,6.2,0.74,56,2025,February,5
05-02-2025,Telangana,153,Moderate,61.8,117.8,24.9,7.4,0.94,61,2025,February,5
05-02-2025,Tripura,197,Moderate,77.8,135.7,31.3,9.4,1.17,49.7,2025,February,5
05-02-2025,Uttar Pradesh,196,Moderate,88.1,140.1,33,10.5,1.12,50.6,2025,February,5
05-02-2025,Uttarakhand,131,Moderate,55,96.7,21.7,6.6,0.7,59.1,2025,February,5
05-02-2025,West Bengal,132,Moderate,60.9,96.9,20.3,6.1,0.73,61.1,2025,February,5
06-02-2025,Andhra Pradesh,191,Moderate,77.3,130.9,28.7,8.7,1.03,57.4,2025,February,6
06-02-2025,Arunachal Pradesh,96,Satisfactory,41.1,76.6,16.8,4.5,0.6,61.7,2025,February,6
06-02-2025,Assam,184,Moderate,80,132.3,27.1,9.4,0.94,54.3,2025,February,6
06-02-2025,Bihar,125,Moderate,53.3,97.5,18.9,6.7,0.7,60.2,2025,February,6
06-02-2025,Chhattisgarh,151,Moderate,65.7,115.1,25.1,7,0.77,62.2,2025,February,6
06-02-2025,Goa,133,Moderate,57.9,96.7,23.5,6.1,0.82,63.6,2025,February,6
06-02-2025,Gujarat,114,Moderate,46.2,87.1,18.7,5.1,0.72,64.6,2025,February,6
06-02-2025,Haryana,129,Moderate,56.2,95.1,19.5,7.3,0.62,62.9,2025,February,6
06-02-2025,Himachal Pradesh,196,Moderate,85.5,138.1,34.3,10.2,1.15,54.5,2025,February,6
06-02-2025,Jharkhand,169,Moderate,73.5,121.8,26.2,8.3,0.86,53.9,2025,February,6
06-02-2025,Karnataka,129,Moderate,55.2,87.1,21.3,6.2,0.69,54.9,2025,February,6
06-02-2025,Kerala,159,Moderate,67.8,119.3,25.9,7.3,0.91,60.2,2025,February,6
06-02-2025,Madhya Pradesh,119,Moderate,50.6,76.6,16.2,6.4,0.76,62.2,2025,February,6
06-02-2025,Maharashtra,181,Moderate,80,128.4,29.3,9.4,1.04,59.1,2025,February,6
06-02-2025,Manipur,158,Moderate,64.5,122.8,23.3,7.4,0.91,57.3,2025,February,6
06-02-2025,Meghalaya,151,Moderate,62.8,110.6,22,7.1,0.92,60.1,2025,February,6
06-02-2025,Mizoram,142,Moderate,54.5,102.1,22,7,0.72,53.8,2025,February,6
06-02-2025,Nagaland,183,Moderate,76.8,124.4,29.9,9.7,0.99,53.4,2025,February,6
06-02-2025,Odisha,178,Moderate,80.2,136.5,28.3,8.6,0.92,53.9,2025,February,6
06-02-2025,Punjab,199,Moderate,79.8,147.9,29.8,10.1,1.04,57,2025,February,6
06-02-2025,Rajasthan,130,Moderate,56,102.9,23.4,7.1,0.79,57.1,2025,February,6
06-02-2025,Sikkim,188,Moderate,81.5,128.2,31,10.3,1.14,52.2,2025,February,6
06-02-2025,Tamil Nadu,159,Moderate,61.2,114.4,24.9,7.3,0.79,52.3,2025,February,6
06-02-2025,Telangana,137,Moderate,57.7,104.9,22.9,7.8,0.84,55.3,2025,February,6
06-02-2025,Tripura,179,Moderate,75.4,121.6,26.9,9.5,0.95,58.2,2025,February,6
06-02-2025,Uttar Pradesh,194,Moderate,77.6,142.5,33.1,9.8,1.04,49.6,2025,February,6
06-02-2025,Uttarakhand,123,Moderate,50.8,93.6,22.2,6.8,0.74,63.9,2025,February,6
06-02-2025,West Bengal,88,Satisfactory,33.9,68,13.3,4.7,0.46,63,2025,February,6
07-02-2025,Andhra Pradesh,145,Moderate,58.4,97.6,21.1,8.1,0.9,62.8,2025,February,7
07-02-2025,Arunachal Pradesh,125,Moderate,49.8,96.4,21.7,5.7,0.65,58,2025,February,7
07-02-2025,Assam,179,Moderate,71.2,137.5,30,9.2,0.9,52.5,2025,February,7
07-02-2025,Bihar,155,Moderate,61.4,116.9,24.8,8,0.81,58.5,2025,February,7
07-02-2025,Chhattisgarh,154,Moderate,64.4,120.9,23.7,8.2,0.77,60.9,2025,February,7
07-02-2025,Goa,106,Moderate,43.6,73.4,18.6,4.8,0.55,63,2025,February,7
07-02-2025,Gujarat,133,Moderate,51.5,90.4,18.7,7.2,0.82,56.5,2025,February,7
07-02-2025,Haryana,111,Moderate,45.2,71.9,20.5,5.4,0.65,62.1,2025,February,7
07-02-2025,Himachal Pradesh,202,Poor,80.7,153.8,31.6,10.6,1.21,49.1,2025,February,7
07-02-2025,Jharkhand,176,Moderate,79.5,124.6,25.6,8.8,0.94,57.6,2025,February,7
07-02-2025,Karnataka,115,Moderate,44.6,79.2,16.9,5.2,0.58,57.8,2025,February,7
07-02-2025,Kerala,159,Moderate,66.5,105.5,23.8,8.7,0.81,61,2025,February,7
07-02-2025,Madhya Pradesh,117,Moderate,44,75.4,20.3,6,0.64,61.4,2025,February,7
07-02-2025,Maharashtra,188,Moderate,80.6,144,30.1,10,1.1,54.2,2025,February,7
07-02-2025,Manipur,157,Moderate,62.8,107.2,25.1,8.3,0.83,54.8,2025,February,7
07-02-2025,Meghalaya,148,Moderate,58.1,112.3,23,8,0.83,54.2,2025,February,7
07-02-2025,Mizoram,183,Moderate,80.3,134.6,27.9,8.9,1.02,58.9,2025,February,7
07-02-2025,Nagaland,181,Moderate,78.7,131.2,26,9,0.92,52.1,2025,February,7
07-02-2025,Odisha,136,Moderate,58,101.5,24.1,7,0.83,59.2,2025,February,7
07-02-2025,Punjab,163,Moderate,65.6,124.1,24.7,8.8,0.85,60.6,2025,February,7
07-02-2025,Rajasthan,102,Moderate,48.8,78.1,14.9,4.6,0.65,63.1,2025,February,7
07-02-2025,Sikkim,162,Moderate,68.7,118.9,25.9,8.8,0.8,55.5,2025,February,7
07-02-2025,Tamil Nadu,171,Moderate,77.5,132.1,29,8.1,0.88,51.5,2025,February,7
07-02-2025,Telangana,161,Moderate,66.9,114.7,24.6,7.9,0.97,54.9,2025,February,7
07-02-2025,Tripura,165,Moderate,69.1,123.1,23.8,8.7,0.84,54.9,2025,February,7
07-02-2025,Uttar Pradesh,209,Poor,83.1,148.6,33.7,9.6,1.22,56.8,2025,February,7
07-02-2025,Uttarakhand,136,Moderate,62.6,107,22.8,7.4,0.79,58.1,2025,February,7
07-02-2025,West Bengal,93,Satisfactory,44.2,69.4,15,5.6,0.61,58.6,2025,February,7
08-02-2025,Andhra Pradesh,150,Moderate,68.8,115,24,7.5,0.86,58.7,2025,February,8
08-02-2025,Arunachal Pradesh,107,Moderate,39.9,73,18,4.6,0.5,57,2025,February,8
08-02-2025,Assam,159,Moderate,62.7,121.5,24.3,8.5,0.94,52.5,2025,February,8
08-02-2025,Bihar,162,Moderate,63.9,125.4,25,7.8,0.82,56.5,2025,February,8
08-02-2025,Chhattisgarh,158,Moderate,64,110,23.9,8.1,0.85,57.3,2025,February,8
08-02-2025,Goa,123,Moderate,51.1,97.3,17.8,5.8,0.61,61.3,2025,February,8
08-02-2025,Gujarat,138,Moderate,59.8,105.3,21,7.6,0.71,63.4,2025,February,8
08-02-2025,Haryana,92,Satisfactory,43.8,61.3,16.4,4.4,0.49,62.4,2025,February,8
08-02-2025,Himachal Pradesh,204,Poor,80.3,151.6,33.9,11.1,1.07,58.6,2025,February,8
08-02-2025,Jharkhand,204,Poor,81.5,139.6,35.1,9.9,1.16,53.6,2025,February,8
08-02-2025,Karnataka,133,Moderate,61.5,86.7,20.1,6,0.77,60.8,2025,February,8
08-02-2025,Kerala,167,Moderate,66.3,111.8,26.8,8.8,0.97,53.3,2025,February,8
08-02-2025,Madhya Pradesh,130,Moderate,49.1,88.1,21.4,6.5,0.79,56.8,2025,February,8
08-02-2025,Maharashtra,189,Moderate,81.3,142.6,28.1,8.8,1.15,50.6,2025,February,8
08-02-2025,Manipur,191,Moderate,75.1,134.6,33.5,8.9,1,50.3,2025,February,8
08-02-2025,Meghalaya,143,Moderate,63.7,104.5,20.5,7.4,0.77,59.7,2025,February,8
08-02-2025,Mizoram,171,Moderate,72.1,127.7,29,7.8,0.92,56.4,2025,February,8
08-02-2025,Nagaland,158,Moderate,69.7,112.4,23.8,8,0.96,59.6,2025,February,8
08-02-2025,Odisha,153,Moderate,59.4,119.5,27.4,7.5,0.81,53.8,2025,February,8
08-02-2025,Punjab,159,Moderate,63.6,117.3,26.7,7,0.92,56.4,2025,February,8
08-02-2025,Rajasthan,133,Moderate,59.8,98.4,23.7,6.4,0.67,55.5,2025,February,8
08-02-2025,Sikkim,162,Moderate,64.9,126.4,24.5,8.1,0.98,56.3,2025,February,8
08-02-2025,Tamil Nadu,168,Moderate,64.6,114.6,26.8,8.7,0.85,56.5,2025,February,8
08-02-2025,Telangana,143,Moderate,61.3,95,24.9,7,0.84,62.3,2025,February,8
08-02-2025,Tripura,184,Moderate,80.2,131.1,30.8,8.5,1.07,59.2,2025,February,8
08-02-2025,Uttar Pradesh,174,Moderate,68.2,128.6,28.1,8.7,0.99,52.1,2025,February,8
08-02-2025,Uttarakhand,117,Moderate,54.8,93.7,21.7,6.5,0.62,63.8,2025,February,8
08-02-2025,West Bengal,95,Satisfactory,41.7,71,16,4.2,0.6,62.6,2025,February,8
09-02-2025,Andhra Pradesh,172,Moderate,76,125.2,25.4,8,0.97,56.7,2025,February,9
09-02-2025,Arunachal Pradesh,120,Moderate,48.4,80.2,18.6,6.6,0.6,58.5,2025,February,9
09-02-2025,Assam,182,Moderate,72.4,129.3,27.6,8.6,0.95,55.8,2025,February,9
09-02-2025,Bihar,154,Moderate,67.4,120.4,21.7,7.7,0.87,57.5,2025,February,9
09-02-2025,Chhattisgarh,130,Moderate,57.9,92.9,19.5,6,0.74,57.3,2025,February,9
09-02-2025,Goa,131,Moderate,59.7,90.1,18.2,7.1,0.75,64.1,2025,February,9
09-02-2025,Gujarat,127,Moderate,57.9,93.3,18.5,7.1,0.69,57.3,2025,February,9
09-02-2025,Haryana,120,Moderate,55.4,80.5,21.3,5.8,0.72,58.3,2025,February,9
09-02-2025,Himachal Pradesh,206,Poor,85.1,146.1,33.4,9.6,1.23,55,2025,February,9
09-02-2025,Jharkhand,169,Moderate,69.8,122.3,24.6,9.3,0.99,52.2,2025,February,9
09-02-2025,Karnataka,125,Moderate,48.1,95.7,22.1,6.8,0.72,58.3,2025,February,9
09-02-2025,Kerala,161,Moderate,68.4,112.1,24.6,7.1,0.94,59.8,2025,February,9
09-02-2025,Madhya Pradesh,126,Moderate,48.6,89.9,22.3,6,0.75,62.9,2025,February,9
09-02-2025,Maharashtra,187,Moderate,84.3,134.2,32.1,9.3,0.97,52.3,2025,February,9
09-02-2025,Manipur,181,Moderate,73.4,131.5,29.7,9.4,1.06,55.4,2025,February,9
09-02-2025,Meghalaya,140,Moderate,61.2,102.9,22.2,7.7,0.86,57.4,2025,February,9
09-02-2025,Mizoram,171,Moderate,68.7,116.4,29,8.3,0.87,53.1,2025,February,9
09-02-2025,Nagaland,198,Moderate,86.4,141.6,29.4,10.7,1.02,50.7,2025,February,9
09-02-2025,Odisha,142,Moderate,57.7,109.3,22.6,7.4,0.73,58.9,2025,February,9
09-02-2025,Punjab,198,Moderate,83.6,142.1,29.7,10.4,1.1,51.9,2025,February,9
09-02-2025,Rajasthan,99,Satisfactory,40.3,67.4,14.9,5.3,0.54,60.4,2025,February,9
09-02-2025,Sikkim,192,Moderate,86.4,139.7,30.8,9.1,1.1,50.9,2025,February,9
09-02-2025,Tamil Nadu,128,Moderate,58.3,93.6,20.2,6.4,0.74,62.1,2025,February,9
09-02-2025,Telangana,153,Moderate,60.2,107.7,24.5,7.7,0.83,54.9,2025,February,9
09-02-2025,Tripura,147,Moderate,58.1,108.4,23.4,6.9,0.73,61.6,2025,February,9
09-02-2025,Uttar Pradesh,170,Moderate,69.3,127.9,28.7,9.2,0.88,52.1,2025,February,9
09-02-2025,Uttarakhand,139,Moderate,62.1,95.6,25.1,6.4,0.86,55.4,2025,February,9
09-02-2025,West Bengal,136,Moderate,55.5,107.1,24.2,6.6,0.77,54.9,2025,February,9
10-02-2025,Andhra Pradesh,155,Moderate,65.7,104.9,25.6,7.7,0.89,53.9,2025,February,10
10-02-2025,Arunachal Pradesh,135,Moderate,53.2,100.9,21.9,7.7,0.76,56,2025,February,10
10-02-2025,Assam,191,Moderate,80,135.3,29.8,10.4,1.12,55.5,2025,February,10
10-02-2025,Bihar,128,Moderate,53.3,94.6,19.8,6.7,0.68,58.8,2025,February,10
10-02-2025,Chhattisgarh,131,Moderate,57.6,98.5,20.5,6.9,0.77,57.3,2025,February,10
10-02-2025,Goa,150,Moderate,58,104.1,25.6,7.6,0.74,59,2025,February,10
10-02-2025,Gujarat,130,Moderate,50.1,84.6,18.4,7,0.63,63.6,2025,February,10
10-02-2025,Haryana,135,Moderate,61.9,107.2,23,7.1,0.8,57.6,2025,February,10
10-02-2025,Himachal Pradesh,189,Moderate,80.5,130.7,32.5,8.5,0.97,52.4,2025,February,10
10-02-2025,Jharkhand,200,Moderate,84.5,146.5,33.8,9.7,1.08,51.3,2025,February,10
10-02-2025,Karnataka,120,Moderate,50.5,95.7,21.3,5.9,0.58,61.4,2025,February,10
10-02-2025,Kerala,172,Moderate,74.4,115.1,28,8.2,1.03,52.6,2025,February,10
10-02-2025,Madhya Pradesh,95,Satisfactory,42.5,67.7,13.1,4.5,0.43,64.4,2025,February,10
10-02-2025,Maharashtra,150,Moderate,61.8,106.9,22.8,8,0.76,54.3,2025,February,10
10-02-2025,Manipur,192,Moderate,76.6,128.4,30.1,9.4,1,49.7,2025,February,10
10-02-2025,Meghalaya,123,Moderate,47.5,96,18.2,5.7,0.72,57.8,2025,February,10
10-02-2025,Mizoram,158,Moderate,71.5,115.5,23.1,7.4,0.83,55.5,2025,February,10
10-02-2025,Nagaland,174,Moderate,79,122.2,29.8,8.7,0.92,53,2025,February,10
10-02-2025,Odisha,154,Moderate,65.1,114.2,21.8,6.9,0.85,57,2025,February,10
10-02-2025,Punjab,185,Moderate,82.3,133.1,32.3,10.1,1.06,55.2,2025,February,10
10-02-2025,Rajasthan,132,Moderate,61.4,95.7,21.1,6.5,0.65,55.8,2025,February,10
10-02-2025,Sikkim,173,Moderate,66.9,124.2,24.9,9,0.99,54.9,2025,February,10
10-02-2025,Tamil Nadu,169,Moderate,75.8,115,29.6,7.6,0.85,54.9,2025,February,10
10-02-2025,Telangana,119,Moderate,54,84.5,17.8,6,0.73,62.8,2025,February,10
10-02-2025,Tripura,188,Moderate,77.9,131.8,27.8,8.7,1.07,56.4,2025,February,10
10-02-2025,Uttar Pradesh,204,Poor,80.5,153.5,33.6,11.2,1.2,51.8,2025,February,10
10-02-2025,Uttarakhand,137,Moderate,62.1,102.2,23.5,7.3,0.81,54.4,2025,February,10
10-02-2025,West Bengal,133,Moderate,60.7,100.4,23.9,5.7,0.72,60,2025,February,10
11-02-2025,Andhra Pradesh,145,Moderate,57.4,101.4,23.6,6.6,0.8,54.9,2025,February,11
11-02-2025,Arunachal Pradesh,126,Moderate,55.3,82.7,23.2,5.4,0.77,56.2,2025,February,11
11-02-2025,Assam,162,Moderate,67.4,106.7,26.9,7.9,0.81,54.8,2025,February,11
11-02-2025,Bihar,123,Moderate,54,92.7,20.6,6.2,0.59,62.8,2025,February,11
11-02-2025,Chhattisgarh,152,Moderate,60.8,100.9,23.1,8.4,0.88,59.1,2025,February,11
11-02-2025,Goa,118,Moderate,54.6,94.4,17.4,5.6,0.75,60.9,2025,February,11
11-02-2025,Gujarat,108,Moderate,47.8,67.9,19.1,5.9,0.57,65.4,2025,February,11
11-02-2025,Haryana,113,Moderate,50.4,88.8,16,5.1,0.6,63.4,2025,February,11
11-02-2025,Himachal Pradesh,196,Moderate,87.6,148.1,31.5,10.1,1.14,50.9,2025,February,11
11-02-2025,Jharkhand,189,Moderate,75.8,140.9,28.1,9.3,1.06,51.4,2025,February,11
11-02-2025,Karnataka,129,Moderate,57.2,88.6,22.9,7.1,0.8,61,2025,February,11
11-02-2025,Kerala,185,Moderate,71.9,141.4,26.8,8.5,1.08,58.9,2025,February,11
11-02-2025,Madhya Pradesh,88,Satisfactory,33.3,62.9,14.9,4.9,0.53,61.8,2025,February,11
11-02-2025,Maharashtra,165,Moderate,73.9,111.2,28.4,8.2,0.92,57,2025,February,11
11-02-2025,Manipur,189,Moderate,78.5,128.1,31.3,10.4,0.99,57.9,2025,February,11
11-02-2025,Meghalaya,144,Moderate,55,106,22.7,6.8,0.89,61.9,2025,February,11
11-02-2025,Mizoram,170,Moderate,75.4,123,28.6,8.8,0.94,58.6,2025,February,11
11-02-2025,Nagaland,184,Moderate,81.8,124.1,27.3,8.5,1.03,51.8,2025,February,11
11-02-2025,Odisha,156,Moderate,64.4,116.7,24.9,6.9,0.82,54.9,2025,February,11
11-02-2025,Punjab,196,Moderate,84.7,136.8,31.1,10.7,1.09,57.6,2025,February,11
11-02-2025,Rajasthan,97,Satisfactory,41.5,77.2,17.3,3.9,0.53,60,2025,February,11
11-02-2025,Sikkim,159,Moderate,70.8,109,23.8,8.7,0.8,53,2025,February,11
11-02-2025,Tamil Nadu,158,Moderate,67.8,116.8,24,7.8,0.84,54.3,2025,February,11
11-02-2025,Telangana,120,Moderate,47.2,76.4,17.3,5.6,0.63,57.6,2025,February,11
11-02-2025,Tripura,183,Moderate,80.7,130.2,27.2,9.5,0.94,52.8,2025,February,11
11-02-2025,Uttar Pradesh,169,Moderate,71.6,123.6,26,7.6,0.84,58.5,2025,February,11
11-02-2025,Uttarakhand,136,Moderate,61,97.4,24.3,7.1,0.67,59.3,2025,February,11
11-02-2025,West Bengal,105,Moderate,44.9,79.6,16,5.4,0.64,64.9,2025,February,11
12-02-2025,Andhra Pradesh,151,Moderate,57.5,112.8,23.8,8.1,0.88,53.9,2025,February,12
12-02-2025,Arunachal Pradesh,106,Moderate,46.4,75.4,16.7,5.4,0.6,58.8,2025,February,12
12-02-2025,Assam,178,Moderate,72.6,130.2,27.9,9.4,1.02,55.4,2025,February,12
12-02-2025,Bihar,137,Moderate,56.2,96.7,21.4,7.7,0.82,63.8,2025,February,12
12-02-2025,Chhattisgarh,122,Moderate,50.8,95.5,17.9,5.9,0.63,57.6,2025,February,12
12-02-2025,Goa,106,Moderate,48.9,66.5,19,4.3,0.64,58.3,2025,February,12
12-02-2025,Gujarat,149,Moderate,61.7,102,24.9,8,0.88,57.4,2025,February,12
12-02-2025,Haryana,134,Moderate,52.9,101.8,19.2,7.5,0.74,56.1,2025,February,12
12-02-2025,Himachal Pradesh,195,Moderate,83.8,148,32.9,10.4,1.03,51.2,2025,February,12
12-02-2025,Jharkhand,197,Moderate,87.6,146.9,32.4,10.1,1.06,52.4,2025,February,12
12-02-2025,Karnataka,150,Moderate,68.8,106.9,25.8,7.8,0.85,56.7,2025,February,12
12-02-2025,Kerala,186,Moderate,83,134.4,31,8.6,0.97,55,2025,February,12
12-02-2025,Madhya Pradesh,116,Moderate,52.6,82.7,15.6,6.7,0.67,55.7,2025,February,12
12-02-2025,Maharashtra,176,Moderate,76.8,131.4,25.3,8.6,0.88,58,2025,February,12
12-02-2025,Manipur,170,Moderate,66.7,118,25.5,8.4,0.99,53.8,2025,February,12
12-02-2025,Meghalaya,143,Moderate,62.1,104.6,23.2,7.5,0.8,62,2025,February,12
12-02-2025,Mizoram,166,Moderate,70.8,119.2,25.9,8.3,0.88,59.1,2025,February,12
12-02-2025,Nagaland,187,Moderate,75.7,128.2,30.6,9.5,1.12,57.9,2025,February,12
12-02-2025,Odisha,157,Moderate,63.1,116.8,27,8.2,0.8,58.6,2025,February,12
12-02-2025,Punjab,168,Moderate,67.9,119,26.2,7.7,0.87,61,2025,February,12
12-02-2025,Rajasthan,136,Moderate,62.1,102.1,22.6,7.6,0.66,57.8,2025,February,12
12-02-2025,Sikkim,180,Moderate,79.2,138.9,29.8,8.8,0.98,57.8,2025,February,12
12-02-2025,Tamil Nadu,155,Moderate,62.9,120.4,27.2,8,0.85,60.8,2025,February,12
12-02-2025,Telangana,136,Moderate,59.2,105.6,20.4,6.1,0.79,61,2025,February,12
12-02-2025,Tripura,176,Moderate,73.3,128.9,30.7,9.2,0.99,55.7,2025,February,12
12-02-2025,Uttar Pradesh,176,Moderate,71.2,124.9,26.6,9.3,0.93,51.1,2025,February,12
12-02-2025,Uttarakhand,142,Moderate,57.5,96,21.9,7.7,0.8,63.2,2025,February,12
12-02-2025,West Bengal,96,Satisfactory,40.2,61.1,14,4.4,0.61,67.1,2025,February,12
13-02-2025,Andhra Pradesh,159,Moderate,64.1,121.2,23,8.4,0.81,58.5,2025,February,13
13-02-2025,Arunachal Pradesh,120,Moderate,48.4,77.4,20.6,6.5,0.61,64.9,2025,February,13
13-02-2025,Assam,183,Moderate,81,135.3,27.5,9.3,1.06,57.3,2025,February,13
13-02-2025,Bihar,161,Moderate,71.5,125.3,26,8,0.99,61.2,2025,February,13
13-02-2025,Chhattisgarh,132,Moderate,56.3,90.2,22.8,6.9,0.78,57.1,2025,February,13
13-02-2025,Goa,130,Moderate,50.8,89.1,23,5.5,0.68,57.9,2025,February,13
13-02-2025,Gujarat,127,Moderate,49.4,90.3,18.3,5.6,0.77,55.4,2025,February,13
13-02-2025,Haryana,126,Moderate,58,88.1,19.4,5.6,0.7,63.1,2025,February,13
13-02-2025,Himachal Pradesh,196,Moderate,84,149.8,31.1,10.2,0.99,53.9,2025,February,13
13-02-2025,Jharkhand,167,Moderate,70.3,113.1,27.2,7.5,0.88,59.5,2025,February,13
13-02-2025,Karnataka,106,Moderate,39.3,79,17.9,4.8,0.66,59.8,2025,February,13
13-02-2025,Kerala,182,Moderate,78.9,141,26.9,8.9,0.91,53.5,2025,February,13
13-02-2025,Madhya Pradesh,123,Moderate,47.3,91.4,22.2,5.4,0.64,59.8,2025,February,13
13-02-2025,Maharashtra,184,Moderate,73.9,129.1,28.6,8.5,0.98,53.3,2025,February,13
13-02-2025,Manipur,180,Moderate,73.8,120,31.1,9.8,1.06,56.8,2025,February,13
13-02-2025,Meghalaya,146,Moderate,59.3,95.2,26.2,7.8,0.9,54.4,2025,February,13
13-02-2025,Mizoram,166,Moderate,68.7,117.6,27,8.9,0.93,56.3,2025,February,13
13-02-2025,Nagaland,188,Moderate,79.7,128.3,29.1,8.8,1.14,57.4,2025,February,13
13-02-2025,Odisha,171,Moderate,74.5,115.2,26.9,7.7,0.87,61.3,2025,February,13
13-02-2025,Punjab,164,Moderate,67.2,121.1,23.5,7.2,0.97,59.9,2025,February,13
13-02-2025,Rajasthan,129,Moderate,56.2,97.1,19.6,6.2,0.73,60,2025,February,13
13-02-2025,Sikkim,162,Moderate,69.8,107.2,23.2,7.7,0.81,58.3,2025,February,13
13-02-2025,Tamil Nadu,152,Moderate,65.6,119.4,26.7,7.5,0.77,58.3,2025,February,13
13-02-2025,Telangana,124,Moderate,50.9,87.3,22.4,5.7,0.78,55.7,2025,February,13
13-02-2025,Tripura,187,Moderate,81.3,136,30.4,8.8,1.09,53.6,2025,February,13
13-02-2025,Uttar Pradesh,169,Moderate,69,130.5,29.1,8.1,0.9,60.9,2025,February,13
13-02-2025,Uttarakhand,137,Moderate,62.6,91.7,23,7.4,0.69,59.6,2025,February,13
13-02-2025,West Bengal,97,Satisfactory,36.4,70.2,15.4,5.1,0.6,58.4,2025,February,13
14-02-2025,Andhra Pradesh,142,Moderate,56.6,101.2,21.8,6.9,0.75,59,2025,February,14
14-02-2025,Arunachal Pradesh,128,Moderate,55,86.1,21.4,6.8,0.79,60.2,2025,February,14
14-02-2025,Assam,153,Moderate,66.3,107.7,24,7,0.79,61.5,2025,February,14
14-02-2025,Bihar,136,Moderate,51.6,89.8,20,7.6,0.66,57.9,2025,February,14
14-02-2025,Chhattisgarh,160,Moderate,68.6,119.5,23,7.1,0.85,54.5,2025,February,14
14-02-2025,Goa,113,Moderate,47.9,79.8,19.1,6.5,0.68,59.4,2025,February,14
14-02-2025,Gujarat,117,Moderate,48.6,80.1,18.1,6.8,0.65,63.9,2025,February,14
14-02-2025,Haryana,120,Moderate,53.7,81,18.5,6.4,0.57,56.3,2025,February,14
14-02-2025,Himachal Pradesh,211,Poor,93.4,147.6,31,9.7,1.16,49.7,2025,February,14
14-02-2025,Jharkhand,177,Moderate,74.4,118.4,29.3,8,0.97,59.6,2025,February,14
14-02-2025,Karnataka,117,Moderate,51.2,88.7,17,5.5,0.66,60.3,2025,February,14
14-02-2025,Kerala,166,Moderate,72.5,111.3,24.2,7.6,0.96,57.5,2025,February,14
14-02-2025,Madhya Pradesh,130,Moderate,59.5,92.2,18.6,5.8,0.72,63,2025,February,14
14-02-2025,Maharashtra,160,Moderate,61.6,114.5,25.5,8.2,0.97,57.3,2025,February,14
14-02-2025,Manipur,204,Poor,90.6,139.4,33.5,9.3,1.1,52.4,2025,February,14
14-02-2025,Meghalaya,121,Moderate,56.4,87.1,17.9,6.7,0.66,57.3,2025,February,14
14-02-2025,Mizoram,142,Moderate,59.5,110.9,20.9,6.9,0.82,61.4,2025,February,14
14-02-2025,Nagaland,166,Moderate,74.8,114.9,28.5,7.5,0.87,59,2025,February,14
14-02-2025,Odisha,166,Moderate,72.9,112.3,24.6,8.4,0.99,60.7,2025,February,14
14-02-2025,Punjab,175,Moderate,68,116.3,30.7,8.2,0.96,51.2,2025,February,14
14-02-2025,Rajasthan,137,Moderate,60.1,108,21.3,5.9,0.7,54.9,2025,February,14
14-02-2025,Sikkim,180,Moderate,77.2,131.8,27.5,9.7,1.04,53.6,2025,February,14
14-02-2025,Tamil Nadu,174,Moderate,75.1,131.6,26.9,7.8,0.94,55.4,2025,February,14
14-02-2025,Telangana,161,Moderate,62.4,114.9,27.3,7.4,0.91,57.4,2025,February,14
14-02-2025,Tripura,189,Moderate,77.4,144.8,32.8,8.5,1.02,56.6,2025,February,14
14-02-2025,Uttar Pradesh,199,Moderate,89.5,142.6,34.2,10.8,1.04,59,2025,February,14
14-02-2025,Uttarakhand,118,Moderate,46.6,87.5,16.2,6.5,0.65,64.4,2025,February,14
14-02-2025,West Bengal,111,Moderate,47.8,85.1,19.9,4.9,0.53,62.1,2025,February,14
15-02-2025,Andhra Pradesh,182,Moderate,78.5,139.4,31.7,9.8,1.11,51.8,2025,February,15
15-02-2025,Arunachal Pradesh,97,Satisfactory,39.8,63,16.3,5.4,0.61,59.9,2025,February,15
15-02-2025,Assam,174,Moderate,74.7,117,28.7,9.7,1.04,57.4,2025,February,15
15-02-2025,Bihar,128,Moderate,56.2,94.2,22.2,7,0.68,60.3,2025,February,15
15-02-2025,Chhattisgarh,145,Moderate,59.4,109.5,23.5,8.1,0.83,57.1,2025,February,15
15-02-2025,Goa,116,Moderate,50.5,87.2,18.1,6,0.64,64.2,2025,February,15
15-02-2025,Gujarat,109,Moderate,44.4,81.6,18.4,5.6,0.51,62.8,2025,February,15
15-02-2025,Haryana,111,Moderate,44.2,81.1,17,6.2,0.68,61.5,2025,February,15
15-02-2025,Himachal Pradesh,163,Moderate,71.3,115.3,28.8,8,0.94,59.3,2025,February,15
15-02-2025,Jharkhand,198,Moderate,88,141.9,31.3,10.7,1.06,54.6,2025,February,15
15-02-2025,Karnataka,148,Moderate,65.9,112.3,23.4,7.4,0.89,58.7,2025,February,15
15-02-2025,Kerala,200,Moderate,78.5,146.4,32.7,9.6,1.11,56.3,2025,February,15
15-02-2025,Madhya Pradesh,109,Moderate,40.3,79.1,15.5,4.8,0.56,56.7,2025,February,15
15-02-2025,Maharashtra,174,Moderate,77.5,120.1,27.8,9.2,0.98,53.6,2025,February,15
15-02-2025,Manipur,178,Moderate,79.6,123.5,25.7,9.2,0.97,57.3,2025,February,15
15-02-2025,Meghalaya,113,Moderate,48.5,85.5,15.3,5.3,0.6,61.8,2025,February,15
15-02-2025,Mizoram,172,Moderate,69.3,125.8,28.6,8.7,0.92,53,2025,February,15
15-02-2025,Nagaland,167,Moderate,73.1,111.2,28.8,8.8,0.92,52.5,2025,February,15
15-02-2025,Odisha,161,Moderate,64.5,109.4,24.7,7.9,0.98,52.4,2025,February,15
15-02-2025,Punjab,194,Moderate,81.9,147.5,33.6,10.7,1.07,50.5,2025,February,15
15-02-2025,Rajasthan,136,Moderate,58.4,100.5,22.8,6.4,0.71,57,2025,February,15
15-02-2025,Sikkim,151,Moderate,63.8,104.8,22.6,8,0.88,53.5,2025,February,15
15-02-2025,Tamil Nadu,156,Moderate,60.4,120.7,26.2,8.5,0.88,54.8,2025,February,15
15-02-2025,Telangana,118,Moderate,44,89.3,19,5.6,0.57,61,2025,February,15
15-02-2025,Tripura,186,Moderate,76.6,132.3,27.8,8.6,1.07,56.4,2025,February,15
15-02-2025,Uttar Pradesh,188,Moderate,75.9,142.3,29.9,9.2,1.07,58.6,2025,February,15
15-02-2025,Uttarakhand,110,Moderate,41.1,75.6,17.5,5.7,0.6,61.3,2025,February,15
15-02-2025,West Bengal,134,Moderate,59.9,102.9,19.2,6.4,0.67,58.1,2025,February,15
16-02-2025,Andhra Pradesh,141,Moderate,56.5,102.5,25.2,6.3,0.76,53.8,2025,February,16
16-02-2025,Arunachal Pradesh,105,Moderate,38.1,79.4,17.7,5.1,0.67,61.5,2025,February,16
16-02-2025,Assam,168,Moderate,71.3,114.5,24,9,0.95,60.2,2025,February,16
16-02-2025,Bihar,158,Moderate,69.7,122.4,22.7,7.5,0.9,61.5,2025,February,16
16-02-2025,Chhattisgarh,127,Moderate,57.9,96.9,20.3,6.3,0.68,57.9,2025,February,16
16-02-2025,Goa,140,Moderate,56.1,91.9,25,7.1,0.82,56,2025,February,16
16-02-2025,Gujarat,131,Moderate,60.7,99.7,19.4,5.9,0.71,56.4,2025,February,16
16-02-2025,Haryana,97,Satisfactory,37.7,62.9,16.4,3.9,0.46,60.1,2025,February,16
16-02-2025,Himachal Pradesh,191,Moderate,76.4,143.7,30.2,8.9,0.97,51.3,2025,February,16
16-02-2025,Jharkhand,176,Moderate,71,136.2,28.4,8.5,0.9,51.9,2025,February,16
16-02-2025,Karnataka,125,Moderate,46.5,85.4,22.5,6.1,0.61,63.2,2025,February,16
16-02-2025,Kerala,179,Moderate,78.2,130,25.9,9.5,1.09,52,2025,February,16
16-02-2025,Madhya Pradesh,129,Moderate,60,89.1,22.2,6.4,0.81,62.7,2025,February,16
16-02-2025,Maharashtra,188,Moderate,81.5,142.5,32.1,10.3,0.98,56.9,2025,February,16
16-02-2025,Manipur,175,Moderate,70.1,118.3,28.5,8.7,0.91,52,2025,February,16
16-02-2025,Meghalaya,124,Moderate,54.2,99,18.3,7.1,0.68,55.2,2025,February,16
16-02-2025,Mizoram,179,Moderate,81.1,129,26.4,9.3,0.91,52.2,2025,February,16
16-02-2025,Nagaland,190,Moderate,79.4,135,29.3,9.7,0.99,51.1,2025,February,16
16-02-2025,Odisha,170,Moderate,68.1,123.9,26.6,7.9,0.93,52.9,2025,February,16
16-02-2025,Punjab,170,Moderate,71.7,115.7,28.6,7.9,0.88,60.8,2025,February,16
16-02-2025,Rajasthan,95,Satisfactory,44.2,65.8,16.8,4.3,0.51,62.6,2025,February,16
16-02-2025,Sikkim,158,Moderate,70.8,111,22.4,7.5,0.86,57.8,2025,February,16
16-02-2025,Tamil Nadu,161,Moderate,66,114.1,26.7,8.9,0.88,55.7,2025,February,16
16-02-2025,Telangana,133,Moderate,55.4,94.3,23.4,6,0.78,59.1,2025,February,16
16-02-2025,Tripura,150,Moderate,57.7,99.8,21.9,6.7,0.89,55.3,2025,February,16
16-02-2025,Uttar Pradesh,193,Moderate,81.1,132,33.6,10.3,1.16,54.1,2025,February,16
16-02-2025,Uttarakhand,131,Moderate,54.6,91.9,23.2,6.6,0.67,56.7,2025,February,16
16-02-2025,West Bengal,127,Moderate,47.8,95.3,19.1,6.7,0.78,59.1,2025,February,16
17-02-2025,Andhra Pradesh,160,Moderate,68.5,124.3,25.7,8.7,0.93,61.8,2025,February,17
17-02-2025,Arunachal Pradesh,123,Moderate,50,96.6,17.6,5.9,0.65,63.3,2025,February,17
17-02-2025,Assam,191,Moderate,75.1,138.9,27.9,10.2,1.1,52.7,2025,February,17
17-02-2025,Bihar,131,Moderate,50.7,100.3,21.8,7.2,0.65,63.3,2025,February,17
17-02-2025,Chhattisgarh,145,Moderate,56.3,108.2,20.3,8.2,0.77,56.5,2025,February,17
17-02-2025,Goa,111,Moderate,44.9,76.7,16.8,4.7,0.6,59.2,2025,February,17
17-02-2025,Gujarat,132,Moderate,56.9,92,20.3,7.3,0.78,64.1,2025,February,17
17-02-2025,Haryana,123,Moderate,52.1,82.1,16.9,7.1,0.72,63.6,2025,February,17
17-02-2025,Himachal Pradesh,194,Moderate,84.1,134.1,34,9.6,1.08,50.8,2025,February,17
17-02-2025,Jharkhand,207,Poor,81.9,149.9,30.6,10.8,1.1,56.2,2025,February,17
17-02-2025,Karnataka,119,Moderate,51.7,83.9,19.7,6.5,0.63,59.4,2025,February,17
17-02-2025,Kerala,184,Moderate,76.7,138.4,27.4,8.8,0.99,51.6,2025,February,17
17-02-2025,Madhya Pradesh,134,Moderate,56.1,105.1,23.8,5.9,0.73,54.3,2025,February,17
17-02-2025,Maharashtra,163,Moderate,66.1,115.2,28.5,7.7,0.94,57.6,2025,February,17
17-02-2025,Manipur,155,Moderate,61.7,117.4,25.3,7.9,0.78,53.6,2025,February,17
17-02-2025,Meghalaya,134,Moderate,61.9,86.6,20.2,7.6,0.68,55.4,2025,February,17
17-02-2025,Mizoram,184,Moderate,81,140.5,28.8,8.9,0.95,53,2025,February,17
17-02-2025,Nagaland,179,Moderate,79.2,128.5,26.4,9.3,0.98,53.9,2025,February,17
17-02-2025,Odisha,153,Moderate,61.1,112.9,25.5,8.1,0.93,53.9,2025,February,17
17-02-2025,Punjab,184,Moderate,71.3,129.9,27.4,10,1.07,52.1,2025,February,17
17-02-2025,Rajasthan,135,Moderate,56.2,91,21.3,6.4,0.73,58.3,2025,February,17
17-02-2025,Sikkim,145,Moderate,59.7,113.6,22.3,8,0.71,56.2,2025,February,17
17-02-2025,Tamil Nadu,153,Moderate,63.6,119.3,27,8,0.86,53.2,2025,February,17
17-02-2025,Telangana,123,Moderate,49,87.8,22,5.3,0.76,64.2,2025,February,17
17-02-2025,Tripura,166,Moderate,70.1,118.4,25,8.9,0.86,56,2025,February,17
17-02-2025,Uttar Pradesh,198,Moderate,88.2,146.4,28.7,10.3,1.1,51.8,2025,February,17
17-02-2025,Uttarakhand,111,Moderate,50.1,71.7,19.1,5.3,0.56,64,2025,February,17
17-02-2025,West Bengal,113,Moderate,45.1,75.5,19.7,4.7,0.57,61.1,2025,February,17
18-02-2025,Andhra Pradesh,154,Moderate,59.5,114.8,23.1,8.1,0.78,57,2025,February,18
18-02-2025,Arunachal Pradesh,93,Satisfactory,43.9,68.7,16,5.6,0.48,60,2025,February,18
18-02-2025,Assam,157,Moderate,68.1,107.1,22.9,8.6,0.92,59.3,2025,February,18
18-02-2025,Bihar,117,Moderate,48.9,90.6,21.4,5.7,0.67,55.7,2025,February,18
18-02-2025,Chhattisgarh,121,Moderate,48.3,90,20.1,5.9,0.67,65.2,2025,February,18
18-02-2025,Goa,155,Moderate,68.9,103.7,27.4,6.8,0.81,56.8,2025,February,18
18-02-2025,Gujarat,137,Moderate,55.9,89.6,19,6.3,0.69,54.5,2025,February,18
18-02-2025,Haryana,99,Satisfactory,38.8,66.6,18.3,4.1,0.51,66.9,2025,February,18
18-02-2025,Himachal Pradesh,166,Moderate,74.7,118.3,25.2,8,0.95,60.4,2025,February,18
18-02-2025,Jharkhand,203,Poor,83.4,155.5,30.8,10.9,1.04,50.5,2025,February,18
18-02-2025,Karnataka,152,Moderate,62.1,116.9,24.3,8.1,0.89,61.3,2025,February,18
18-02-2025,Kerala,150,Moderate,66.4,116.3,22.1,8,0.79,53.3,2025,February,18
18-02-2025,Madhya Pradesh,91,Satisfactory,33.1,74.7,13.7,4.5,0.43,65.9,2025,February,18
18-02-2025,Maharashtra,153,Moderate,61.6,119.1,25.6,8.5,0.77,54,2025,February,18
18-02-2025,Manipur,171,Moderate,70.7,116.2,26.7,9.2,0.96,59.7,2025,February,18
18-02-2025,Meghalaya,137,Moderate,58.8,90.7,19.2,6.9,0.76,61.8,2025,February,18
18-02-2025,Mizoram,188,Moderate,74.4,135.9,32.4,9.2,0.96,51.7,2025,February,18
18-02-2025,Nagaland,164,Moderate,69.5,122.9,23.6,8,0.95,51.9,2025,February,18
18-02-2025,Odisha,165,Moderate,70.2,116.8,26.4,9,1,56.2,2025,February,18
18-02-2025,Punjab,162,Moderate,64.4,122.9,26.7,7.3,0.83,56.6,2025,February,18
18-02-2025,Rajasthan,120,Moderate,55.5,84.1,19.2,5.8,0.66,60.4,2025,February,18
18-02-2025,Sikkim,187,Moderate,80.7,140.7,29.6,8.6,1.13,56.4,2025,February,18
18-02-2025,Tamil Nadu,134,Moderate,56.2,91.8,20.7,7.1,0.78,63.3,2025,February,18
18-02-2025,Telangana,123,Moderate,55.5,79.9,19.5,6.1,0.76,59,2025,February,18
18-02-2025,Tripura,195,Moderate,83.4,135.5,30.8,9.6,1.04,51.1,2025,February,18
18-02-2025,Uttar Pradesh,181,Moderate,74.7,133.9,26.9,8.7,0.92,51.2,2025,February,18
18-02-2025,Uttarakhand,122,Moderate,48,94.5,21.7,5.5,0.76,55.7,2025,February,18
18-02-2025,West Bengal,96,Satisfactory,40.2,65.2,12.5,5.8,0.6,66.1,2025,February,18
19-02-2025,Andhra Pradesh,189,Moderate,82.5,134.9,29.2,9.8,0.95,57.6,2025,February,19
19-02-2025,Arunachal Pradesh,127,Moderate,54.9,92.7,19.5,6.2,0.69,57.3,2025,February,19
19-02-2025,Assam,185,Moderate,72.4,125.6,31.4,8.5,0.99,56.5,2025,February,19
19-02-2025,Bihar,120,Moderate,49.6,84.4,17.3,5.6,0.59,60.4,2025,February,19
19-02-2025,Chhattisgarh,115,Moderate,53.2,85.2,17.5,6.4,0.66,64.1,2025,February,19
19-02-2025,Goa,108,Moderate,46,69.3,15.8,4.9,0.68,59.6,2025,February,19
19-02-2025,Gujarat,104,Moderate,46.3,79.5,15.2,5.3,0.55,65.2,2025,February,19
19-02-2025,Haryana,108,Moderate,42.6,79.4,16.4,6.4,0.61,57.3,2025,February,19
19-02-2025,Himachal Pradesh,178,Moderate,73,125.1,30.6,9.5,1.01,55.3,2025,February,19
19-02-2025,Jharkhand,199,Moderate,88.1,149.6,31.5,10.8,1.05,58.9,2025,February,19
19-02-2025,Karnataka,155,Moderate,62.4,119.5,23.2,7.9,0.96,60.7,2025,February,19
19-02-2025,Kerala,165,Moderate,73.9,115.2,28.3,7.4,0.92,54.5,2025,February,19
19-02-2025,Madhya Pradesh,129,Moderate,55.2,83.7,17.9,6.1,0.7,63,2025,February,19
19-02-2025,Maharashtra,185,Moderate,74.8,142.6,27.2,8.8,0.98,51.8,2025,February,19
19-02-2025,Manipur,201,Poor,89.5,150.9,34.7,9.6,1.12,49.7,2025,February,19
19-02-2025,Meghalaya,133,Moderate,55.3,104.8,18.7,7.2,0.64,63.3,2025,February,19
19-02-2025,Mizoram,145,Moderate,56.5,107.7,24,6.9,0.74,60.3,2025,February,19
19-02-2025,Nagaland,185,Moderate,81.6,127.4,27.5,9.1,1.07,50.8,2025,February,19
19-02-2025,Odisha,172,Moderate,73.2,126,28.9,8.3,1.04,59.1,2025,February,19
19-02-2025,Punjab,197,Moderate,77.9,134.1,30,10.2,1.1,57.9,2025,February,19
19-02-2025,Rajasthan,128,Moderate,48.9,96.4,21.1,5.4,0.71,56.4,2025,February,19
19-02-2025,Sikkim,182,Moderate,74.1,129,30.4,8.9,1,54.3,2025,February,19
19-02-2025,Tamil Nadu,164,Moderate,64.4,120.3,26.7,7.9,0.89,54.6,2025,February,19
19-02-2025,Telangana,123,Moderate,54.6,85,21,6.5,0.68,61.5,2025,February,19
19-02-2025,Tripura,193,Moderate,78.6,135.7,28.2,9,1.06,58.3,2025,February,19
19-02-2025,Uttar Pradesh,205,Poor,92,143.6,34.3,10.1,1.12,51.6,2025,February,19
19-02-2025,Uttarakhand,117,Moderate,49.4,87.6,17,6.4,0.68,62,2025,February,19
19-02-2025,West Bengal,98,Satisfactory,40.1,68.7,18.6,4,0.61,62.3,2025,February,19
20-02-2025,Andhra Pradesh,147,Moderate,58.7,96.1,21.6,7.4,0.75,61.6,2025,February,20
20-02-2025,Arunachal Pradesh,133,Moderate,52.6,102.5,23.9,6.7,0.78,62.8,2025,February,20
20-02-2025,Assam,150,Moderate,59.1,106.2,25.1,6.8,0.81,57,2025,February,20
20-02-2025,Bihar,120,Moderate,53.5,95.9,16.5,5.6,0.72,58.2,2025,February,20
20-02-2025,Chhattisgarh,134,Moderate,59.5,90.9,20.9,7.5,0.8,62.2,2025,February,20
20-02-2025,Goa,117,Moderate,46.9,76.6,18.9,5.9,0.64,57.8,2025,February,20
20-02-2025,Gujarat,127,Moderate,48.1,93.9,19.1,5.5,0.79,55,2025,February,20
20-02-2025,Haryana,103,Moderate,43.1,80.3,14.5,6.1,0.54,57.6,2025,February,20
20-02-2025,Himachal Pradesh,167,Moderate,70.1,110.4,24.2,8.4,0.98,57.2,2025,February,20
20-02-2025,Jharkhand,192,Moderate,85.9,146,33,8.6,0.99,51.8,2025,February,20
20-02-2025,Karnataka,112,Moderate,43.6,73.5,19.6,5.1,0.58,64.9,2025,February,20
20-02-2025,Kerala,196,Moderate,86.2,136.1,34.2,10.6,1.12,51.2,2025,February,20
20-02-2025,Madhya Pradesh,134,Moderate,53.7,94.3,20.6,7.3,0.83,57.5,2025,February,20
20-02-2025,Maharashtra,191,Moderate,82.7,132.9,31.2,8.6,1.02,57.2,2025,February,20
20-02-2025,Manipur,180,Moderate,79.6,123.3,28.1,8.6,1.08,55.7,2025,February,20
20-02-2025,Meghalaya,119,Moderate,51.8,87.3,21.3,5,0.67,59.9,2025,February,20
20-02-2025,Mizoram,180,Moderate,72.4,134.1,26.3,8.7,1.09,58.9,2025,February,20
20-02-2025,Nagaland,187,Moderate,79.6,144,27.2,9.8,1.11,55.6,2025,February,20
20-02-2025,Odisha,165,Moderate,73.4,127.7,28.8,8.4,0.83,52.4,2025,February,20
20-02-2025,Punjab,159,Moderate,71.4,114.9,23,8.4,0.95,55.2,2025,February,20
20-02-2025,Rajasthan,115,Moderate,42.5,84,17.4,5.7,0.59,62.1,2025,February,20
20-02-2025,Sikkim,174,Moderate,76.5,131.8,24.9,8.2,0.99,57.2,2025,February,20
20-02-2025,Tamil Nadu,147,Moderate,65.7,103.6,22,8.1,0.87,59.1,2025,February,20
20-02-2025,Telangana,138,Moderate,57.1,101.9,22.6,7.6,0.73,57.7,2025,February,20
20-02-2025,Tripura,152,Moderate,60.4,113.1,24.8,7.8,0.82,58.4,2025,February,20
20-02-2025,Uttar Pradesh,195,Moderate,85.7,134.1,29.1,10.1,1.02,56,2025,February,20
20-02-2025,Uttarakhand,138,Moderate,52.9,98.8,22.6,6.4,0.81,58.7,2025,February,20
20-02-2025,West Bengal,131,Moderate,58.3,95.8,20.8,6.3,0.78,56.6,2025,February,20
21-02-2025,Andhra Pradesh,150,Moderate,61.4,103.4,26.8,7,0.77,57.3,2025,February,21
21-02-2025,Arunachal Pradesh,121,Moderate,48,90.5,20.1,6.2,0.66,57.1,2025,February,21
21-02-2025,Assam,175,Moderate,70.3,132.7,25.3,8.5,0.98,56.3,2025,February,21
21-02-2025,Bihar,161,Moderate,67.8,122.8,24.3,8.3,0.93,60.8,2025,February,21
21-02-2025,Chhattisgarh,148,Moderate,58.4,102.5,23.8,7.9,0.84,58.7,2025,February,21
21-02-2025,Goa,138,Moderate,54,107.4,23.3,7.1,0.74,54.1,2025,February,21
21-02-2025,Gujarat,151,Moderate,57.7,106.3,23,7,0.81,55.3,2025,February,21
21-02-2025,Haryana,127,Moderate,53.5,95.7,20.2,5.6,0.74,55.3,2025,February,21
21-02-2025,Himachal Pradesh,213,Poor,90.9,150,32.1,10.9,1.13,57.4,2025,February,21
21-02-2025,Jharkhand,185,Moderate,79.9,130.4,28.9,8.6,1.11,57.5,2025,February,21
21-02-2025,Karnataka,142,Moderate,58.6,112.2,22.3,6.9,0.77,58.8,2025,February,21
21-02-2025,Kerala,157,Moderate,60.9,119.1,24.4,8,0.85,57.3,2025,February,21
21-02-2025,Madhya Pradesh,120,Moderate,51.1,83.2,20.6,5,0.57,61,2025,February,21
21-02-2025,Maharashtra,186,Moderate,74.2,132.7,31.2,9.7,1.07,51.3,2025,February,21
21-02-2025,Manipur,164,Moderate,64.8,125.4,27.5,9.1,0.86,60.8,2025,February,21
21-02-2025,Meghalaya,112,Moderate,52,71.5,19.8,5,0.62,60.4,2025,February,21
21-02-2025,Mizoram,180,Moderate,80.5,126,30.9,8.4,0.98,56,2025,February,21
21-02-2025,Nagaland,175,Moderate,71,122.8,30.8,8.3,1.05,61,2025,February,21
21-02-2025,Odisha,179,Moderate,77.9,130.4,26.8,8.7,1.05,58.8,2025,February,21
21-02-2025,Punjab,194,Moderate,82.4,148.1,31.4,8.9,1.17,55.3,2025,February,21
21-02-2025,Rajasthan,111,Moderate,41.9,73.2,16.6,6.2,0.65,62.9,2025,February,21
21-02-2025,Sikkim,183,Moderate,79,131.1,28.8,9.9,1,56.5,2025,February,21
21-02-2025,Tamil Nadu,146,Moderate,62.4,95.8,24.7,7.4,0.77,54.6,2025,February,21
21-02-2025,Telangana,149,Moderate,64.5,98.8,25.6,6.8,0.84,62.5,2025,February,21
21-02-2025,Tripura,155,Moderate,64,118.6,22,7.7,0.92,53,2025,February,21
21-02-2025,Uttar Pradesh,162,Moderate,68.5,117,25.5,8.6,0.83,59.8,2025,February,21
21-02-2025,Uttarakhand,111,Moderate,44.3,89.3,15.8,4.9,0.65,58.7,2025,February,21
21-02-2025,West Bengal,103,Moderate,43.4,74.1,14.9,5.1,0.58,60.8,2025,February,21
22-02-2025,Andhra Pradesh,151,Moderate,58.8,114.1,21.3,8.3,0.93,58.2,2025,February,22
22-02-2025,Arunachal Pradesh,104,Moderate,40.3,68.6,15.3,4.4,0.52,59.8,2025,February,22
22-02-2025,Assam,163,Moderate,66.7,113.7,24.8,9.1,0.99,57.1,2025,February,22
22-02-2025,Bihar,146,Moderate,62.2,95.5,20.8,7.5,0.87,57.8,2025,February,22
22-02-2025,Chhattisgarh,116,Moderate,47.8,77,18.4,4.9,0.6,63.6,2025,February,22
22-02-2025,Goa,122,Moderate,54.8,79.3,19.2,5.9,0.72,55.8,2025,February,22
22-02-2025,Gujarat,141,Moderate,63.9,100.5,23.1,6.3,0.82,60.4,2025,February,22
22-02-2025,Haryana,87,Satisfactory,37.9,67.1,13.1,4.3,0.47,58.5,2025,February,22
22-02-2025,Himachal Pradesh,213,Poor,89.4,149.9,33.7,10,1.16,50.8,2025,February,22
22-02-2025,Jharkhand,214,Poor,90.3,155.2,33.2,10.3,1.21,52,2025,February,22
22-02-2025,Karnataka,141,Moderate,54.5,110.4,21.8,6.5,0.74,56.3,2025,February,22
22-02-2025,Kerala,175,Moderate,69.3,118,31,7.9,0.95,58.1,2025,February,22
22-02-2025,Madhya Pradesh,114,Moderate,49.7,87.1,16.8,5.5,0.7,60.6,2025,February,22
22-02-2025,Maharashtra,193,Moderate,81.5,133.7,29.5,10.6,1.07,55.4,2025,February,22
22-02-2025,Manipur,177,Moderate,74.8,120.3,30.7,9.2,0.98,52.6,2025,February,22
22-02-2025,Meghalaya,144,Moderate,57.3,97.2,23.4,8.2,0.75,53.8,2025,February,22
22-02-2025,Mizoram,179,Moderate,71.6,124.2,26.2,8.2,0.97,55.2,2025,February,22
22-02-2025,Nagaland,168,Moderate,73.7,130.4,24.9,8.5,1.02,54.1,2025,February,22
22-02-2025,Odisha,159,Moderate,63.7,105.8,27.5,8.5,0.9,55,2025,February,22
22-02-2025,Punjab,184,Moderate,81.4,132.4,27.4,8.8,1.07,56.6,2025,February,22
22-02-2025,Rajasthan,100,Satisfactory,44.6,67.1,17,4.6,0.63,64.6,2025,February,22
22-02-2025,Sikkim,190,Moderate,79.6,129.7,27.6,9.2,1.02,59.3,2025,February,22
22-02-2025,Tamil Nadu,174,Moderate,75.7,119.2,26.1,7.8,1.02,54,2025,February,22
22-02-2025,Telangana,145,Moderate,65.7,105.8,26,7.7,0.72,55.1,2025,February,22
22-02-2025,Tripura,178,Moderate,80.6,125.5,29.3,9.5,1.03,57,2025,February,22
22-02-2025,Uttar Pradesh,175,Moderate,71.2,116.1,28.3,8.1,0.99,53.8,2025,February,22
22-02-2025,Uttarakhand,144,Moderate,58.2,96,24.9,7.7,0.75,57.4,2025,February,22
22-02-2025,West Bengal,124,Moderate,48.5,91.7,20.6,6.5,0.61,57.1,2025,February,22
23-02-2025,Andhra Pradesh,183,Moderate,76.7,135.1,28,9.2,1.09,57.4,2025,February,23
23-02-2025,Arunachal Pradesh,90,Satisfactory,36.4,61.3,11.6,4.8,0.47,58.4,2025,February,23
23-02-2025,Assam,149,Moderate,68.1,100.3,24.8,6.9,0.88,62.3,2025,February,23
23-02-2025,Bihar,148,Moderate,67.1,97.5,23.8,6.8,0.72,55.9,2025,February,23
23-02-2025,Chhattisgarh,123,Moderate,56,85.7,21.4,7,0.75,58,2025,February,23
23-02-2025,Goa,129,Moderate,54.2,102,22.6,7,0.72,56.5,2025,February,23
23-02-2025,Gujarat,109,Moderate,42.3,83.2,14.5,6.3,0.52,61.9,2025,February,23
23-02-2025,Haryana,89,Satisfactory,42.1,67.2,12.8,4,0.41,67,2025,February,23
23-02-2025,Himachal Pradesh,181,Moderate,77.4,125.9,29.6,9.3,1,57.6,2025,February,23
23-02-2025,Jharkhand,190,Moderate,79.4,138.1,33.4,8.6,1.13,52.9,2025,February,23
23-02-2025,Karnataka,131,Moderate,49.3,97.8,21,6.3,0.65,58.4,2025,February,23
23-02-2025,Kerala,179,Moderate,77.9,131.7,28,8.2,1.05,58.3,2025,February,23
23-02-2025,Madhya Pradesh,119,Moderate,50.8,84.9,17.4,6.1,0.64,58.3,2025,February,23
23-02-2025,Maharashtra,156,Moderate,61.5,106.1,23.7,6.9,0.82,57.3,2025,February,23
23-02-2025,Manipur,160,Moderate,63.7,105.3,26.7,7.8,0.81,53,2025,February,23
23-02-2025,Meghalaya,161,Moderate,73.4,108.5,23.7,7.6,0.91,60.4,2025,February,23
23-02-2025,Mizoram,152,Moderate,67,115.8,22.9,7.8,0.93,54.6,2025,February,23
23-02-2025,Nagaland,158,Moderate,68,107,26.8,7.1,0.97,60,2025,February,23
23-02-2025,Odisha,147,Moderate,64.6,105.9,21.7,6.5,0.82,58.7,2025,February,23
23-02-2025,Punjab,160,Moderate,62.8,115.3,26.7,7.1,0.85,58.7,2025,February,23
23-02-2025,Rajasthan,125,Moderate,49.7,89.2,18.4,5.8,0.71,64.3,2025,February,23
23-02-2025,Sikkim,162,Moderate,69.2,125,24.7,8.1,0.89,57,2025,February,23
23-02-2025,Tamil Nadu,158,Moderate,64.3,123.1,23.6,8.3,0.89,58.1,2025,February,23
23-02-2025,Telangana,150,Moderate,66,106.4,23.6,8.2,0.8,62.9,2025,February,23
23-02-2025,Tripura,161,Moderate,73.6,125.5,23.4,7.6,0.97,61.5,2025,February,23
23-02-2025,Uttar Pradesh,189,Moderate,78.5,132.8,32,10.4,0.96,59.3,2025,February,23
23-02-2025,Uttarakhand,107,Moderate,41.5,84.2,16.3,6.1,0.68,59.1,2025,February,23
23-02-2025,West Bengal,133,Moderate,53.2,99.6,19.1,7.1,0.78,63.4,2025,February,23
24-02-2025,Andhra Pradesh,167,Moderate,67.9,120,24.7,7.6,1.02,59.7,2025,February,24
24-02-2025,Arunachal Pradesh,111,Moderate,49.9,88,15.9,4.7,0.62,59.9,2025,February,24
24-02-2025,Assam,181,Moderate,74.2,131,29.4,9.6,1,59.7,2025,February,24
24-02-2025,Bihar,123,Moderate,50.6,92,17.9,6.6,0.64,56.8,2025,February,24
24-02-2025,Chhattisgarh,127,Moderate,52.8,99.7,21,6.6,0.73,57,2025,February,24
24-02-2025,Goa,131,Moderate,57.3,100.7,22.3,7.1,0.69,63.6,2025,February,24
24-02-2025,Gujarat,118,Moderate,45.8,81.4,21.8,5.7,0.7,61.6,2025,February,24
24-02-2025,Haryana,109,Moderate,50.3,75.3,17.3,6.1,0.63,59.8,2025,February,24
24-02-2025,Himachal Pradesh,166,Moderate,68.1,126.2,24.4,8.8,0.84,57.3,2025,February,24
24-02-2025,Jharkhand,205,Poor,82,140.8,32,10.4,1.21,57.7,2025,February,24
24-02-2025,Karnataka,153,Moderate,63.4,112.9,25.9,8.5,0.89,61.9,2025,February,24
24-02-2025,Kerala,175,Moderate,78.9,120,25,9.4,0.89,53.6,2025,February,24
24-02-2025,Madhya Pradesh,91,Satisfactory,40.5,65.6,15.2,4.9,0.45,57.9,2025,February,24
24-02-2025,Maharashtra,180,Moderate,77.7,121.8,30,8.9,0.91,60.2,2025,February,24
24-02-2025,Manipur,200,Moderate,81.8,150.1,32.3,9.7,1.16,56.6,2025,February,24
24-02-2025,Meghalaya,129,Moderate,58.4,87.4,19.6,7,0.76,57.2,2025,February,24
24-02-2025,Mizoram,148,Moderate,61.8,108.5,22,8.2,0.79,63.1,2025,February,24
24-02-2025,Nagaland,160,Moderate,64.4,111.1,24.2,8.9,0.94,60,2025,February,24
24-02-2025,Odisha,146,Moderate,61.9,105.2,24.9,7.7,0.83,61.8,2025,February,24
24-02-2025,Punjab,208,Poor,89.8,159.1,33.5,10.6,1.21,49.8,2025,February,24
24-02-2025,Rajasthan,104,Moderate,41.5,73,17,4.9,0.48,63.5,2025,February,24
24-02-2025,Sikkim,168,Moderate,72.7,123.4,27,8.1,0.94,55.5,2025,February,24
24-02-2025,Tamil Nadu,162,Moderate,68.7,109,27.7,7.5,0.89,59.2,2025,February,24
24-02-2025,Telangana,154,Moderate,64.6,110.1,27.2,7.4,0.8,57.8,2025,February,24
24-02-2025,Tripura,187,Moderate,81,126,29.2,9.7,0.97,53.4,2025,February,24
24-02-2025,Uttar Pradesh,174,Moderate,70.2,132.3,26.9,8.3,0.9,58.8,2025,February,24
24-02-2025,Uttarakhand,126,Moderate,49.8,92.6,21.8,5.6,0.66,61.9,2025,February,24
24-02-2025,West Bengal,90,Satisfactory,38.4,65.3,12.4,4.7,0.4,60.9,2025,February,24
25-02-2025,Andhra Pradesh,163,Moderate,68.7,112.6,25.4,8,0.81,55.5,2025,February,25
25-02-2025,Arunachal Pradesh,130,Moderate,53,88.9,23,6.2,0.82,61.3,2025,February,25
25-02-2025,Assam,148,Moderate,64,114.5,21.4,7.7,0.81,61.3,2025,February,25
25-02-2025,Bihar,144,Moderate,62.7,109,24.2,7.5,0.78,63.2,2025,February,25
25-02-2025,Chhattisgarh,144,Moderate,60.5,94,20.2,7.5,0.82,56.5,2025,February,25
25-02-2025,Goa,114,Moderate,41.9,83.1,16.4,5.9,0.56,57.8,2025,February,25
25-02-2025,Gujarat,136,Moderate,62.3,106.3,19.1,7.8,0.81,54.8,2025,February,25
25-02-2025,Haryana,111,Moderate,52.6,83.1,16.8,5.9,0.52,60.8,2025,February,25
25-02-2025,Himachal Pradesh,199,Moderate,83.1,137.8,31.2,9.7,1.1,51.9,2025,February,25
25-02-2025,Jharkhand,210,Poor,84.4,144,34.5,10.9,1.23,58.2,2025,February,25
25-02-2025,Karnataka,132,Moderate,60.8,102.8,18.2,7.3,0.76,58.1,2025,February,25
25-02-2025,Kerala,151,Moderate,60.8,116.5,21.5,7.5,0.89,60.7,2025,February,25
25-02-2025,Madhya Pradesh,104,Moderate,47,71.9,17.7,6.1,0.65,66.2,2025,February,25
25-02-2025,Maharashtra,171,Moderate,70.6,117.9,24.4,7.6,0.87,60.2,2025,February,25
25-02-2025,Manipur,173,Moderate,69.6,128.2,25.8,9,0.99,53.4,2025,February,25
25-02-2025,Meghalaya,126,Moderate,52.7,82.1,22,5.9,0.63,58.9,2025,February,25
25-02-2025,Mizoram,180,Moderate,69.7,138.1,27.6,9.6,0.95,60.5,2025,February,25
25-02-2025,Nagaland,177,Moderate,79.7,118.1,29.5,9.2,1.06,55.3,2025,February,25
25-02-2025,Odisha,152,Moderate,69.7,105.4,24.2,7,0.89,61.8,2025,February,25
25-02-2025,Punjab,185,Moderate,74.6,131.7,30.7,10.1,1.08,54.8,2025,February,25
25-02-2025,Rajasthan,91,Satisfactory,40.9,65.6,14.2,5.3,0.48,62.8,2025,February,25
25-02-2025,Sikkim,149,Moderate,65.5,98.6,21.4,7.3,0.83,60.9,2025,February,25
25-02-2025,Tamil Nadu,163,Moderate,67,126,25.8,8.6,0.95,54.2,2025,February,25
25-02-2025,Telangana,144,Moderate,62.1,107.9,24.5,6.7,0.89,59.2,2025,February,25
25-02-2025,Tripura,148,Moderate,67.1,105.5,23.6,8.4,0.91,62.1,2025,February,25
25-02-2025,Uttar Pradesh,185,Moderate,81.5,133.8,32.4,9.7,0.96,56.3,2025,February,25
25-02-2025,Uttarakhand,108,Moderate,48.8,72.4,14.8,4.6,0.62,61.9,2025,February,25
25-02-2025,West Bengal,96,Satisfactory,39.5,72.1,15.4,5.7,0.56,60.2,2025,February,25
26-02-2025,Andhra Pradesh,147,Moderate,59,107,25.9,8.1,0.82,61.4,2025,February,26
26-02-2025,Arunachal Pradesh,94,Satisfactory,38.6,73,17.5,3.9,0.47,58.7,2025,February,26
26-02-2025,Assam,170,Moderate,71.8,118.8,28.5,9.4,0.96,53.8,2025,February,26
26-02-2025,Bihar,116,Moderate,49.5,92.5,19.2,5.5,0.64,60.6,2025,February,26
26-02-2025,Chhattisgarh,159,Moderate,62.3,117.6,24.1,8.3,0.95,59.9,2025,February,26
26-02-2025,Goa,113,Moderate,46,74.4,16.7,5.4,0.69,62.2,2025,February,26
26-02-2025,Gujarat,145,Moderate,58.2,102.1,25.5,7.6,0.9,57.1,2025,February,26
26-02-2025,Haryana,98,Satisfactory,47.1,68.2,15,5.8,0.62,66.3,2025,February,26
26-02-2025,Himachal Pradesh,208,Poor,83.3,157.1,34.5,9.6,1.07,55.6,2025,February,26
26-02-2025,Jharkhand,208,Poor,90.9,158,36.2,11.1,1.06,57.6,2025,February,26
26-02-2025,Karnataka,132,Moderate,60.7,93.7,22.9,6,0.71,55.6,2025,February,26
26-02-2025,Kerala,183,Moderate,75.9,128.7,28,8.6,1.1,58.8,2025,February,26
26-02-2025,Madhya Pradesh,102,Moderate,43.8,75.8,18.6,6,0.58,65,2025,February,26
26-02-2025,Maharashtra,152,Moderate,69.6,117.3,22,8,0.88,58.2,2025,February,26
26-02-2025,Manipur,196,Moderate,86.5,141.9,34.4,10.3,1.03,58.2,2025,February,26
26-02-2025,Meghalaya,130,Moderate,49.2,102.6,20.8,7.2,0.64,63.7,2025,February,26
26-02-2025,Mizoram,141,Moderate,62.4,108.3,22.5,6.1,0.79,53.7,2025,February,26
26-02-2025,Nagaland,175,Moderate,71,132.7,26.1,9.1,0.93,56.2,2025,February,26
26-02-2025,Odisha,182,Moderate,71.2,124.2,30.7,8.5,1.07,58.8,2025,February,26
26-02-2025,Punjab,172,Moderate,78.1,115,27.7,8.8,0.98,51.5,2025,February,26
26-02-2025,Rajasthan,110,Moderate,45.4,79.3,18.6,6,0.68,65.5,2025,February,26
26-02-2025,Sikkim,156,Moderate,60.4,105.7,24,8.8,0.91,56.7,2025,February,26
26-02-2025,Tamil Nadu,139,Moderate,64,94.5,21.6,6.4,0.82,54.9,2025,February,26
26-02-2025,Telangana,163,Moderate,71.1,112.7,24,7.3,0.96,52.2,2025,February,26
26-02-2025,Tripura,190,Moderate,79.5,140.1,27.7,8.5,1.01,52,2025,February,26
26-02-2025,Uttar Pradesh,169,Moderate,69.6,126.4,29.8,8.1,0.87,51.9,2025,February,26
26-02-2025,Uttarakhand,138,Moderate,58.2,97,22.1,6.6,0.73,57.4,2025,February,26
26-02-2025,West Bengal,133,Moderate,56.9,95.1,23.4,6.9,0.67,62.2,2025,February,26
27-02-2025,Andhra Pradesh,158,Moderate,71.6,112.9,24.8,8,0.8,60.6,2025,February,27
27-02-2025,Arunachal Pradesh,108,Moderate,41.8,81.4,17.8,6.2,0.63,59.7,2025,February,27
27-02-2025,Assam,165,Moderate,65.5,114,24.4,7.8,0.86,53.8,2025,February,27
27-02-2025,Bihar,152,Moderate,63.1,110.1,21.4,7.5,0.74,54.6,2025,February,27
27-02-2025,Chhattisgarh,145,Moderate,61.8,95.3,25.2,7.7,0.86,56.6,2025,February,27
27-02-2025,Goa,153,Moderate,62.8,108.6,26.3,8.6,0.81,58.9,2025,February,27
27-02-2025,Gujarat,102,Moderate,45.8,71,13.9,6,0.47,59.2,2025,February,27
27-02-2025,Haryana,117,Moderate,53.4,86.6,18.5,5.9,0.74,63.4,2025,February,27
27-02-2025,Himachal Pradesh,204,Poor,90,146.1,35.4,10.8,1.16,50,2025,February,27
27-02-2025,Jharkhand,188,Moderate,73.4,142.3,27.8,8.9,0.95,53.6,2025,February,27
27-02-2025,Karnataka,125,Moderate,53.4,91.8,20,6.1,0.74,56.5,2025,February,27
27-02-2025,Kerala,197,Moderate,80.4,150.3,32.4,10.2,1.15,58.1,2025,February,27
27-02-2025,Madhya Pradesh,115,Moderate,54.3,82.5,17.7,5.2,0.66,61.3,2025,February,27
27-02-2025,Maharashtra,156,Moderate,64.7,106.3,26.6,7.1,0.89,59.5,2025,February,27
27-02-2025,Manipur,190,Moderate,75.9,132,29.9,8.8,1.13,54,2025,February,27
27-02-2025,Meghalaya,155,Moderate,59.7,106.1,22.6,8.4,0.93,62.6,2025,February,27
27-02-2025,Mizoram,186,Moderate,74.8,140.3,31.4,9.1,1.12,54,2025,February,27
27-02-2025,Nagaland,171,Moderate,76,115.1,28.8,8.3,0.85,61,2025,February,27
27-02-2025,Odisha,173,Moderate,70.2,133.6,26.1,8.4,0.88,56.2,2025,February,27
27-02-2025,Punjab,202,Poor,80.5,135.9,29.4,10,1.2,56,2025,February,27
27-02-2025,Rajasthan,107,Moderate,43.3,74.5,15,6,0.57,61.2,2025,February,27
27-02-2025,Sikkim,187,Moderate,74.4,129.4,31.1,9.2,1.12,52.8,2025,February,27
27-02-2025,Tamil Nadu,147,Moderate,62.6,105,25.3,6.9,0.72,53.9,2025,February,27
27-02-2025,Telangana,132,Moderate,60,92.1,21.5,7.3,0.7,55.5,2025,February,27
27-02-2025,Tripura,186,Moderate,72.4,135.5,26.8,8.6,1.12,54.9,2025,February,27
27-02-2025,Uttar Pradesh,201,Poor,79.3,154.6,33,9.6,1.07,56.4,2025,February,27
27-02-2025,Uttarakhand,106,Moderate,44.3,78,16.4,4.6,0.49,59.7,2025,February,27
27-02-2025,West Bengal,107,Moderate,45.9,68.8,14.2,5.1,0.61,65,2025,February,27
28-02-2025,Andhra Pradesh,191,Moderate,79,132.3,28.4,8.8,1.03,53.2,2025,February,28
28-02-2025,Arunachal Pradesh,107,Moderate,48.1,70.8,18.8,6.3,0.69,62.6,2025,February,28
28-02-2025,Assam,176,Moderate,71.8,131.3,29.2,9.7,1.04,58.2,2025,February,28
28-02-2025,Bihar,117,Moderate,51.7,80.7,20.6,6.5,0.56,59.2,2025,February,28
28-02-2025,Chhattisgarh,117,Moderate,50.6,93.4,18.8,5.2,0.72,57.1,2025,February,28
28-02-2025,Goa,150,Moderate,66.4,106.1,23.9,7.3,0.89,58.7,2025,February,28
28-02-2025,Gujarat,119,Moderate,52.3,84.6,17.8,5,0.71,58.5,2025,February,28
28-02-2025,Haryana,126,Moderate,54.6,84.8,18.3,5.8,0.75,59.6,2025,February,28
28-02-2025,Himachal Pradesh,185,Moderate,74.5,125.4,31,10.2,0.96,59.3,2025,February,28
28-02-2025,Jharkhand,183,Moderate,73,136.1,26.4,9.4,1.01,51.3,2025,February,28
28-02-2025,Karnataka,132,Moderate,59.3,99.4,23.3,7.4,0.82,56.8,2025,February,28
28-02-2025,Kerala,191,Moderate,78.2,128.1,32.6,10.4,0.98,57.3,2025,February,28
28-02-2025,Madhya Pradesh,135,Moderate,59.5,93.2,21.6,7.3,0.81,61.6,2025,February,28
28-02-2025,Maharashtra,190,Moderate,81.5,129.9,32,8.8,1.05,56.4,2025,February,28
28-02-2025,Manipur,198,Moderate,85,144.5,28.7,10.1,1.15,54.8,2025,February,28
28-02-2025,Meghalaya,140,Moderate,58.5,107.3,21.8,6,0.81,55.4,2025,February,28
28-02-2025,Mizoram,179,Moderate,81.1,123.3,25.9,8.6,0.93,51.6,2025,February,28
28-02-2025,Nagaland,197,Moderate,79.2,139.6,29.4,8.9,1.13,50.8,2025,February,28
28-02-2025,Odisha,163,Moderate,64.4,108,28.9,7.8,0.95,60.7,2025,February,28
28-02-2025,Punjab,177,Moderate,79.8,131,26.4,8.8,1.08,54.5,2025,February,28
28-02-2025,Rajasthan,112,Moderate,46.3,89.1,15.6,5.7,0.59,57.5,2025,February,28
28-02-2025,Sikkim,163,Moderate,67.1,113.2,26.9,8.7,0.94,60.2,2025,February,28
28-02-2025,Tamil Nadu,135,Moderate,54.5,98.1,24.4,7.6,0.77,61.2,2025,February,28
28-02-2025,Telangana,124,Moderate,48.7,96.8,20.5,6.8,0.65,57.5,2025,February,28
28-02-2025,Tripura,170,Moderate,70.6,115.7,29.4,9.2,1.04,56.2,2025,February,28
28-02-2025,Uttar Pradesh,167,Moderate,75.5,117.9,24.2,8.4,0.96,55.8,2025,February,28
28-02-2025,Uttarakhand,131,Moderate,55.8,92.1,18.7,7.5,0.76,58,2025,February,28
28-02-2025,West Bengal,109,Moderate,44.5,76.8,20,6,0.66,58.3,2025,February,28
01-03-2025,Andhra Pradesh,164,Moderate,63.3,127.2,26.2,8.2,0.88,52,2025,March,1
01-03-2025,Arunachal Pradesh,96,Satisfactory,37.1,71.5,15.2,3.9,0.6,61.9,2025,March,1
01-03-2025,Assam,185,Moderate,72.5,137.7,28.4,10,0.97,51.8,2025,March,1
01-03-2025,Bihar,151,Moderate,62.6,102.2,22.8,7.7,0.92,61.9,2025,March,1
01-03-2025,Chhattisgarh,150,Moderate,65.9,114.6,26.2,7.1,0.77,55.3,2025,March,1
01-03-2025,Goa,126,Moderate,53.1,93.9,20.4,6.7,0.6,63,2025,March,1
01-03-2025,Gujarat,147,Moderate,59,113.3,23.5,6.6,0.86,63.2,2025,March,1
01-03-2025,Haryana,127,Moderate,50.9,92,17.9,7.1,0.74,55.5,2025,March,1
01-03-2025,Himachal Pradesh,185,Moderate,79.2,133.4,27.7,9.1,1.1,55.8,2025,March,1
01-03-2025,Jharkhand,183,Moderate,71.7,123.6,29.1,9.6,1.11,50.4,2025,March,1
01-03-2025,Karnataka,152,Moderate,58.6,101.3,26.5,8.4,0.86,60.5,2025,March,1
01-03-2025,Kerala,194,Moderate,86.6,132.2,30.9,9.3,1.15,52.3,2025,March,1
01-03-2025,Madhya Pradesh,114,Moderate,53.4,89.3,15.8,5.3,0.59,56.2,2025,March,1
01-03-2025,Maharashtra,179,Moderate,78,131.1,27.3,9.4,1,53,2025,March,1
01-03-2025,Manipur,159,Moderate,61.5,112.8,24.3,7.9,0.95,60.3,2025,March,1
01-03-2025,Meghalaya,123,Moderate,56.9,80.4,19.8,5.3,0.67,61.2,2025,March,1
01-03-2025,Mizoram,162,Moderate,62.6,108,24.4,8.4,0.91,61.7,2025,March,1
01-03-2025,Nagaland,176,Moderate,70.1,129,28,8.4,0.94,52.1,2025,March,1
01-03-2025,Odisha,174,Moderate,73.6,123.4,26.2,9.5,0.91,52.3,2025,March,1
01-03-2025,Punjab,200,Moderate,80.2,136.9,34.4,9.4,1.16,50.5,2025,March,1
01-03-2025,Rajasthan,88,Satisfactory,36.6,62.8,15.8,4.8,0.56,59.8,2025,March,1
01-03-2025,Sikkim,176,Moderate,68.4,125.7,30.7,8.8,0.9,51.5,2025,March,1
01-03-2025,Tamil Nadu,153,Moderate,64.4,109.5,21.8,8.3,0.86,62.1,2025,March,1
01-03-2025,Telangana,137,Moderate,53.4,96.7,19.2,6.6,0.74,54.9,2025,March,1
01-03-2025,Tripura,186,Moderate,77.7,127,29.9,8.4,1.07,52.5,2025,March,1
01-03-2025,Uttar Pradesh,192,Moderate,80.3,137.2,32.1,9.2,1.06,55.8,2025,March,1
01-03-2025,Uttarakhand,131,Moderate,52.2,97.3,19.7,6.5,0.7,58.6,2025,March,1
01-03-2025,West Bengal,87,Satisfactory,34.7,67.9,12.7,4.5,0.45,63.5,2025,March,1
02-03-2025,Andhra Pradesh,168,Moderate,65.1,115,28.7,7.6,1.03,58,2025,March,2
02-03-2025,Arunachal Pradesh,122,Moderate,46.7,79.8,17.1,5.7,0.68,57.5,2025,March,2
02-03-2025,Assam,165,Moderate,68.5,123.4,27,9,0.87,61.7,2025,March,2
02-03-2025,Bihar,118,Moderate,46.8,84.1,20.9,5,0.59,64.7,2025,March,2
02-03-2025,Chhattisgarh,144,Moderate,63.1,98.6,23.2,8,0.78,61.7,2025,March,2
02-03-2025,Goa,134,Moderate,54,106.1,22.2,6.8,0.82,56.2,2025,March,2
02-03-2025,Gujarat,145,Moderate,62.8,111.6,21.9,7.4,0.82,57.5,2025,March,2
02-03-2025,Haryana,117,Moderate,46.9,76.6,19.8,6.2,0.68,61.5,2025,March,2
02-03-2025,Himachal Pradesh,166,Moderate,69.7,119.8,27.5,7.3,0.88,53,2025,March,2
02-03-2025,Jharkhand,172,Moderate,68.9,128.2,26.6,8.4,0.96,51.5,2025,March,2
02-03-2025,Karnataka,105,Moderate,44.2,79,16,4.3,0.6,57.5,2025,March,2
02-03-2025,Kerala,183,Moderate,74,139.3,31.7,9.9,1.1,59.4,2025,March,2
02-03-2025,Madhya Pradesh,108,Moderate,42.2,84.6,14.7,4.9,0.52,62.7,2025,March,2
02-03-2025,Maharashtra,173,Moderate,77.8,131,27.8,8.5,1.01,59.4,2025,March,2
02-03-2025,Manipur,178,Moderate,77.1,127.6,27.3,9.9,1.03,59.9,2025,March,2
02-03-2025,Meghalaya,158,Moderate,72.2,121.8,24.3,6.9,0.83,55.4,2025,March,2
02-03-2025,Mizoram,168,Moderate,76.1,125.6,27.5,9.1,1,59.4,2025,March,2
02-03-2025,Nagaland,202,Poor,88.8,142.4,34.1,9.3,1.03,52.2,2025,March,2
02-03-2025,Odisha,152,Moderate,58.3,119.3,23.3,6.9,0.94,54.4,2025,March,2
02-03-2025,Punjab,201,Poor,87.3,148.3,33.4,9.5,1.2,52,2025,March,2
02-03-2025,Rajasthan,97,Satisfactory,44.9,61.1,13.2,4.3,0.6,65.4,2025,March,2
02-03-2025,Sikkim,153,Moderate,59.7,110,21.9,7,0.9,54.5,2025,March,2
02-03-2025,Tamil Nadu,133,Moderate,50.8,90.8,22.6,6.6,0.79,56.5,2025,March,2
02-03-2025,Telangana,120,Moderate,44.9,82.2,20.8,5.8,0.66,60.6,2025,March,2
02-03-2025,Tripura,158,Moderate,66,107.4,25.2,7.8,0.96,59.3,2025,March,2
02-03-2025,Uttar Pradesh,195,Moderate,87,131.5,29.8,10.7,1.17,52.8,2025,March,2
02-03-2025,Uttarakhand,124,Moderate,54.4,81.4,18.6,6.5,0.77,58.8,2025,March,2
02-03-2025,West Bengal,98,Satisfactory,36.8,77.1,13.9,5.2,0.49,66.2,2025,March,2
03-03-2025,Andhra Pradesh,149,Moderate,64,101.3,24.2,6.6,0.8,60.7,2025,March,3
03-03-2025,Arunachal Pradesh,124,Moderate,54.7,91.2,18.5,6.6,0.71,62.4,2025,March,3
03-03-2025,Assam,182,Moderate,80.6,139.6,29,9,1,57.1,2025,March,3
03-03-2025,Bihar,134,Moderate,58.8,105.5,23.5,6.6,0.84,60.1,2025,March,3
03-03-2025,Chhattisgarh,149,Moderate,57.2,104.1,21.5,7.7,0.8,55.8,2025,March,3
03-03-2025,Goa,124,Moderate,55.8,81.6,22.4,7.1,0.79,63.6,2025,March,3
03-03-2025,Gujarat,151,Moderate,60.3,103.2,23.5,7.6,0.79,53.3,2025,March,3
03-03-2025,Haryana,121,Moderate,48.3,81.8,19.5,5.2,0.65,65.2,2025,March,3
03-03-2025,Himachal Pradesh,208,Poor,89.8,151.6,33.4,10,1.13,50.1,2025,March,3
03-03-2025,Jharkhand,194,Moderate,79,145.7,30.3,10.4,1.07,57.3,2025,March,3
03-03-2025,Karnataka,117,Moderate,51.9,88,20.9,5.2,0.68,62.2,2025,March,3
03-03-2025,Kerala,174,Moderate,77.6,130.3,25.4,7.8,1,57.3,2025,March,3
03-03-2025,Madhya Pradesh,133,Moderate,60.1,89.9,19.4,6.7,0.81,63.5,2025,March,3
03-03-2025,Maharashtra,170,Moderate,68.2,118.4,25.8,8.7,0.85,53.1,2025,March,3
03-03-2025,Manipur,164,Moderate,67,118.8,25.6,7.5,0.89,53.3,2025,March,3
03-03-2025,Meghalaya,139,Moderate,58.3,109.6,22.4,7,0.74,56.5,2025,March,3
03-03-2025,Mizoram,162,Moderate,65.7,126.3,24.2,7.4,0.81,52.8,2025,March,3
03-03-2025,Nagaland,170,Moderate,73.3,123.3,28.5,8.3,0.93,56.5,2025,March,3
03-03-2025,Odisha,166,Moderate,68,111.7,26.8,7.7,0.97,54,2025,March,3
03-03-2025,Punjab,204,Poor,84.1,140.3,31.1,11,1.09,48.7,2025,March,3
03-03-2025,Rajasthan,92,Satisfactory,38.1,71.7,14.9,5.2,0.54,65.7,2025,March,3
03-03-2025,Sikkim,193,Moderate,80.6,131.5,30.6,10.4,1,56.6,2025,March,3
03-03-2025,Tamil Nadu,169,Moderate,69.4,122.1,25.5,9,0.87,52.1,2025,March,3
03-03-2025,Telangana,147,Moderate,60.9,113.7,25.2,8.1,0.74,62.7,2025,March,3
03-03-2025,Tripura,157,Moderate,61.2,115.6,25.8,7.9,0.88,60.3,2025,March,3
03-03-2025,Uttar Pradesh,168,Moderate,75,123.9,27,8.8,0.89,60.7,2025,March,3
03-03-2025,Uttarakhand,116,Moderate,44,91.1,17.5,4.9,0.57,61.6,2025,March,3
03-03-2025,West Bengal,123,Moderate,56.7,91.9,22.2,6.9,0.7,62.5,2025,March,3
04-03-2025,Andhra Pradesh,191,Moderate,74.6,138,29.8,8.9,0.97,51.2,2025,March,4
04-03-2025,Arunachal Pradesh,87,Satisfactory,34.7,71.3,15,4.7,0.4,59.3,2025,March,4
04-03-2025,Assam,189,Moderate,80.6,126.6,32.6,8.8,1.05,56.2,2025,March,4
04-03-2025,Bihar,127,Moderate,48.4,86,20.3,6.3,0.76,63.1,2025,March,4
04-03-2025,Chhattisgarh,151,Moderate,58.9,118,22.1,7.1,0.93,59.9,2025,March,4
04-03-2025,Goa,155,Moderate,63.2,102.6,22.1,7.6,0.91,61.4,2025,March,4
04-03-2025,Gujarat,140,Moderate,55.2,104.1,22.1,8,0.83,57,2025,March,4
04-03-2025,Haryana,93,Satisfactory,41.7,74.9,12.7,4.2,0.61,59.9,2025,March,4
04-03-2025,Himachal Pradesh,182,Moderate,75.8,136,26.4,8.2,0.93,58.2,2025,March,4
04-03-2025,Jharkhand,166,Moderate,66.2,113.7,27,9.1,0.96,59.8,2025,March,4
04-03-2025,Karnataka,111,Moderate,43.9,84.5,19.9,6.4,0.62,63.4,2025,March,4
04-03-2025,Kerala,183,Moderate,75.6,138.7,31.4,8.8,0.99,59.2,2025,March,4
04-03-2025,Madhya Pradesh,99,Satisfactory,46.7,64.2,17.5,4.8,0.55,63.3,2025,March,4
04-03-2025,Maharashtra,191,Moderate,84.2,131.5,30.8,8.7,1.07,54.2,2025,March,4
04-03-2025,Manipur,195,Moderate,87.5,148.3,33.3,9.4,1.06,59,2025,March,4
04-03-2025,Meghalaya,162,Moderate,72.7,110.6,25.7,9,0.89,55.4,2025,March,4
04-03-2025,Mizoram,166,Moderate,73.6,124.5,25,8.4,0.88,59.2,2025,March,4
04-03-2025,Nagaland,204,Poor,87.8,140.5,31.6,10.3,1.09,49.2,2025,March,4
04-03-2025,Odisha,167,Moderate,69.9,120.6,25.7,9.2,0.91,58.8,2025,March,4
04-03-2025,Punjab,189,Moderate,84.7,137.2,29.4,9.1,0.99,57.9,2025,March,4
04-03-2025,Rajasthan,118,Moderate,46.5,82.1,19.8,6.6,0.58,56.4,2025,March,4
04-03-2025,Sikkim,172,Moderate,73.2,132.7,25.2,8.9,0.95,54.7,2025,March,4
04-03-2025,Tamil Nadu,168,Moderate,71,125.7,28.7,7.5,0.91,60.5,2025,March,4
04-03-2025,Telangana,124,Moderate,56.2,92.9,17,6.1,0.71,58.4,2025,March,4
04-03-2025,Tripura,165,Moderate,63.6,120.9,27.6,8.9,0.95,53.2,2025,March,4
04-03-2025,Uttar Pradesh,198,Moderate,87.3,145.9,28.7,10.7,1.17,56.5,2025,March,4
04-03-2025,Uttarakhand,105,Moderate,46.2,77.6,15.4,5.1,0.55,57.4,2025,March,4
04-03-2025,West Bengal,93,Satisfactory,35.5,65.2,15.2,5.5,0.54,64.9,2025,March,4
05-03-2025,Andhra Pradesh,186,Moderate,75.4,127.2,29.9,8.3,1,59.1,2025,March,5
05-03-2025,Arunachal Pradesh,95,Satisfactory,35.4,69.4,14.2,4.5,0.57,61,2025,March,5
05-03-2025,Assam,148,Moderate,57.6,110.6,24.8,8.1,0.79,62.5,2025,March,5
05-03-2025,Bihar,133,Moderate,52.5,100.8,19.4,6.5,0.8,59,2025,March,5
05-03-2025,Chhattisgarh,113,Moderate,51.2,85.9,20.9,5.8,0.7,59.1,2025,March,5
05-03-2025,Goa,110,Moderate,40.6,86.9,17,4.6,0.61,60.7,2025,March,5
05-03-2025,Gujarat,145,Moderate,58.5,103.3,24.3,6.3,0.88,56,2025,March,5
05-03-2025,Haryana,96,Satisfactory,37.1,77.1,13.3,5.5,0.57,65,2025,March,5
05-03-2025,Himachal Pradesh,173,Moderate,70.7,128.4,25.1,8.7,0.98,61,2025,March,5
05-03-2025,Jharkhand,169,Moderate,65.2,130.7,26.5,9.4,0.95,56.4,2025,March,5
05-03-2025,Karnataka,129,Moderate,49.7,90.3,20.9,5.7,0.62,55.7,2025,March,5
05-03-2025,Kerala,159,Moderate,67.7,112.4,24.5,7.2,0.83,56.9,2025,March,5
05-03-2025,Madhya Pradesh,134,Moderate,56.2,106.2,20.9,6.8,0.72,63.9,2025,March,5
05-03-2025,Maharashtra,145,Moderate,61.6,112,21.1,6.8,0.75,56.6,2025,March,5
05-03-2025,Manipur,161,Moderate,63.5,111.1,25,8,0.9,60.3,2025,March,5
05-03-2025,Meghalaya,139,Moderate,57.2,108.7,21.1,6.4,0.83,63.2,2025,March,5
05-03-2025,Mizoram,145,Moderate,59.7,110.9,25.5,7.6,0.72,53.9,2025,March,5
05-03-2025,Nagaland,191,Moderate,81.4,142.2,28.3,10.3,1.04,58.4,2025,March,5
05-03-2025,Odisha,141,Moderate,54.7,104.3,25.5,6.7,0.75,57.3,2025,March,5
05-03-2025,Punjab,205,Poor,81.8,157.5,35.7,9.3,1.2,58.5,2025,March,5
05-03-2025,Rajasthan,97,Satisfactory,39.4,78.5,12.9,5.5,0.45,60.2,2025,March,5
05-03-2025,Sikkim,168,Moderate,64.8,117.2,24.5,7.5,0.94,58.8,2025,March,5
05-03-2025,Tamil Nadu,135,Moderate,51,92.7,20.5,6.7,0.74,55.2,2025,March,5
05-03-2025,Telangana,137,Moderate,52.8,99.5,20.4,6.9,0.86,57.6,2025,March,5
05-03-2025,Tripura,174,Moderate,72.8,116.8,28.9,8.3,0.9,55.1,2025,March,5
05-03-2025,Uttar Pradesh,198,Moderate,79.5,141.6,33.4,10.4,1.03,49.9,2025,March,5
05-03-2025,Uttarakhand,130,Moderate,55.4,85.6,20.1,6.3,0.67,59.9,2025,March,5
05-03-2025,West Bengal,105,Moderate,47.1,75.7,15.4,6,0.67,64.5,2025,March,5
06-03-2025,Andhra Pradesh,142,Moderate,60.1,103.3,20.9,7.2,0.77,62.9,2025,March,6
06-03-2025,Arunachal Pradesh,101,Moderate,36.8,80.4,16.9,5.1,0.65,64.8,2025,March,6
06-03-2025,Assam,184,Moderate,74.3,123.9,26.8,8.9,1.03,58.2,2025,March,6
06-03-2025,Bihar,144,Moderate,56.7,111.5,24.3,7.8,0.82,54,2025,March,6
06-03-2025,Chhattisgarh,116,Moderate,51.8,82.8,18.3,6.7,0.67,64.8,2025,March,6
06-03-2025,Goa,118,Moderate,52.5,83.7,18.3,6,0.67,63.2,2025,March,6
06-03-2025,Gujarat,131,Moderate,52.2,103.7,19.4,6.2,0.72,63.7,2025,March,6
06-03-2025,Haryana,125,Moderate,47.1,81.1,22.3,7,0.6,61.6,2025,March,6
06-03-2025,Himachal Pradesh,207,Poor,85.4,142,30.2,11.2,1.19,52.4,2025,March,6
06-03-2025,Jharkhand,191,Moderate,74.5,133,30.1,8.6,1.12,57.5,2025,March,6
06-03-2025,Karnataka,107,Moderate,40.6,86.2,16.2,5.5,0.55,60.1,2025,March,6
06-03-2025,Kerala,175,Moderate,70.6,135.7,31,8.6,0.87,53,2025,March,6
06-03-2025,Madhya Pradesh,117,Moderate,53.8,85.2,19.9,5.9,0.55,62.9,2025,March,6
06-03-2025,Maharashtra,187,Moderate,73.7,142.7,27,10,1.07,59.6,2025,March,6
06-03-2025,Manipur,202,Poor,80.9,144.4,33.8,9.9,1.22,57,2025,March,6
06-03-2025,Meghalaya,113,Moderate,42.4,72,16.1,6.1,0.61,57.9,2025,March,6
06-03-2025,Mizoram,161,Moderate,63.1,124.3,25.1,7.8,0.98,56.6,2025,March,6
06-03-2025,Nagaland,183,Moderate,72.9,136.9,26.7,8.9,1.04,55.4,2025,March,6
06-03-2025,Odisha,180,Moderate,70.8,132.7,29.6,9.4,0.99,53.6,2025,March,6
06-03-2025,Punjab,170,Moderate,77.3,126.1,24.2,7.7,0.97,53.9,2025,March,6
06-03-2025,Rajasthan,130,Moderate,56.5,95.2,22.9,6.4,0.74,62.6,2025,March,6
06-03-2025,Sikkim,167,Moderate,67.6,113.2,23.7,9.3,0.97,55.7,2025,March,6
06-03-2025,Tamil Nadu,171,Moderate,71.4,123.4,25.1,8.8,1.01,55.3,2025,March,6
06-03-2025,Telangana,127,Moderate,53.7,93.6,17.8,6.5,0.62,61.9,2025,March,6
06-03-2025,Tripura,188,Moderate,83.6,139.3,29,10,1.03,51.8,2025,March,6
06-03-2025,Uttar Pradesh,202,Poor,85.9,154.9,33,10.7,1.15,56.1,2025,March,6
06-03-2025,Uttarakhand,114,Moderate,45.4,79.9,16.3,6.2,0.58,60.1,2025,March,6
06-03-2025,West Bengal,106,Moderate,46.6,82.8,18,4.6,0.62,63.4,2025,March,6
07-03-2025,Andhra Pradesh,174,Moderate,72.9,125.7,27,8.6,0.94,52.2,2025,March,7
07-03-2025,Arunachal Pradesh,126,Moderate,47.9,83.8,19.2,6.8,0.79,60.4,2025,March,7
07-03-2025,Assam,168,Moderate,73.7,120.3,26.9,8.4,0.91,58.2,2025,March,7
07-03-2025,Bihar,130,Moderate,56.8,99,20.5,7.2,0.69,63.1,2025,March,7
07-03-2025,Chhattisgarh,157,Moderate,65.2,106.6,25.1,8.4,0.89,59.8,2025,March,7
07-03-2025,Goa,123,Moderate,55.5,86.7,17.9,5.6,0.65,55.5,2025,March,7
07-03-2025,Gujarat,120,Moderate,44.6,94.3,20.5,5.1,0.66,60,2025,March,7
07-03-2025,Haryana,105,Moderate,45.9,80.3,19.5,5.8,0.67,62.4,2025,March,7
07-03-2025,Himachal Pradesh,185,Moderate,71.8,141.1,27.2,9.2,1.09,53.4,2025,March,7
07-03-2025,Jharkhand,168,Moderate,69.1,115.1,28.3,9.3,0.92,54,2025,March,7
07-03-2025,Karnataka,155,Moderate,61.7,109.9,27.1,6.9,0.88,57.7,2025,March,7
07-03-2025,Kerala,170,Moderate,77.4,129.9,25.2,7.6,0.93,53.7,2025,March,7
07-03-2025,Madhya Pradesh,93,Satisfactory,40.6,60,14.9,5.1,0.47,60.2,2025,March,7
07-03-2025,Maharashtra,170,Moderate,69.7,118.4,28.7,8.1,1.04,58.4,2025,March,7
07-03-2025,Manipur,170,Moderate,66.1,125.1,27.5,7.6,0.91,60.4,2025,March,7
07-03-2025,Meghalaya,139,Moderate,60.2,96.8,24.6,6,0.79,57.4,2025,March,7
07-03-2025,Mizoram,162,Moderate,63.1,125,23.3,8.2,0.89,59.7,2025,March,7
07-03-2025,Nagaland,180,Moderate,70.4,135,31.7,9.5,0.94,50.8,2025,March,7
07-03-2025,Odisha,185,Moderate,82,140,29.2,8.4,1.11,58.8,2025,March,7
07-03-2025,Punjab,175,Moderate,74.9,133.6,28.8,8.4,0.92,53,2025,March,7
07-03-2025,Rajasthan,97,Satisfactory,38.6,71.3,13.5,5.6,0.47,64.9,2025,March,7
07-03-2025,Sikkim,165,Moderate,65,118.8,27.4,9.2,0.85,56.3,2025,March,7
07-03-2025,Tamil Nadu,140,Moderate,56.5,109.4,22.2,7.8,0.73,62.3,2025,March,7
07-03-2025,Telangana,123,Moderate,53.4,82,17.2,6.2,0.72,57.7,2025,March,7
07-03-2025,Tripura,190,Moderate,85.3,128.9,31.5,9.7,1.03,53.6,2025,March,7
07-03-2025,Uttar Pradesh,181,Moderate,72.6,139.4,30.1,8.4,0.94,58.9,2025,March,7
07-03-2025,Uttarakhand,148,Moderate,63,107.5,24.4,7.9,0.78,61,2025,March,7
07-03-2025,West Bengal,87,Satisfactory,31.1,72.1,15.5,5,0.44,61.8,2025,March,7
08-03-2025,Andhra Pradesh,171,Moderate,74.1,132.7,30.2,9.3,0.93,61,2025,March,8
08-03-2025,Arunachal Pradesh,106,Moderate,46.7,80.1,16.9,5.5,0.65,62.5,2025,March,8
08-03-2025,Assam,195,Moderate,78.5,131,28.6,9.7,0.99,52.2,2025,March,8
08-03-2025,Bihar,125,Moderate,51.6,91.5,19.3,6.6,0.71,63.2,2025,March,8
08-03-2025,Chhattisgarh,113,Moderate,53.1,81.6,18.4,5.8,0.57,58.5,2025,March,8
08-03-2025,Goa,139,Moderate,62.9,109.6,24,7,0.84,56.3,2025,March,8
08-03-2025,Gujarat,119,Moderate,44.3,77.9,17.5,6.8,0.67,58.8,2025,March,8
08-03-2025,Haryana,111,Moderate,40.7,86.3,16.7,6.1,0.55,65.7,2025,March,8
08-03-2025,Himachal Pradesh,196,Moderate,86.5,148.5,28.4,8.9,1.16,53.6,2025,March,8
08-03-2025,Jharkhand,208,Poor,83.3,146.4,32.7,11.1,1.25,50.3,2025,March,8
08-03-2025,Karnataka,111,Moderate,51,80.8,20.2,5,0.69,57,2025,March,8
08-03-2025,Kerala,183,Moderate,80.5,134.4,27,9.2,1.06,54.8,2025,March,8
08-03-2025,Madhya Pradesh,88,Satisfactory,40.1,68,12.8,4.7,0.58,67.2,2025,March,8
08-03-2025,Maharashtra,162,Moderate,63.1,106.7,27.3,8.6,0.85,60.9,2025,March,8
08-03-2025,Manipur,160,Moderate,66.9,106.5,27.9,8.6,0.86,56.7,2025,March,8
08-03-2025,Meghalaya,143,Moderate,58.2,95.9,24.2,7.6,0.85,58.7,2025,March,8
08-03-2025,Mizoram,177,Moderate,71.4,126.1,29,9.7,0.98,60.3,2025,March,8
08-03-2025,Nagaland,171,Moderate,69.9,116.9,25.3,8,1.05,52.3,2025,March,8
08-03-2025,Odisha,167,Moderate,74.5,124,29.6,9.1,0.92,61.6,2025,March,8
08-03-2025,Punjab,199,Moderate,82.8,152.9,33.9,9,1.07,55,2025,March,8
08-03-2025,Rajasthan,107,Moderate,40.2,68.9,17.5,5.5,0.5,59.6,2025,March,8
08-03-2025,Sikkim,168,Moderate,71,128.9,25.2,8.9,0.86,56.5,2025,March,8
08-03-2025,Tamil Nadu,140,Moderate,58.2,103.4,25.3,7.2,0.85,59.5,2025,March,8
08-03-2025,Telangana,151,Moderate,66.3,118.7,23.5,8.3,0.9,61.1,2025,March,8
08-03-2025,Tripura,152,Moderate,60.4,112.1,23,7.6,0.77,57.3,2025,March,8
08-03-2025,Uttar Pradesh,211,Poor,88.4,148.3,30.8,10.6,1.16,57.9,2025,March,8
08-03-2025,Uttarakhand,154,Moderate,69.7,115.3,21.7,7.4,0.94,55.3,2025,March,8
08-03-2025,West Bengal,132,Moderate,58.9,89.2,18.6,7.5,0.71,63.6,2025,March,8
09-03-2025,Andhra Pradesh,171,Moderate,72.8,132,27.2,7.8,0.94,55.5,2025,March,9
09-03-2025,Arunachal Pradesh,111,Moderate,45,88,16,5.3,0.62,66.1,2025,March,9
09-03-2025,Assam,197,Moderate,85,149.5,32.9,9.8,1.04,54.3,2025,March,9
09-03-2025,Bihar,124,Moderate,56,91.3,19.6,6.4,0.7,60.3,2025,March,9
09-03-2025,Chhattisgarh,130,Moderate,55.3,100,19.6,6.7,0.76,62.3,2025,March,9
09-03-2025,Goa,152,Moderate,67.9,111,21.3,6.7,0.76,62.5,2025,March,9
09-03-2025,Gujarat,126,Moderate,54.2,84.7,20.5,5.6,0.67,63.2,2025,March,9
09-03-2025,Haryana,122,Moderate,56.2,84.3,22.4,5.4,0.68,62.5,2025,March,9
09-03-2025,Himachal Pradesh,173,Moderate,68,115.2,27.8,8.5,0.95,57.3,2025,March,9
09-03-2025,Jharkhand,193,Moderate,85.5,133.3,30.4,9.5,1.07,56.4,2025,March,9
09-03-2025,Karnataka,133,Moderate,53.4,99.7,19.7,6,0.76,54.5,2025,March,9
09-03-2025,Kerala,179,Moderate,70.4,121.7,26.4,9.8,1,58.5,2025,March,9
09-03-2025,Madhya Pradesh,109,Moderate,41.3,81.2,16.6,5.7,0.6,59.7,2025,March,9
09-03-2025,Maharashtra,167,Moderate,71.9,115,26.6,8.2,0.9,57.9,2025,March,9
09-03-2025,Manipur,180,Moderate,76.7,129.9,30.7,8.6,1.04,53.3,2025,March,9
09-03-2025,Meghalaya,154,Moderate,65.2,111.3,26.6,7.3,0.95,57.2,2025,March,9
09-03-2025,Mizoram,153,Moderate,69.6,114,24.5,7.5,0.77,54,2025,March,9
09-03-2025,Nagaland,174,Moderate,69.4,135.3,30.3,9.5,0.97,53.9,2025,March,9
09-03-2025,Odisha,141,Moderate,56.8,106.8,19.7,7.3,0.77,58.4,2025,March,9
09-03-2025,Punjab,191,Moderate,83.8,146.4,29.7,9.3,0.98,58.8,2025,March,9
09-03-2025,Rajasthan,116,Moderate,42.8,86.6,19.8,6.5,0.69,62,2025,March,9
09-03-2025,Sikkim,158,Moderate,70.5,111.6,25.9,8.8,0.86,57.7,2025,March,9
09-03-2025,Tamil Nadu,166,Moderate,64.1,124.4,24.7,8,1.01,53.2,2025,March,9
09-03-2025,Telangana,146,Moderate,63.3,110.3,24,6.5,0.85,55.6,2025,March,9
09-03-2025,Tripura,178,Moderate,69.8,127.2,26.5,9.4,0.99,57.6,2025,March,9
09-03-2025,Uttar Pradesh,211,Poor,92.4,157.4,33.2,11.3,1.11,56.4,2025,March,9
09-03-2025,Uttarakhand,140,Moderate,59,100.5,21.7,6.8,0.73,56.1,2025,March,9
09-03-2025,West Bengal,105,Moderate,42.4,80,19.1,4.6,0.64,66.5,2025,March,9
10-03-2025,Andhra Pradesh,190,Moderate,79.5,141.3,29.7,9.3,1.07,54.6,2025,March,10
10-03-2025,Arunachal Pradesh,119,Moderate,55,93.9,18.8,6.6,0.65,62.5,2025,March,10
10-03-2025,Assam,179,Moderate,78.9,129.4,30.3,8.6,0.99,55.7,2025,March,10
10-03-2025,Bihar,121,Moderate,56.8,91.7,21.8,6.1,0.63,64.5,2025,March,10
10-03-2025,Chhattisgarh,150,Moderate,57.8,116.9,22.7,8,0.79,53.9,2025,March,10
10-03-2025,Goa,118,Moderate,51.8,87.3,20.1,6.3,0.56,60.4,2025,March,10
10-03-2025,Gujarat,103,Moderate,37.6,84,17.9,5.8,0.66,62.8,2025,March,10
10-03-2025,Haryana,121,Moderate,52.6,96.4,21.2,6.6,0.68,56.4,2025,March,10
10-03-2025,Himachal Pradesh,202,Poor,81.9,141,35.1,9.2,1.08,56.9,2025,March,10
10-03-2025,Jharkhand,207,Poor,84.9,139.2,30.2,10,1.18,51.7,2025,March,10
10-03-2025,Karnataka,119,Moderate,48.6,82.2,17.5,6,0.69,56.8,2025,March,10
10-03-2025,Kerala,166,Moderate,70.7,117.7,26.1,8.3,0.9,55.1,2025,March,10
10-03-2025,Madhya Pradesh,136,Moderate,62,100.7,22.9,6.7,0.78,56.1,2025,March,10
10-03-2025,Maharashtra,161,Moderate,66,108.2,24.4,8.1,0.83,61.1,2025,March,10
10-03-2025,Manipur,196,Moderate,85.3,138.2,34.3,10,1.01,52.5,2025,March,10
10-03-2025,Meghalaya,150,Moderate,68,112.4,25.2,8.3,0.93,60.4,2025,March,10
10-03-2025,Mizoram,178,Moderate,78.1,128.4,28.6,8.4,1,57.2,2025,March,10
10-03-2025,Nagaland,173,Moderate,69.4,122,28.3,9.5,0.89,52.5,2025,March,10
10-03-2025,Odisha,138,Moderate,60.4,93.3,22.5,6,0.74,60.5,2025,March,10
10-03-2025,Punjab,175,Moderate,69,127.5,31,9.1,0.96,54.7,2025,March,10
10-03-2025,Rajasthan,97,Satisfactory,43.5,63.5,14.9,4.7,0.54,63.6,2025,March,10
10-03-2025,Sikkim,153,Moderate,63.2,111.5,24,7.7,0.86,57.6,2025,March,10
10-03-2025,Tamil Nadu,159,Moderate,67.2,108.7,26.4,8.4,0.93,54.7,2025,March,10
10-03-2025,Telangana,155,Moderate,64.1,106.7,26.6,8.5,0.95,53.8,2025,March,10
10-03-2025,Tripura,152,Moderate,64.6,104.6,26,8.4,0.88,59.8,2025,March,10
10-03-2025,Uttar Pradesh,169,Moderate,69.8,127.9,27.8,9.1,0.99,56.8,2025,March,10
10-03-2025,Uttarakhand,152,Moderate,69.8,117.3,23.2,7.9,0.86,60.2,2025,March,10
10-03-2025,West Bengal,99,Satisfactory,47.1,77.3,13.9,5.4,0.52,58.7,2025,March,10
11-03-2025,Andhra Pradesh,189,Moderate,77.7,135.8,30.4,9.3,1.11,53.9,2025,March,11
11-03-2025,Arunachal Pradesh,121,Moderate,52.2,87.8,20.7,5.8,0.73,57,2025,March,11
11-03-2025,Assam,180,Moderate,76.4,133.6,26.8,9.3,1.06,51.9,2025,March,11
11-03-2025,Bihar,113,Moderate,44.9,81.9,18.2,5,0.64,64.2,2025,March,11
11-03-2025,Chhattisgarh,147,Moderate,62.5,111.5,22.1,7.4,0.74,60.7,2025,March,11
11-03-2025,Goa,121,Moderate,52.5,85.3,21.6,6.9,0.77,61.4,2025,March,11
11-03-2025,Gujarat,135,Moderate,57.3,96.1,21.9,6.3,0.71,58.6,2025,March,11
11-03-2025,Haryana,126,Moderate,54,90,17.2,6.1,0.71,60.6,2025,March,11
11-03-2025,Himachal Pradesh,180,Moderate,75.5,133.1,29.9,9.7,1.02,58.6,2025,March,11
11-03-2025,Jharkhand,170,Moderate,69.3,124.6,28.1,7.9,0.88,52.7,2025,March,11
11-03-2025,Karnataka,124,Moderate,57.9,98.5,17.8,6.7,0.75,62.8,2025,March,11
11-03-2025,Kerala,178,Moderate,77.3,129.2,30.2,8.4,1,56.9,2025,March,11
11-03-2025,Madhya Pradesh,99,Satisfactory,39.4,61.3,16,5.6,0.61,64.2,2025,March,11
11-03-2025,Maharashtra,176,Moderate,78.5,136.7,31,9.6,1,56.1,2025,March,11
11-03-2025,Manipur,194,Moderate,86.1,136.1,30.4,10,1.06,53.8,2025,March,11
11-03-2025,Meghalaya,134,Moderate,56.6,92.3,20.1,7.6,0.81,62.8,2025,March,11
11-03-2025,Mizoram,152,Moderate,63,119,23.5,6.7,0.8,57.7,2025,March,11
11-03-2025,Nagaland,177,Moderate,77.6,118.8,31,8.3,1.02,57.7,2025,March,11
11-03-2025,Odisha,136,Moderate,58.9,91.4,23.5,7.7,0.82,60.7,2025,March,11
11-03-2025,Punjab,198,Moderate,88.1,135.3,31.1,10.3,1.07,56,2025,March,11
11-03-2025,Rajasthan,105,Moderate,50,83.8,13.9,5.3,0.65,58.6,2025,March,11
11-03-2025,Sikkim,163,Moderate,64.9,120,23.4,8.2,0.89,55.2,2025,March,11
11-03-2025,Tamil Nadu,149,Moderate,58.9,105.8,21.9,7.8,0.92,61.2,2025,March,11
11-03-2025,Telangana,161,Moderate,69.2,125.4,23.7,7.8,0.83,52.3,2025,March,11
11-03-2025,Tripura,147,Moderate,64.3,115.6,22.9,8.2,0.88,57.9,2025,March,11
11-03-2025,Uttar Pradesh,170,Moderate,69.5,112.5,27.4,8.3,1.03,55.5,2025,March,11
11-03-2025,Uttarakhand,135,Moderate,53.8,107,20.4,7,0.7,62.7,2025,March,11
11-03-2025,West Bengal,106,Moderate,46.1,85.2,17.2,5.4,0.67,64.6,2025,March,11
12-03-2025,Andhra Pradesh,155,Moderate,67.9,103.2,26.9,6.8,0.83,58.6,2025,March,12
12-03-2025,Arunachal Pradesh,130,Moderate,49.8,92.1,23.7,6.5,0.77,56.5,2025,March,12
12-03-2025,Assam,183,Moderate,77.1,133.7,26.9,9.6,1.09,59,2025,March,12
12-03-2025,Bihar,129,Moderate,49,98,22.1,6.4,0.79,58.1,2025,March,12
12-03-2025,Chhattisgarh,119,Moderate,47.7,79.7,17.2,6.9,0.69,57.9,2025,March,12
12-03-2025,Goa,106,Moderate,39,74.6,14.3,5.9,0.6,59.7,2025,March,12
12-03-2025,Gujarat,112,Moderate,47,75,20.3,5,0.65,63.6,2025,March,12
12-03-2025,Haryana,89,Satisfactory,34,59.4,16.7,5.1,0.46,62.1,2025,March,12
12-03-2025,Himachal Pradesh,164,Moderate,68.9,112.2,26.3,8.1,0.82,55.3,2025,March,12
12-03-2025,Jharkhand,187,Moderate,81.2,129.5,29.9,8.9,1.04,60,2025,March,12
12-03-2025,Karnataka,147,Moderate,57.4,108.8,22.3,7.6,0.86,57.6,2025,March,12
12-03-2025,Kerala,187,Moderate,74.4,142.5,31.4,8.6,0.97,56.5,2025,March,12
12-03-2025,Madhya Pradesh,99,Satisfactory,39.6,74.1,15.6,4.6,0.55,58.2,2025,March,12
12-03-2025,Maharashtra,156,Moderate,68.7,111.5,27.5,6.8,0.91,55.5,2025,March,12
12-03-2025,Manipur,156,Moderate,61.1,113,24.8,8,0.93,62.2,2025,March,12
12-03-2025,Meghalaya,135,Moderate,59.2,93.5,23.2,6.2,0.74,55.9,2025,March,12
12-03-2025,Mizoram,167,Moderate,65.2,120.2,28.2,8.4,0.96,59.1,2025,March,12
12-03-2025,Nagaland,177,Moderate,75,135,30.1,9.8,1.04,54.7,2025,March,12
12-03-2025,Odisha,150,Moderate,62,102.5,26.9,6.7,0.83,59.2,2025,March,12
12-03-2025,Punjab,203,Poor,89,155.7,31.2,11.1,1.1,55.2,2025,March,12
12-03-2025,Rajasthan,126,Moderate,58.3,86.2,21.4,5.7,0.7,60.3,2025,March,12
12-03-2025,Sikkim,191,Moderate,82.1,142,33.2,10.2,1.09,59.5,2025,March,12
12-03-2025,Tamil Nadu,160,Moderate,67.6,118.7,24.5,8.9,0.79,54.2,2025,March,12
12-03-2025,Telangana,114,Moderate,45.4,84,16.2,6.3,0.73,61.1,2025,March,12
12-03-2025,Tripura,158,Moderate,70.1,119.4,23.5,8.6,0.84,59.9,2025,March,12
12-03-2025,Uttar Pradesh,205,Poor,82.2,155.9,31.8,10.7,1.11,57.4,2025,March,12
12-03-2025,Uttarakhand,122,Moderate,50.9,83.5,20.4,6.8,0.61,64.8,2025,March,12
12-03-2025,West Bengal,109,Moderate,39.9,75.7,17.5,4.8,0.64,63.5,2025,March,12
13-03-2025,Andhra Pradesh,163,Moderate,69.1,119.8,23.6,8.7,0.99,56.5,2025,March,13
13-03-2025,Arunachal Pradesh,107,Moderate,46.1,76.3,16.4,5.1,0.53,60,2025,March,13
13-03-2025,Assam,154,Moderate,66.5,111.1,25.5,7.3,0.94,60.7,2025,March,13
13-03-2025,Bihar,156,Moderate,62.6,112.2,23.6,8,0.8,57.9,2025,March,13
13-03-2025,Chhattisgarh,132,Moderate,58.9,95.5,18.4,6.9,0.78,55.1,2025,March,13
13-03-2025,Goa,153,Moderate,64.2,100.8,23.4,8.1,0.9,62.6,2025,March,13
13-03-2025,Gujarat,112,Moderate,52.2,74.7,16.8,6,0.54,63.9,2025,March,13
13-03-2025,Haryana,122,Moderate,47.7,89.5,20.7,6.8,0.71,55.5,2025,March,13
13-03-2025,Himachal Pradesh,168,Moderate,68.8,119.3,24,8.8,0.84,58.7,2025,March,13
13-03-2025,Jharkhand,204,Poor,88.9,156.6,33.1,10.3,1.21,52.9,2025,March,13
13-03-2025,Karnataka,140,Moderate,63.5,95.9,24.1,6.7,0.84,60.1,2025,March,13
13-03-2025,Kerala,158,Moderate,65.2,109,25.9,7.9,0.94,54.7,2025,March,13
13-03-2025,Madhya Pradesh,111,Moderate,41.4,81.6,18.4,6.5,0.64,56.8,2025,March,13
13-03-2025,Maharashtra,191,Moderate,86.1,127.7,29.9,9.5,0.98,59.4,2025,March,13
13-03-2025,Manipur,160,Moderate,69.7,117.3,27,7.5,0.89,55.5,2025,March,13
13-03-2025,Meghalaya,159,Moderate,67.9,123.4,24.7,8.3,0.88,59.8,2025,March,13
13-03-2025,Mizoram,153,Moderate,60.3,104.5,23.5,7.4,0.88,57.3,2025,March,13
13-03-2025,Nagaland,163,Moderate,71.4,113.9,23.3,8.1,0.92,60.4,2025,March,13
13-03-2025,Odisha,165,Moderate,72,124.4,27.4,7.7,0.85,61.5,2025,March,13
13-03-2025,Punjab,183,Moderate,79.8,138.6,31.1,9.1,0.98,51.8,2025,March,13
13-03-2025,Rajasthan,136,Moderate,51.7,99.2,24.7,5.9,0.77,59.9,2025,March,13
13-03-2025,Sikkim,168,Moderate,65.5,111.7,26.6,7.7,0.98,57.7,2025,March,13
13-03-2025,Tamil Nadu,140,Moderate,64.3,106,21.4,7.6,0.75,56.9,2025,March,13
13-03-2025,Telangana,145,Moderate,65.4,112.3,25.5,6.3,0.83,55.1,2025,March,13
13-03-2025,Tripura,186,Moderate,72.7,124.2,27.2,10.2,1.02,51.6,2025,March,13
13-03-2025,Uttar Pradesh,183,Moderate,82.8,124.9,26.5,9.1,1.1,57.6,2025,March,13
13-03-2025,Uttarakhand,144,Moderate,64.8,113.4,21.2,6.3,0.74,56.8,2025,March,13
13-03-2025,West Bengal,123,Moderate,49.7,85.6,17.5,5.2,0.74,63.6,2025,March,13
14-03-2025,Andhra Pradesh,159,Moderate,72.6,107.9,28.1,7.2,0.79,61.9,2025,March,14
14-03-2025,Arunachal Pradesh,99,Satisfactory,40.7,80.2,16.2,4.4,0.48,57.4,2025,March,14
14-03-2025,Assam,188,Moderate,82.2,129.7,32.6,9.5,1.05,56.7,2025,March,14
14-03-2025,Bihar,120,Moderate,54.6,87.3,20.8,6.7,0.77,60.6,2025,March,14
14-03-2025,Chhattisgarh,120,Moderate,48.6,86.9,21.4,5.3,0.76,59.5,2025,March,14
14-03-2025,Goa,119,Moderate,53.3,82.8,19.3,5.2,0.71,57.6,2025,March,14
14-03-2025,Gujarat,130,Moderate,55.8,95.8,20.4,5.5,0.72,59.3,2025,March,14
14-03-2025,Haryana,133,Moderate,56,98.3,19.1,7.2,0.73,58.9,2025,March,14
14-03-2025,Himachal Pradesh,173,Moderate,73.8,115.3,25.4,8.9,0.88,55.6,2025,March,14
14-03-2025,Jharkhand,166,Moderate,65.3,117.3,26.5,8.7,0.93,61.3,2025,March,14
14-03-2025,Karnataka,128,Moderate,54.8,90.2,20.6,5.9,0.77,61.8,2025,March,14
14-03-2025,Kerala,171,Moderate,72.9,127.3,30.2,8.5,0.92,55.1,2025,March,14
14-03-2025,Madhya Pradesh,113,Moderate,42.4,79.6,15.7,5.8,0.55,61.8,2025,March,14
14-03-2025,Maharashtra,181,Moderate,80.6,140.3,27.2,9.2,1.07,53,2025,March,14
14-03-2025,Manipur,181,Moderate,78.3,139.4,26.2,9.4,0.94,58.4,2025,March,14
14-03-2025,Meghalaya,115,Moderate,43.9,84.4,19.7,5.3,0.57,57.7,2025,March,14
14-03-2025,Mizoram,161,Moderate,68.9,113,24,7.4,0.94,54.6,2025,March,14
14-03-2025,Nagaland,179,Moderate,77.8,134.6,29.1,8.3,0.93,51.7,2025,March,14
14-03-2025,Odisha,167,Moderate,69.3,129.1,29,7.8,0.95,60.9,2025,March,14
14-03-2025,Punjab,205,Poor,91.8,154.4,32.6,10.6,1.19,52.7,2025,March,14
14-03-2025,Rajasthan,103,Moderate,42.5,76.5,18.8,4.2,0.51,64.5,2025,March,14
14-03-2025,Sikkim,179,Moderate,70,137.9,29.3,8.1,1.03,54.3,2025,March,14
14-03-2025,Tamil Nadu,176,Moderate,71.1,119.8,28.1,9,1,51.1,2025,March,14
14-03-2025,Telangana,143,Moderate,55.1,98.3,22.6,6.9,0.8,57.2,2025,March,14
14-03-2025,Tripura,177,Moderate,78.5,134.3,28.5,8.9,0.89,55.2,2025,March,14
14-03-2025,Uttar Pradesh,204,Poor,91.7,146.6,34.1,11,1.13,58.7,2025,March,14
14-03-2025,Uttarakhand,124,Moderate,54.8,83.8,19.3,5.4,0.78,63,2025,March,14
14-03-2025,West Bengal,116,Moderate,44.1,79.7,17.7,6.6,0.69,58.5,2025,March,14
15-03-2025,Andhra Pradesh,191,Moderate,85.8,131.6,28.3,10.3,1.04,58.9,2025,March,15
15-03-2025,Arunachal Pradesh,97,Satisfactory,38.2,79.6,13.7,5.6,0.57,66.7,2025,March,15
15-03-2025,Assam,183,Moderate,80.6,138.1,27.1,8.2,1.05,56.3,2025,March,15
15-03-2025,Bihar,148,Moderate,59.2,98.8,25.9,8.4,0.75,62.1,2025,March,15
15-03-2025,Chhattisgarh,147,Moderate,67,110.3,25.6,6.7,0.88,58.2,2025,March,15
15-03-2025,Goa,148,Moderate,58.6,109.3,23,7.9,0.86,55.5,2025,March,15
15-03-2025,Gujarat,120,Moderate,45.7,81.8,20.1,6.5,0.75,61,2025,March,15
15-03-2025,Haryana,132,Moderate,58,99.2,21.7,7.3,0.65,57.5,2025,March,15
15-03-2025,Himachal Pradesh,169,Moderate,72.3,119.4,27.7,8.1,0.91,53.2,2025,March,15
15-03-2025,Jharkhand,196,Moderate,85.4,139.1,34,9.4,1.06,56.4,2025,March,15
15-03-2025,Karnataka,109,Moderate,46.8,82,19.5,5.3,0.68,57.7,2025,March,15
15-03-2025,Kerala,177,Moderate,77,121,28.1,8.7,0.98,60.8,2025,March,15
15-03-2025,Madhya Pradesh,119,Moderate,46.3,78.5,20.6,5.5,0.73,57.3,2025,March,15
15-03-2025,Maharashtra,165,Moderate,74,115.4,23.6,8.3,0.85,60.3,2025,March,15
15-03-2025,Manipur,177,Moderate,78.1,133.3,27,9.3,0.97,59.1,2025,March,15
15-03-2025,Meghalaya,147,Moderate,67,110.6,21.1,6.9,0.77,61.1,2025,March,15
15-03-2025,Mizoram,145,Moderate,63.2,94.8,22,6.4,0.76,58.8,2025,March,15
15-03-2025,Nagaland,186,Moderate,76.4,124.1,29.5,9.1,1.02,58.8,2025,March,15
15-03-2025,Odisha,157,Moderate,69.4,111.4,26.5,8.3,0.85,53.3,2025,March,15
15-03-2025,Punjab,160,Moderate,67.8,115.6,25.4,8.3,0.85,58.7,2025,March,15
15-03-2025,Rajasthan,96,Satisfactory,39,75.4,18.3,4.4,0.51,62.2,2025,March,15
15-03-2025,Sikkim,148,Moderate,63.9,105.2,24.3,7.6,0.82,53.7,2025,March,15
15-03-2025,Tamil Nadu,127,Moderate,55.4,84.4,18.5,6.6,0.72,64.4,2025,March,15
15-03-2025,Telangana,141,Moderate,63.6,107.3,20.4,7.1,0.84,61,2025,March,15
15-03-2025,Tripura,172,Moderate,72.1,115.9,28.1,9.6,0.9,60.2,2025,March,15
15-03-2025,Uttar Pradesh,204,Poor,86.9,152.4,29.7,9.7,1.14,50.9,2025,March,15
15-03-2025,Uttarakhand,131,Moderate,52.1,89.8,23.8,6.4,0.64,58,2025,March,15
15-03-2025,West Bengal,132,Moderate,59.4,97.8,20.5,6.4,0.68,63.2,2025,March,15
16-03-2025,Andhra Pradesh,146,Moderate,60.7,104,22.1,8,0.78,61.3,2025,March,16
16-03-2025,Arunachal Pradesh,86,Satisfactory,31,61.1,14.2,4.2,0.49,60.4,2025,March,16
16-03-2025,Assam,195,Moderate,76,131.1,31.6,8.8,1.08,52.7,2025,March,16
16-03-2025,Bihar,145,Moderate,59,102.8,23.8,7,0.74,59.1,2025,March,16
16-03-2025,Chhattisgarh,119,Moderate,45.9,80.3,18.2,6.5,0.63,62.8,2025,March,16
16-03-2025,Goa,115,Moderate,48.3,82.5,20.3,5.7,0.55,58.9,2025,March,16
16-03-2025,Gujarat,117,Moderate,49.6,91.7,20.2,5.2,0.75,56.9,2025,March,16
16-03-2025,Haryana,125,Moderate,47.4,89.3,18.4,6.7,0.76,56.7,2025,March,16
16-03-2025,Himachal Pradesh,209,Poor,85.5,153.5,35.5,11.3,1.19,52.9,2025,March,16
16-03-2025,Jharkhand,184,Moderate,75.6,132,27.5,10,1.12,59.8,2025,March,16
16-03-2025,Karnataka,132,Moderate,49.8,93.4,18.9,7.3,0.74,59,2025,March,16
16-03-2025,Kerala,153,Moderate,61.7,104.8,25.1,8.5,0.9,60.1,2025,March,16
16-03-2025,Madhya Pradesh,109,Moderate,40.7,79.8,14.7,6.1,0.56,65.6,2025,March,16
16-03-2025,Maharashtra,145,Moderate,63.9,98.5,21.2,7.2,0.78,61.5,2025,March,16
16-03-2025,Manipur,199,Moderate,83.3,147.6,34.2,10.7,1.02,53.9,2025,March,16
16-03-2025,Meghalaya,158,Moderate,68.3,121.5,27,7.5,0.91,52.8,2025,March,16
16-03-2025,Mizoram,187,Moderate,80.8,137.4,29.8,10.1,0.99,55.9,2025,March,16
16-03-2025,Nagaland,187,Moderate,75.9,139.4,28.1,9.4,1.04,56.5,2025,March,16
16-03-2025,Odisha,162,Moderate,70.5,123.3,25,7.6,0.83,56.7,2025,March,16
16-03-2025,Punjab,166,Moderate,64.3,113.2,25.7,9,0.98,59.8,2025,March,16
16-03-2025,Rajasthan,90,Satisfactory,38.4,62.7,14.9,4.7,0.5,66.9,2025,March,16
16-03-2025,Sikkim,157,Moderate,70.1,115.4,27.8,8.6,0.9,57.7,2025,March,16
16-03-2025,Tamil Nadu,160,Moderate,71.9,106.7,26.2,8.9,0.85,58.6,2025,March,16
16-03-2025,Telangana,149,Moderate,59.4,106.1,24.3,7.3,0.82,60.3,2025,March,16
16-03-2025,Tripura,173,Moderate,67.6,119,26.4,8.1,1,55.8,2025,March,16
16-03-2025,Uttar Pradesh,206,Poor,91,146.1,32.7,10.6,1.18,54,2025,March,16
16-03-2025,Uttarakhand,125,Moderate,53,80.7,21.6,6.9,0.61,56.5,2025,March,16
16-03-2025,West Bengal,106,Moderate,40.5,76.4,14.4,4.8,0.53,66.5,2025,March,16
17-03-2025,Andhra Pradesh,141,Moderate,57.2,96.8,19.6,7.8,0.7,56.8,2025,March,17
17-03-2025,Arunachal Pradesh,99,Satisfactory,44.7,70.1,17.1,5,0.52,61.8,2025,March,17
17-03-2025,Assam,162,Moderate,71.3,123.7,27.2,7.7,0.97,57,2025,March,17
17-03-2025,Bihar,124,Moderate,46.1,96.2,19.2,7.1,0.68,63.2,2025,March,17
17-03-2025,Chhattisgarh,146,Moderate,56.8,109.7,21.9,6.5,0.91,55.1,2025,March,17
17-03-2025,Goa,117,Moderate,50.6,82.4,21.2,4.9,0.67,59.4,2025,March,17
17-03-2025,Gujarat,136,Moderate,59.3,89,21.3,7.4,0.71,62.3,2025,March,17
17-03-2025,Haryana,92,Satisfactory,32.7,69.4,17.7,4.7,0.44,60.1,2025,March,17
17-03-2025,Himachal Pradesh,184,Moderate,79,136.7,32.2,8.9,1.01,57.9,2025,March,17
17-03-2025,Jharkhand,208,Poor,84.8,153.4,30.8,11.2,1.23,52.2,2025,March,17
17-03-2025,Karnataka,143,Moderate,55.6,105.7,19.9,7.8,0.82,59.8,2025,March,17
17-03-2025,Kerala,199,Moderate,77.7,151.1,32.5,9.7,1.17,56.5,2025,March,17
17-03-2025,Madhya Pradesh,124,Moderate,50.2,96.6,20.9,5.3,0.7,59.7,2025,March,17
17-03-2025,Maharashtra,154,Moderate,62.4,115.1,27.2,6.7,0.76,54.9,2025,March,17
17-03-2025,Manipur,195,Moderate,85.1,144.3,29.5,9.7,1.1,55.2,2025,March,17
17-03-2025,Meghalaya,159,Moderate,71.6,110.3,25.8,7.3,0.97,54.4,2025,March,17
17-03-2025,Mizoram,159,Moderate,69.8,110.2,24.7,7.9,0.82,57.6,2025,March,17
17-03-2025,Nagaland,183,Moderate,72.8,122,30.1,9.8,1.04,59.4,2025,March,17
17-03-2025,Odisha,138,Moderate,57.9,96.8,23.9,7.2,0.82,60.9,2025,March,17
17-03-2025,Punjab,190,Moderate,79.6,143.2,28.6,9.7,1.12,52.8,2025,March,17
17-03-2025,Rajasthan,125,Moderate,55.3,80.8,21.2,6.6,0.77,59.7,2025,March,17
17-03-2025,Sikkim,154,Moderate,62.3,117.5,24.8,7.3,0.76,60.9,2025,March,17
17-03-2025,Tamil Nadu,154,Moderate,60.7,102.4,25.7,8.6,0.8,54,2025,March,17
17-03-2025,Telangana,136,Moderate,54.8,104.4,23.9,6.2,0.73,62.8,2025,March,17
17-03-2025,Tripura,154,Moderate,67.5,112.4,26,6.8,0.87,60.1,2025,March,17
17-03-2025,Uttar Pradesh,208,Poor,84.4,146.5,30.8,11,1.14,55.9,2025,March,17
17-03-2025,Uttarakhand,145,Moderate,65.3,110.6,22.3,7.6,0.89,54.4,2025,March,17
17-03-2025,West Bengal,121,Moderate,53.3,89.5,17,5.3,0.61,63.4,2025,March,17
18-03-2025,Andhra Pradesh,163,Moderate,69.4,119.6,28.8,7.7,0.97,55,2025,March,18
18-03-2025,Arunachal Pradesh,131,Moderate,51.3,95,19.3,6.2,0.66,57.8,2025,March,18
18-03-2025,Assam,155,Moderate,59.6,119,25.2,7.5,0.79,62,2025,March,18
18-03-2025,Bihar,112,Moderate,46.1,79.5,20.5,5.1,0.62,60.1,2025,March,18
18-03-2025,Chhattisgarh,146,Moderate,59.1,103.6,23.7,7.4,0.8,59.9,2025,March,18
18-03-2025,Goa,130,Moderate,50.9,97.1,22.9,5.9,0.78,59.5,2025,March,18
18-03-2025,Gujarat,108,Moderate,47,83.7,16.1,5.1,0.57,59.9,2025,March,18
18-03-2025,Haryana,130,Moderate,52.5,89.5,20.7,6.2,0.67,60.7,2025,March,18
18-03-2025,Himachal Pradesh,168,Moderate,71.5,116.1,27.5,8.9,1.01,59.8,2025,March,18
18-03-2025,Jharkhand,213,Poor,87.6,150.6,36.8,10.9,1.23,54.7,2025,March,18
18-03-2025,Karnataka,105,Moderate,47.2,77,15.5,5.4,0.55,62.3,2025,March,18
18-03-2025,Kerala,182,Moderate,81.7,137.4,28.4,8.6,1.01,55.7,2025,March,18
18-03-2025,Madhya Pradesh,96,Satisfactory,40,64,13.6,4.2,0.46,63.9,2025,March,18
18-03-2025,Maharashtra,168,Moderate,75.1,116.4,26.7,8.6,0.99,52.6,2025,March,18
18-03-2025,Manipur,176,Moderate,77.1,132.2,28.7,9.5,1.04,54.2,2025,March,18
18-03-2025,Meghalaya,145,Moderate,61.4,113.7,24.5,6.4,0.83,62.5,2025,March,18
18-03-2025,Mizoram,181,Moderate,81.4,135.7,29.6,9.6,1.09,60.3,2025,March,18
18-03-2025,Nagaland,201,Poor,86,144.7,29.3,10.9,1.21,53,2025,March,18
18-03-2025,Odisha,176,Moderate,79,118.7,30.6,8.7,1.07,56.4,2025,March,18
18-03-2025,Punjab,187,Moderate,79.3,142.2,28.6,10.3,1.11,51,2025,March,18
18-03-2025,Rajasthan,112,Moderate,47.3,81.3,20.3,5.1,0.56,61.2,2025,March,18
18-03-2025,Sikkim,165,Moderate,74.4,126.5,29.1,9.2,0.94,57.5,2025,March,18
18-03-2025,Tamil Nadu,168,Moderate,73.3,122.9,28.9,8.2,0.88,55.4,2025,March,18
18-03-2025,Telangana,126,Moderate,51.3,95.3,17.7,6.3,0.75,60.6,2025,March,18
18-03-2025,Tripura,171,Moderate,66.7,128.7,25.4,8.4,0.97,54.5,2025,March,18
18-03-2025,Uttar Pradesh,182,Moderate,78,139.5,31.8,9.2,0.93,53.4,2025,March,18
18-03-2025,Uttarakhand,154,Moderate,67.9,111.5,23,6.9,0.84,59,2025,March,18
18-03-2025,West Bengal,134,Moderate,60.3,101.6,21.2,7.5,0.66,60.4,2025,March,18
19-03-2025,Andhra Pradesh,186,Moderate,81.8,126.1,30.7,9.5,0.95,50.4,2025,March,19
19-03-2025,Arunachal Pradesh,99,Satisfactory,43.6,75.9,17.8,5.2,0.48,66.4,2025,March,19
19-03-2025,Assam,180,Moderate,72.3,122.7,27.8,8.8,1.1,52.3,2025,March,19
19-03-2025,Bihar,160,Moderate,65.8,115.7,27.2,8.8,0.82,57.1,2025,March,19
19-03-2025,Chhattisgarh,135,Moderate,61.6,89.8,21.6,6,0.67,61.5,2025,March,19
19-03-2025,Goa,142,Moderate,58.5,97.9,21.6,6.8,0.84,57.7,2025,March,19
19-03-2025,Gujarat,125,Moderate,56.9,84.4,18.5,6.5,0.76,62.5,2025,March,19
19-03-2025,Haryana,88,Satisfactory,41.3,73,16.5,4.9,0.59,65.1,2025,March,19
19-03-2025,Himachal Pradesh,172,Moderate,72.4,133.6,25.7,8.5,0.86,60,2025,March,19
19-03-2025,Jharkhand,167,Moderate,71.5,122.3,23.7,8.4,0.98,53.5,2025,March,19
19-03-2025,Karnataka,143,Moderate,59.2,104.4,22.2,8.1,0.8,59.2,2025,March,19
19-03-2025,Kerala,199,Moderate,78.5,134.2,30.3,9.3,1.06,58.9,2025,March,19
19-03-2025,Madhya Pradesh,134,Moderate,55.9,87.9,18.9,7.1,0.84,59.4,2025,March,19
19-03-2025,Maharashtra,168,Moderate,64.6,121.7,29.7,8.9,0.93,51.6,2025,March,19
19-03-2025,Manipur,199,Moderate,86.3,138.8,34.8,10.8,1.05,58.8,2025,March,19
19-03-2025,Meghalaya,159,Moderate,64.2,116,23.5,7.6,0.82,58.7,2025,March,19
19-03-2025,Mizoram,179,Moderate,80.6,135.8,31.1,9.3,0.95,57.9,2025,March,19
19-03-2025,Nagaland,180,Moderate,69.8,129.1,28.3,9.8,1.02,52.2,2025,March,19
19-03-2025,Odisha,161,Moderate,73.1,122.9,23,7.7,0.85,60.2,2025,March,19
19-03-2025,Punjab,168,Moderate,65.6,121.1,29.6,8.9,0.86,53.2,2025,March,19
19-03-2025,Rajasthan,102,Moderate,46.5,80.6,19.2,4.6,0.65,61.1,2025,March,19
19-03-2025,Sikkim,156,Moderate,62.9,111,26.7,8.4,0.88,62.3,2025,March,19
19-03-2025,Tamil Nadu,136,Moderate,58.8,102.3,22.1,6.9,0.76,58.2,2025,March,19
19-03-2025,Telangana,142,Moderate,53.8,98.5,22.7,6.7,0.77,58.6,2025,March,19
19-03-2025,Tripura,182,Moderate,80.1,130.7,28.9,9.1,0.93,54,2025,March,19
19-03-2025,Uttar Pradesh,204,Poor,80.9,148.4,30.3,9.5,1.14,56,2025,March,19
19-03-2025,Uttarakhand,138,Moderate,61.9,102.3,21.5,7.1,0.73,63.6,2025,March,19
19-03-2025,West Bengal,101,Moderate,45.6,82.7,18.4,5,0.48,65.1,2025,March,19
20-03-2025,Andhra Pradesh,156,Moderate,62,119.8,26.1,7.4,0.92,59.3,2025,March,20
20-03-2025,Arunachal Pradesh,111,Moderate,45.1,78.3,17.6,5.2,0.67,63,2025,March,20
20-03-2025,Assam,152,Moderate,68.7,102.1,21.4,8.5,0.81,52.9,2025,March,20
20-03-2025,Bihar,115,Moderate,49.3,81.3,19.5,6.2,0.62,56.8,2025,March,20
20-03-2025,Chhattisgarh,152,Moderate,67.2,110.7,26.8,8,0.9,62.2,2025,March,20
20-03-2025,Goa,122,Moderate,48.3,97.3,19.8,6.7,0.75,63.7,2025,March,20
20-03-2025,Gujarat,150,Moderate,58.5,109.3,24,7.4,0.92,53.6,2025,March,20
20-03-2025,Haryana,121,Moderate,47.8,90.4,17.4,6,0.74,65.3,2025,March,20
20-03-2025,Himachal Pradesh,176,Moderate,75.3,132.9,28.7,8.9,1.06,59.6,2025,March,20
20-03-2025,Jharkhand,183,Moderate,77.4,140.8,30.4,9.3,1.08,57.3,2025,March,20
20-03-2025,Karnataka,115,Moderate,48.2,89.4,16.9,6,0.54,58.8,2025,March,20
20-03-2025,Kerala,164,Moderate,71.2,115.3,26.3,8,0.94,54.4,2025,March,20
20-03-2025,Madhya Pradesh,123,Moderate,50.4,95.1,18,6,0.61,64.3,2025,March,20
20-03-2025,Maharashtra,169,Moderate,68.3,111.8,25.9,9.2,0.84,54.5,2025,March,20
20-03-2025,Manipur,197,Moderate,77.3,133.5,31.7,10.8,1.05,54,2025,March,20
20-03-2025,Meghalaya,137,Moderate,62.3,98.5,19.8,7.8,0.73,57.9,2025,March,20
20-03-2025,Mizoram,160,Moderate,71.7,115.6,25.2,8.1,0.82,54,2025,March,20
20-03-2025,Nagaland,190,Moderate,76.3,130.1,29.3,9.1,1,52.3,2025,March,20
20-03-2025,Odisha,182,Moderate,82.4,138.5,30.5,9.2,0.98,57.1,2025,March,20
20-03-2025,Punjab,200,Moderate,86.1,136.9,33.3,9.8,1.13,58.7,2025,March,20
20-03-2025,Rajasthan,123,Moderate,53,81.7,20.2,7,0.7,64.4,2025,March,20
20-03-2025,Sikkim,172,Moderate,77.5,128.8,28.8,9.5,0.92,54,2025,March,20
20-03-2025,Tamil Nadu,167,Moderate,66.9,125.9,28.4,7.9,0.97,60.4,2025,March,20
20-03-2025,Telangana,118,Moderate,55.1,83.5,21.5,5.9,0.6,56.5,2025,March,20
20-03-2025,Tripura,155,Moderate,71.1,109,23.2,7.3,0.92,61.9,2025,March,20
20-03-2025,Uttar Pradesh,175,Moderate,72.9,122.5,27.4,8.1,1.04,52.2,2025,March,20
20-03-2025,Uttarakhand,113,Moderate,53.2,85.1,19.6,5.3,0.65,59.9,2025,March,20
20-03-2025,West Bengal,121,Moderate,55.7,82.1,17.6,5.5,0.61,61.7,2025,March,20
21-03-2025,Andhra Pradesh,188,Moderate,74.7,139.5,30.3,9.5,1.08,53.6,2025,March,21
21-03-2025,Arunachal Pradesh,115,Moderate,44.5,84.3,17.3,5.4,0.65,57.3,2025,March,21
21-03-2025,Assam,178,Moderate,73.2,123.5,31.3,8.5,0.97,56.3,2025,March,21
21-03-2025,Bihar,144,Moderate,55.8,101,22.6,8,0.9,62.7,2025,March,21
21-03-2025,Chhattisgarh,150,Moderate,62.5,113.7,22.6,7.9,0.9,58.5,2025,March,21
21-03-2025,Goa,108,Moderate,51.2,85.7,18.9,6,0.52,58.7,2025,March,21
21-03-2025,Gujarat,107,Moderate,48.5,76.9,19.2,4.9,0.59,64.5,2025,March,21
21-03-2025,Haryana,131,Moderate,51.7,86.7,23.3,6.3,0.82,60.1,2025,March,21
21-03-2025,Himachal Pradesh,186,Moderate,83.9,142.7,29.1,8.6,1.05,53.7,2025,March,21
21-03-2025,Jharkhand,174,Moderate,70.3,131,25.2,9.1,0.96,51.1,2025,March,21
21-03-2025,Karnataka,113,Moderate,50.5,81.1,16.8,5.7,0.57,64.7,2025,March,21
21-03-2025,Kerala,165,Moderate,71,123,24.6,8.8,1,57.5,2025,March,21
21-03-2025,Madhya Pradesh,113,Moderate,43.6,89,16.9,4.7,0.71,56.9,2025,March,21
21-03-2025,Maharashtra,185,Moderate,74.5,128.3,28.7,10.2,0.93,51.8,2025,March,21
21-03-2025,Manipur,201,Poor,87.9,151.1,31.1,10.7,1.04,58.4,2025,March,21
21-03-2025,Meghalaya,156,Moderate,59.6,110.9,24.7,7.9,0.8,54.3,2025,March,21
21-03-2025,Mizoram,145,Moderate,58.8,97,23,6.4,0.71,58.9,2025,March,21
21-03-2025,Nagaland,166,Moderate,69.3,112.8,28.7,9.2,0.86,53.6,2025,March,21
21-03-2025,Odisha,172,Moderate,76.9,130.9,28,7.6,0.99,51.8,2025,March,21
21-03-2025,Punjab,196,Moderate,80.7,137.8,29.5,8.9,1.14,54.8,2025,March,21
21-03-2025,Rajasthan,111,Moderate,50.6,84.9,18.5,5.8,0.56,64.5,2025,March,21
21-03-2025,Sikkim,180,Moderate,72.6,126.2,28.2,9.8,0.91,57.3,2025,March,21
21-03-2025,Tamil Nadu,144,Moderate,58.7,109.6,20.1,7.1,0.89,55.1,2025,March,21
21-03-2025,Telangana,156,Moderate,70.7,112,24.6,8.4,0.93,61,2025,March,21
21-03-2025,Tripura,183,Moderate,75.6,136.8,31.6,9.8,0.93,56.9,2025,March,21
21-03-2025,Uttar Pradesh,210,Poor,84.5,144.5,32.4,10.8,1.24,49.6,2025,March,21
21-03-2025,Uttarakhand,124,Moderate,48.1,95.6,20.7,6.4,0.6,59.8,2025,March,21
21-03-2025,West Bengal,133,Moderate,60,99.5,21.2,6.3,0.75,60.2,2025,March,21
22-03-2025,Andhra Pradesh,142,Moderate,58.2,108.8,19.8,8.1,0.8,57.4,2025,March,22
22-03-2025,Arunachal Pradesh,124,Moderate,54.2,87.8,18.7,7.1,0.62,61.8,2025,March,22
22-03-2025,Assam,193,Moderate,82.9,132.6,30.7,10.1,1.08,54,2025,March,22
22-03-2025,Bihar,142,Moderate,56.1,108.9,24.1,7.3,0.74,57.8,2025,March,22
22-03-2025,Chhattisgarh,127,Moderate,52.5,93.7,17.9,7.1,0.79,59.9,2025,March,22
22-03-2025,Goa,149,Moderate,58.9,102.2,23.4,7.2,0.82,53.5,2025,March,22
22-03-2025,Gujarat,132,Moderate,50,92.1,21.5,6.3,0.73,62.5,2025,March,22
22-03-2025,Haryana,101,Moderate,47.5,65.6,14.8,4.6,0.46,63.2,2025,March,22
22-03-2025,Himachal Pradesh,194,Moderate,81.6,138.4,29,9.6,0.99,53.1,2025,March,22
22-03-2025,Jharkhand,215,Poor,92.5,155.1,35.5,10,1.21,52.4,2025,March,22
22-03-2025,Karnataka,127,Moderate,59,95.3,22.2,7,0.7,62.3,2025,March,22
22-03-2025,Kerala,153,Moderate,64.6,111.6,25.1,8.4,0.88,58.2,2025,March,22
22-03-2025,Madhya Pradesh,99,Satisfactory,40.7,69.7,16.8,4.2,0.58,57.3,2025,March,22
22-03-2025,Maharashtra,151,Moderate,58.4,118.5,23.6,6.8,0.88,55,2025,March,22
22-03-2025,Manipur,190,Moderate,80.3,140.3,32.2,10.3,1.11,59.8,2025,March,22
22-03-2025,Meghalaya,126,Moderate,48.4,83,19.7,6.3,0.74,64.1,2025,March,22
22-03-2025,Mizoram,159,Moderate,68.2,109.7,26.1,7.9,0.82,53.2,2025,March,22
22-03-2025,Nagaland,198,Moderate,83.3,132.8,31,9.3,1.15,51.6,2025,March,22
22-03-2025,Odisha,162,Moderate,66.5,114.9,28.1,8.1,0.86,55,2025,March,22
22-03-2025,Punjab,203,Poor,90.2,152.5,32,9.6,1.08,56.1,2025,March,22
22-03-2025,Rajasthan,119,Moderate,48.3,90.7,16.7,5.7,0.57,64.1,2025,March,22
22-03-2025,Sikkim,147,Moderate,65.4,110.4,22,6.9,0.73,55.4,2025,March,22
22-03-2025,Tamil Nadu,152,Moderate,68,105.7,27.3,7.4,0.84,56.3,2025,March,22
22-03-2025,Telangana,129,Moderate,51.2,94.6,18.3,6.1,0.71,58.9,2025,March,22
22-03-2025,Tripura,157,Moderate,66.2,104,23.7,8,0.91,54.1,2025,March,22
22-03-2025,Uttar Pradesh,162,Moderate,71.6,117.8,28,8.9,1,60,2025,March,22
22-03-2025,Uttarakhand,109,Moderate,43.1,74.9,16.9,5.4,0.62,58.3,2025,March,22
22-03-2025,West Bengal,122,Moderate,53.2,86.2,21.1,6.7,0.73,62,2025,March,22
23-03-2025,Andhra Pradesh,179,Moderate,73.5,137.8,30.8,9.6,1.07,57.7,2025,March,23
23-03-2025,Arunachal Pradesh,106,Moderate,49.4,78.4,19.3,5,0.67,66.5,2025,March,23
23-03-2025,Assam,163,Moderate,66.3,111.5,28.1,8.7,0.9,57.7,2025,March,23
23-03-2025,Bihar,134,Moderate,52.8,100.3,22,6.6,0.82,55.1,2025,March,23
23-03-2025,Chhattisgarh,133,Moderate,61.2,92.4,18.5,6.2,0.65,58.6,2025,March,23
23-03-2025,Goa,127,Moderate,53.9,98.5,19.8,7.3,0.66,63,2025,March,23
23-03-2025,Gujarat,102,Moderate,38.5,64.8,18.5,4.5,0.62,58.8,2025,March,23
23-03-2025,Haryana,87,Satisfactory,41.9,68.5,15.4,3.6,0.58,63.1,2025,March,23
23-03-2025,Himachal Pradesh,208,Poor,81.7,145.2,35.8,10.5,1.16,57.9,2025,March,23
23-03-2025,Jharkhand,199,Moderate,82.4,153.3,31.2,9.9,1.03,53.3,2025,March,23
23-03-2025,Karnataka,107,Moderate,45.2,73.9,17.8,4.6,0.59,57.9,2025,March,23
23-03-2025,Kerala,189,Moderate,79.4,130,30,9.4,1,59.3,2025,March,23
23-03-2025,Madhya Pradesh,124,Moderate,56.5,89.7,22.7,6.5,0.72,62.7,2025,March,23
23-03-2025,Maharashtra,150,Moderate,61.1,117.4,22.5,7.8,0.78,58.2,2025,March,23
23-03-2025,Manipur,180,Moderate,72.8,122,31.7,8.2,0.98,55.5,2025,March,23
23-03-2025,Meghalaya,144,Moderate,59.8,110.4,20.7,7.7,0.84,56.3,2025,March,23
23-03-2025,Mizoram,164,Moderate,74.7,126.4,28.5,9,0.82,51.9,2025,March,23
23-03-2025,Nagaland,168,Moderate,65.8,129.5,28.3,9.4,0.95,54,2025,March,23
23-03-2025,Odisha,162,Moderate,65.7,109.3,23.7,8.9,0.89,59.8,2025,March,23
23-03-2025,Punjab,177,Moderate,73.8,136.3,30.8,8.6,1.07,51.3,2025,March,23
23-03-2025,Rajasthan,90,Satisfactory,37,62.6,15.3,5.4,0.58,66,2025,March,23
23-03-2025,Sikkim,157,Moderate,69,116.9,26.4,7.9,0.84,56.1,2025,March,23
23-03-2025,Tamil Nadu,132,Moderate,60.3,85.8,19.2,5.9,0.76,60.4,2025,March,23
23-03-2025,Telangana,147,Moderate,58.4,106.1,22.4,6.5,0.89,60.5,2025,March,23
23-03-2025,Tripura,158,Moderate,65,123.1,24.7,7.4,0.93,55.4,2025,March,23
23-03-2025,Uttar Pradesh,177,Moderate,70.4,124.6,30.5,7.9,1.08,53.1,2025,March,23
23-03-2025,Uttarakhand,151,Moderate,59.4,108.5,21.3,6.6,0.82,53.8,2025,March,23
23-03-2025,West Bengal,125,Moderate,49.9,80.7,22.7,6.1,0.67,55.6,2025,March,23
24-03-2025,Andhra Pradesh,141,Moderate,59.1,111.4,20.3,7,0.84,60.3,2025,March,24
24-03-2025,Arunachal Pradesh,107,Moderate,41.4,80.7,20,6,0.55,64.2,2025,March,24
24-03-2025,Assam,162,Moderate,69.3,107.8,25.8,8.8,0.82,61.5,2025,March,24
24-03-2025,Bihar,119,Moderate,53.7,77,21.1,6.7,0.7,58.5,2025,March,24
24-03-2025,Chhattisgarh,123,Moderate,56.9,93,22.7,6.3,0.62,55.6,2025,March,24
24-03-2025,Goa,112,Moderate,46.8,80.1,16.6,5.4,0.71,59.4,2025,March,24
24-03-2025,Gujarat,103,Moderate,39.1,77.2,14.6,5,0.64,63.6,2025,March,24
24-03-2025,Haryana,85,Satisfactory,38.3,69.1,14.8,5.2,0.51,62.3,2025,March,24
24-03-2025,Himachal Pradesh,195,Moderate,87.6,130.9,31.9,10.7,1.18,54.9,2025,March,24
24-03-2025,Jharkhand,178,Moderate,71.7,133.4,29.1,9.5,0.96,55.7,2025,March,24
24-03-2025,Karnataka,150,Moderate,66.7,108.6,25.1,6.7,0.81,59.5,2025,March,24
24-03-2025,Kerala,157,Moderate,62.8,103.1,26.4,8.8,0.97,59.3,2025,March,24
24-03-2025,Madhya Pradesh,102,Moderate,45.5,77,15.9,4.5,0.6,63.5,2025,March,24
24-03-2025,Maharashtra,167,Moderate,75.1,128.8,25.2,8.3,0.95,60,2025,March,24
24-03-2025,Manipur,170,Moderate,66.1,117.8,24.5,8.7,0.89,55.8,2025,March,24
24-03-2025,Meghalaya,134,Moderate,62.2,101.7,21.3,7.4,0.76,54.5,2025,March,24
24-03-2025,Mizoram,178,Moderate,72.8,121,25.8,8.2,0.97,56.3,2025,March,24
24-03-2025,Nagaland,185,Moderate,75,132.6,31.2,9.6,1.11,50.6,2025,March,24
24-03-2025,Odisha,174,Moderate,67.5,124,29.7,8.5,0.92,58,2025,March,24
24-03-2025,Punjab,184,Moderate,72.4,123.7,27.5,8.9,1.07,51.4,2025,March,24
24-03-2025,Rajasthan,90,Satisfactory,38,69.1,15,5.3,0.54,61.9,2025,March,24
24-03-2025,Sikkim,194,Moderate,79.9,131.7,33.3,8.7,1.15,54.6,2025,March,24
24-03-2025,Tamil Nadu,128,Moderate,56.8,92.1,19.2,6.9,0.81,63.7,2025,March,24
24-03-2025,Telangana,128,Moderate,54.7,98,19.3,6.4,0.72,55.3,2025,March,24
24-03-2025,Tripura,174,Moderate,78,115.7,25.1,9.4,1.03,51.7,2025,March,24
24-03-2025,Uttar Pradesh,173,Moderate,76.7,124.6,27.8,9.5,0.97,52.8,2025,March,24
24-03-2025,Uttarakhand,133,Moderate,61.8,88.5,20.7,6.1,0.68,58.2,2025,March,24
24-03-2025,West Bengal,92,Satisfactory,43,68.8,15.9,4.6,0.6,65.1,2025,March,24
25-03-2025,Andhra Pradesh,171,Moderate,66.9,116.8,26.7,9.3,0.91,61.1,2025,March,25
25-03-2025,Arunachal Pradesh,108,Moderate,47.7,84.9,14.7,5.5,0.53,64.1,2025,March,25
25-03-2025,Assam,150,Moderate,60.2,108.5,26,7.8,0.84,59.1,2025,March,25
25-03-2025,Bihar,142,Moderate,59.6,98.2,21.6,7.7,0.73,56.2,2025,March,25
25-03-2025,Chhattisgarh,139,Moderate,54.9,97,19.9,7.1,0.84,61.6,2025,March,25
25-03-2025,Goa,124,Moderate,57.8,86.5,21.1,5.5,0.71,57.8,2025,March,25
25-03-2025,Gujarat,148,Moderate,59.1,108.9,23.2,8,0.83,58.8,2025,March,25
25-03-2025,Haryana,108,Moderate,49.5,84.5,19.5,6.1,0.64,61.1,2025,March,25
25-03-2025,Himachal Pradesh,193,Moderate,86.8,144.7,33.4,9.7,1.04,57.6,2025,March,25
25-03-2025,Jharkhand,185,Moderate,76.6,126.7,26.9,9.7,1.03,52,2025,March,25
25-03-2025,Karnataka,154,Moderate,70.2,109,26.9,8.4,0.9,57.7,2025,March,25
25-03-2025,Kerala,194,Moderate,78.8,147.2,31.3,10.5,1.12,55.8,2025,March,25
25-03-2025,Madhya Pradesh,119,Moderate,48.4,79.6,20.3,5.3,0.69,60.3,2025,March,25
25-03-2025,Maharashtra,151,Moderate,58.4,110.5,26.5,7.9,0.76,58,2025,March,25
25-03-2025,Manipur,191,Moderate,76.2,129.1,30.9,9.4,0.99,50.3,2025,March,25
25-03-2025,Meghalaya,127,Moderate,49.1,84.5,21.1,5.4,0.78,58.2,2025,March,25
25-03-2025,Mizoram,176,Moderate,72.1,127.8,29.9,8.9,0.97,55.3,2025,March,25
25-03-2025,Nagaland,171,Moderate,67.9,125.3,27.6,7.6,0.99,55.7,2025,March,25
25-03-2025,Odisha,135,Moderate,58.7,91.7,24.5,6.6,0.72,63.8,2025,March,25
25-03-2025,Punjab,206,Poor,81,148.8,31.6,10.2,1.13,53.2,2025,March,25
25-03-2025,Rajasthan,99,Satisfactory,38.5,74.1,17.1,5,0.62,62.3,2025,March,25
25-03-2025,Sikkim,189,Moderate,83.5,129.1,31.8,9.7,1.04,50.6,2025,March,25
25-03-2025,Tamil Nadu,127,Moderate,48.9,83.4,18.5,5.9,0.8,58,2025,March,25
25-03-2025,Telangana,163,Moderate,67.8,113.4,27.8,9,0.99,52.2,2025,March,25
25-03-2025,Tripura,174,Moderate,72.9,123.8,25.2,9,0.99,53.6,2025,March,25
25-03-2025,Uttar Pradesh,183,Moderate,81.3,127.7,32.1,9.9,0.98,58.1,2025,March,25
25-03-2025,Uttarakhand,108,Moderate,39.4,79.9,15.3,5.2,0.66,61.3,2025,March,25
25-03-2025,West Bengal,101,Moderate,48.2,71.3,13.2,5.3,0.6,60.9,2025,March,25
26-03-2025,Andhra Pradesh,165,Moderate,68.7,117.5,29.1,9.2,0.94,60.9,2025,March,26
26-03-2025,Arunachal Pradesh,94,Satisfactory,36.5,63,17.6,4.7,0.56,57.8,2025,March,26
26-03-2025,Assam,195,Moderate,83.9,131.7,28.8,10.6,1.01,57,2025,March,26
26-03-2025,Bihar,140,Moderate,64.1,102.5,21.6,6.1,0.75,60.5,2025,March,26
26-03-2025,Chhattisgarh,126,Moderate,52,83.6,22.6,5.6,0.63,57.3,2025,March,26
26-03-2025,Goa,123,Moderate,49,91.4,17.8,6.5,0.6,59.8,2025,March,26
26-03-2025,Gujarat,125,Moderate,47.5,89.5,17.1,5.7,0.77,59.2,2025,March,26
26-03-2025,Haryana,96,Satisfactory,36.3,72.3,16.6,5.6,0.58,64.3,2025,March,26
26-03-2025,Himachal Pradesh,191,Moderate,76.9,131.8,29.2,10.5,1.08,55,2025,March,26
26-03-2025,Jharkhand,178,Moderate,71,122,29.4,8.6,0.99,55,2025,March,26
26-03-2025,Karnataka,120,Moderate,51.1,89.7,19.1,6.4,0.72,61.6,2025,March,26
26-03-2025,Kerala,150,Moderate,61.3,115.2,26.3,7.9,0.9,57.1,2025,March,26
26-03-2025,Madhya Pradesh,119,Moderate,52.2,91.5,21.6,5.3,0.57,64.3,2025,March,26
26-03-2025,Maharashtra,146,Moderate,64.6,108.7,23.6,6.6,0.86,54.6,2025,March,26
26-03-2025,Manipur,205,Poor,87.8,145.7,34.4,11.2,1.08,52.5,2025,March,26
26-03-2025,Meghalaya,131,Moderate,56.7,93.6,20,5.9,0.66,62.3,2025,March,26
26-03-2025,Mizoram,183,Moderate,79.1,123.1,26.4,8.7,1.09,58.9,2025,March,26
26-03-2025,Nagaland,184,Moderate,78.8,136.3,30.8,9,0.96,50.9,2025,March,26
26-03-2025,Odisha,167,Moderate,64.5,124,28.8,8.7,0.91,53.7,2025,March,26
26-03-2025,Punjab,164,Moderate,71.6,116.1,25.6,8.3,0.88,55.1,2025,March,26
26-03-2025,Rajasthan,105,Moderate,50,70.3,14.1,5.9,0.59,61.6,2025,March,26
26-03-2025,Sikkim,149,Moderate,65.2,99.8,26.2,7.3,0.9,62.5,2025,March,26
26-03-2025,Tamil Nadu,145,Moderate,60.7,99.3,24.3,6.8,0.86,56.8,2025,March,26
26-03-2025,Telangana,148,Moderate,65.6,107.3,24.2,7.8,0.89,56.6,2025,March,26
26-03-2025,Tripura,195,Moderate,78.8,144.9,30.2,9.9,1.05,53.5,2025,March,26
26-03-2025,Uttar Pradesh,181,Moderate,71.6,120.7,31.1,9.6,1.06,60.4,2025,March,26
26-03-2025,Uttarakhand,137,Moderate,59.4,97.2,23.7,6.1,0.81,61.6,2025,March,26
26-03-2025,West Bengal,93,Satisfactory,41.9,68.4,16.2,4.6,0.45,59.1,2025,March,26
27-03-2025,Andhra Pradesh,152,Moderate,62.8,100.1,21.6,6.9,0.94,60.4,2025,March,27
27-03-2025,Arunachal Pradesh,94,Satisfactory,43.8,58.2,16.1,5.3,0.59,66.7,2025,March,27
27-03-2025,Assam,166,Moderate,70.1,114,25.1,7.8,0.87,60.2,2025,March,27
27-03-2025,Bihar,159,Moderate,67.8,118.3,23.6,8.5,0.97,57.4,2025,March,27
27-03-2025,Chhattisgarh,144,Moderate,62,110.5,24.3,6.2,0.74,55.5,2025,March,27
27-03-2025,Goa,120,Moderate,47.7,95.8,20.4,6.3,0.65,63.2,2025,March,27
27-03-2025,Gujarat,110,Moderate,49.2,74.5,17.5,5.1,0.71,62.9,2025,March,27
27-03-2025,Haryana,125,Moderate,56.6,88.6,18.6,5.9,0.6,64.4,2025,March,27
27-03-2025,Himachal Pradesh,213,Poor,92.6,143.7,31.4,9.8,1.24,49.2,2025,March,27
27-03-2025,Jharkhand,175,Moderate,74.3,128.3,29.7,9.2,0.88,57.1,2025,March,27
27-03-2025,Karnataka,112,Moderate,41.1,73.1,19.1,5.3,0.53,64.5,2025,March,27
27-03-2025,Kerala,182,Moderate,74.2,125.4,30.1,9.4,1.04,53.5,2025,March,27
27-03-2025,Madhya Pradesh,130,Moderate,56.7,86.1,19.4,7.3,0.77,55.9,2025,March,27
27-03-2025,Maharashtra,148,Moderate,58.7,113.8,25.7,8.3,0.87,57.8,2025,March,27
27-03-2025,Manipur,163,Moderate,71.2,122.9,25.8,8.7,0.92,61.2,2025,March,27
27-03-2025,Meghalaya,134,Moderate,58.6,102.4,23.2,6.4,0.79,61.7,2025,March,27
27-03-2025,Mizoram,149,Moderate,60.6,116.1,24.4,7.3,0.78,56.2,2025,March,27
27-03-2025,Nagaland,177,Moderate,73.7,121,26.3,8.2,0.93,54,2025,March,27
27-03-2025,Odisha,142,Moderate,62.9,93.7,20.8,6.4,0.74,57.2,2025,March,27
27-03-2025,Punjab,204,Poor,89.8,152.8,30,9.4,1.13,53.8,2025,March,27
27-03-2025,Rajasthan,110,Moderate,45.7,81.1,16.2,5.2,0.56,65,2025,March,27
27-03-2025,Sikkim,167,Moderate,68.9,116.4,24,8.9,0.83,59.6,2025,March,27
27-03-2025,Tamil Nadu,151,Moderate,66.1,116.7,24,7,0.81,62.6,2025,March,27
27-03-2025,Telangana,140,Moderate,57.4,101.4,19.7,6.8,0.69,56.6,2025,March,27
27-03-2025,Tripura,173,Moderate,67,127,29.2,8.3,0.92,55,2025,March,27
27-03-2025,Uttar Pradesh,170,Moderate,65.9,127.1,26.9,8.8,0.95,52.5,2025,March,27
27-03-2025,Uttarakhand,113,Moderate,48.6,87.8,21,6.4,0.58,56.8,2025,March,27
27-03-2025,West Bengal,133,Moderate,54.3,98.3,23.2,6.3,0.76,64,2025,March,27
28-03-2025,Andhra Pradesh,164,Moderate,66.4,125.1,28.4,8.2,0.99,54.5,2025,March,28
28-03-2025,Arunachal Pradesh,100,Satisfactory,43.1,65.1,18.9,5.3,0.53,60.8,2025,March,28
28-03-2025,Assam,171,Moderate,71.5,119.8,30.2,7.9,1.03,54,2025,March,28
28-03-2025,Bihar,138,Moderate,60.9,105.6,24.5,7.7,0.79,62.5,2025,March,28
28-03-2025,Chhattisgarh,142,Moderate,65.2,111.6,22.3,6.1,0.7,57.6,2025,March,28
28-03-2025,Goa,139,Moderate,56.3,91.7,21.3,6.4,0.69,60.8,2025,March,28
28-03-2025,Gujarat,107,Moderate,44,82.8,15.5,5.4,0.67,58.2,2025,March,28
28-03-2025,Haryana,105,Moderate,39.5,68.5,17.9,5.9,0.53,58.1,2025,March,28
28-03-2025,Himachal Pradesh,175,Moderate,79.5,134.2,30.2,9.2,1.03,52,2025,March,28
28-03-2025,Jharkhand,184,Moderate,71.6,131.5,31.8,9.5,1.06,53.8,2025,March,28
28-03-2025,Karnataka,127,Moderate,56,98.7,22.5,6.1,0.75,55.8,2025,March,28
28-03-2025,Kerala,188,Moderate,77.7,133.1,30.1,9.8,1.01,52.5,2025,March,28
28-03-2025,Madhya Pradesh,127,Moderate,48.6,95.3,20.1,6.1,0.65,63,2025,March,28
28-03-2025,Maharashtra,164,Moderate,63.9,126.4,27.4,9.2,0.98,58.1,2025,March,28
28-03-2025,Manipur,170,Moderate,71.6,132.1,27.2,7.8,1.04,51.9,2025,March,28
28-03-2025,Meghalaya,130,Moderate,59.3,94.1,23.8,7.1,0.81,57.1,2025,March,28
28-03-2025,Mizoram,167,Moderate,69.7,110.9,26.2,8.7,0.93,53.3,2025,March,28
28-03-2025,Nagaland,200,Moderate,86.3,153.9,31.2,9.7,1.08,49.9,2025,March,28
28-03-2025,Odisha,181,Moderate,73.7,132.6,28,8.8,1.04,55,2025,March,28
28-03-2025,Punjab,182,Moderate,73,123.2,28.9,9.9,1.06,55.1,2025,March,28
28-03-2025,Rajasthan,133,Moderate,50.2,94.4,22.7,7.2,0.7,62.6,2025,March,28
28-03-2025,Sikkim,181,Moderate,76.1,136.8,30,9.5,0.95,52.8,2025,March,28
28-03-2025,Tamil Nadu,147,Moderate,64.1,113.6,20.7,8.1,0.72,61.5,2025,March,28
28-03-2025,Telangana,152,Moderate,63.2,108.7,24.6,8.4,0.86,57.5,2025,March,28
28-03-2025,Tripura,161,Moderate,68.2,109.9,23.9,7.4,0.82,54.8,2025,March,28
28-03-2025,Uttar Pradesh,176,Moderate,71.9,136.1,28.5,8.6,1.06,55.3,2025,March,28
28-03-2025,Uttarakhand,116,Moderate,49.9,73.8,16,5.9,0.63,60.3,2025,March,28
28-03-2025,West Bengal,99,Satisfactory,47.4,74.1,15.1,5.4,0.57,63.5,2025,March,28
29-03-2025,Andhra Pradesh,161,Moderate,65.1,114.3,26,7.4,0.93,54.3,2025,March,29
29-03-2025,Arunachal Pradesh,94,Satisfactory,38.8,64,14,4.1,0.54,60.2,2025,March,29
29-03-2025,Assam,188,Moderate,78.3,127.1,32.2,9.6,1,51.5,2025,March,29
29-03-2025,Bihar,112,Moderate,48.7,78.3,19.7,6.4,0.6,56.9,2025,March,29
29-03-2025,Chhattisgarh,138,Moderate,61.5,101.6,20,6.5,0.71,62.5,2025,March,29
29-03-2025,Goa,126,Moderate,57.1,95.3,19.2,6,0.64,63.2,2025,March,29
29-03-2025,Gujarat,123,Moderate,57.6,94.8,21.9,6.1,0.64,55.8,2025,March,29
29-03-2025,Haryana,131,Moderate,59.9,91.2,21.3,5.6,0.7,59.2,2025,March,29
29-03-2025,Himachal Pradesh,197,Moderate,83.9,137.3,33.7,9.5,1.02,51.1,2025,March,29
29-03-2025,Jharkhand,177,Moderate,78.9,125,31.1,8.8,0.9,56.2,2025,March,29
29-03-2025,Karnataka,117,Moderate,54.4,75.2,16.2,5.5,0.6,59.5,2025,March,29
29-03-2025,Kerala,168,Moderate,67,129.4,29.7,8.7,0.94,57.3,2025,March,29
29-03-2025,Madhya Pradesh,96,Satisfactory,44.9,61.4,15.8,5.8,0.55,62,2025,March,29
29-03-2025,Maharashtra,190,Moderate,79.3,128.5,32.6,10.1,1.06,57,2025,March,29
29-03-2025,Manipur,171,Moderate,71.1,131.2,26.9,7.8,0.92,53.2,2025,March,29
29-03-2025,Meghalaya,160,Moderate,65.1,124.2,26.7,8.2,0.79,59.5,2025,March,29
29-03-2025,Mizoram,159,Moderate,65.7,119.2,23,8,0.79,54.9,2025,March,29
29-03-2025,Nagaland,184,Moderate,74.8,124.9,28.5,8.5,1.02,50.8,2025,March,29
29-03-2025,Odisha,181,Moderate,70.8,134.9,29.7,9.3,1.02,53.7,2025,March,29
29-03-2025,Punjab,166,Moderate,70.7,115.9,28.6,9.1,0.95,53.2,2025,March,29
29-03-2025,Rajasthan,135,Moderate,51.1,103.8,21.1,7.6,0.72,62.7,2025,March,29
29-03-2025,Sikkim,192,Moderate,75.6,136.6,27.9,10.3,1.08,53,2025,March,29
29-03-2025,Tamil Nadu,140,Moderate,57.4,107.6,22.2,6.7,0.74,63,2025,March,29
29-03-2025,Telangana,126,Moderate,55.3,86.4,21.1,5.5,0.67,62.5,2025,March,29
29-03-2025,Tripura,188,Moderate,77.4,130.4,28.8,9.2,1.02,50.7,2025,March,29
29-03-2025,Uttar Pradesh,202,Poor,83.2,142.2,31.7,9.6,1.06,49.3,2025,March,29
29-03-2025,Uttarakhand,115,Moderate,48.1,90.1,18.7,5.5,0.69,61.9,2025,March,29
29-03-2025,West Bengal,127,Moderate,54.9,86.6,23.1,6.9,0.62,62.8,2025,March,29
30-03-2025,Andhra Pradesh,155,Moderate,60.9,109.3,26.9,7.3,0.89,55.1,2025,March,30
30-03-2025,Arunachal Pradesh,131,Moderate,55.1,103.4,21.2,6.9,0.72,57.3,2025,March,30
30-03-2025,Assam,157,Moderate,67.1,104,27.7,7.2,0.87,53,2025,March,30
30-03-2025,Bihar,112,Moderate,45.4,81.5,15.1,5.4,0.61,56.7,2025,March,30
30-03-2025,Chhattisgarh,161,Moderate,66,108.3,24,7.7,0.85,52.7,2025,March,30
30-03-2025,Goa,120,Moderate,54.3,83,16.3,5.3,0.6,56,2025,March,30
30-03-2025,Gujarat,116,Moderate,47.3,75,20.8,5.5,0.63,60.1,2025,March,30
30-03-2025,Haryana,92,Satisfactory,37.5,69.6,14.4,5.2,0.52,65.3,2025,March,30
30-03-2025,Himachal Pradesh,172,Moderate,69.8,114.1,27,7.8,0.98,60.7,2025,March,30
30-03-2025,Jharkhand,211,Poor,84.5,148,33.8,11,1.23,55.2,2025,March,30
30-03-2025,Karnataka,149,Moderate,57.8,115.4,21.4,7.7,0.76,55.4,2025,March,30
30-03-2025,Kerala,159,Moderate,61.5,118.5,28.1,8.2,0.79,57.6,2025,March,30
30-03-2025,Madhya Pradesh,128,Moderate,56,96,20.6,6,0.64,57.2,2025,March,30
30-03-2025,Maharashtra,193,Moderate,86.5,135.9,28.1,9.3,1.05,59,2025,March,30
30-03-2025,Manipur,180,Moderate,72.9,131.6,27.8,8.8,0.96,52.7,2025,March,30
30-03-2025,Meghalaya,131,Moderate,52.7,87.9,23.7,7,0.63,58.4,2025,March,30
30-03-2025,Mizoram,160,Moderate,62.8,109.3,24.3,7.5,0.85,59.7,2025,March,30
30-03-2025,Nagaland,162,Moderate,67.1,111.9,27.2,8,0.84,52.9,2025,March,30
30-03-2025,Odisha,149,Moderate,65.4,105,22.3,7.3,0.92,56.8,2025,March,30
30-03-2025,Punjab,207,Poor,82.1,152.2,34.4,11.1,1.22,53,2025,March,30
30-03-2025,Rajasthan,104,Moderate,46.6,68.5,16.4,5.2,0.55,64.2,2025,March,30
30-03-2025,Sikkim,164,Moderate,66.2,123.3,26.9,7.8,0.99,54.8,2025,March,30
30-03-2025,Tamil Nadu,169,Moderate,72,131,28.5,9.1,0.89,58.8,2025,March,30
30-03-2025,Telangana,115,Moderate,53.6,81.1,17.4,5.1,0.57,57.6,2025,March,30
30-03-2025,Tripura,187,Moderate,74.3,137.5,30.2,8.8,1.01,59.2,2025,March,30
30-03-2025,Uttar Pradesh,205,Poor,85.7,145.7,33,9.8,1.12,49.4,2025,March,30
30-03-2025,Uttarakhand,111,Moderate,45.4,82.1,18.9,5.9,0.67,58.1,2025,March,30
30-03-2025,West Bengal,93,Satisfactory,36.5,67.5,14.5,5.5,0.46,58,2025,March,30
31-03-2025,Andhra Pradesh,189,Moderate,76.8,131.6,33.1,9.3,0.99,56.8,2025,March,31
31-03-2025,Arunachal Pradesh,95,Satisfactory,36.1,60.4,17.6,4.2,0.53,66.2,2025,March,31
31-03-2025,Assam,158,Moderate,64.6,109.6,23.4,7.9,0.8,59.1,2025,March,31
31-03-2025,Bihar,145,Moderate,61.9,110.8,24.9,7.6,0.73,54,2025,March,31
31-03-2025,Chhattisgarh,147,Moderate,62.2,96.8,24.7,6.4,0.77,60.8,2025,March,31
31-03-2025,Goa,114,Moderate,46.5,74.5,16.5,4.7,0.7,59.2,2025,March,31
31-03-2025,Gujarat,132,Moderate,50.7,95.7,22.6,6.9,0.73,55.1,2025,March,31
31-03-2025,Haryana,92,Satisfactory,39.5,59.1,14.4,3.8,0.44,61.5,2025,March,31
31-03-2025,Himachal Pradesh,182,Moderate,71.4,138.6,31.1,8.9,1.01,51.5,2025,March,31
31-03-2025,Jharkhand,188,Moderate,83.7,145.2,27.1,9.8,1.02,56.7,2025,March,31
31-03-2025,Karnataka,115,Moderate,43.3,79,19,6,0.73,64,2025,March,31
31-03-2025,Kerala,170,Moderate,70.8,128.5,28.8,7.8,0.96,54.3,2025,March,31
31-03-2025,Madhya Pradesh,119,Moderate,45.6,76.4,17.2,6.5,0.56,63.9,2025,March,31
31-03-2025,Maharashtra,152,Moderate,68.3,108.7,24.1,8.4,0.82,59,2025,March,31
31-03-2025,Manipur,197,Moderate,80.1,132.7,31.1,10.5,1.02,58.7,2025,March,31
31-03-2025,Meghalaya,126,Moderate,56,99.2,17.9,7.2,0.66,64.5,2025,March,31
31-03-2025,Mizoram,147,Moderate,67.7,105.2,25.1,8.2,0.84,57.5,2025,March,31
31-03-2025,Nagaland,156,Moderate,63.1,102.6,25.2,8.6,0.94,52.8,2025,March,31
31-03-2025,Odisha,155,Moderate,63.8,121.3,23.6,7.6,0.88,55.8,2025,March,31
31-03-2025,Punjab,183,Moderate,75.7,123.9,28.8,8.7,1.1,54.8,2025,March,31
31-03-2025,Rajasthan,102,Moderate,47.7,78.7,14.3,5.5,0.51,66.1,2025,March,31
31-03-2025,Sikkim,150,Moderate,66.8,109.7,25.6,7.7,0.73,60,2025,March,31
31-03-2025,Tamil Nadu,173,Moderate,70.8,122.5,26.6,8.7,0.96,57.3,2025,March,31
31-03-2025,Telangana,150,Moderate,68.1,107.1,24.3,8.5,0.9,61.7,2025,March,31
31-03-2025,Tripura,158,Moderate,64.4,104.9,23.9,8.1,0.87,60.1,2025,March,31
31-03-2025,Uttar Pradesh,176,Moderate,78.2,123.5,28.7,9.6,1.01,56.3,2025,March,31
31-03-2025,Uttarakhand,134,Moderate,58.2,93,19.5,7.4,0.77,56,2025,March,31
31-03-2025,West Bengal,130,Moderate,51.3,85.4,19.6,6.4,0.7,60.4,2025,March,31
01-04-2025,Andhra Pradesh,129,Moderate,48.5,94.8,21.5,6.8,0.71,57.4,2025,April,1
01-04-2025,Arunachal Pradesh,107,Moderate,42.8,76.5,17.6,6.2,0.6,61.2,2025,April,1
01-04-2025,Assam,150,Moderate,68.1,115,22.8,7.7,0.8,56.9,2025,April,1
01-04-2025,Bihar,104,Moderate,46.9,84.8,17.9,5.8,0.52,57.9,2025,April,1
01-04-2025,Chhattisgarh,99,Satisfactory,42.8,70.5,14.4,5.4,0.49,58.9,2025,April,1
01-04-2025,Goa,116,Moderate,49.2,83.1,16.8,6.2,0.62,58.2,2025,April,1
01-04-2025,Gujarat,131,Moderate,51.3,102.9,22.1,5.6,0.71,56.6,2025,April,1
01-04-2025,Haryana,93,Satisfactory,35.2,73.1,15.3,4.1,0.56,60.2,2025,April,1
01-04-2025,Himachal Pradesh,180,Moderate,76,120.2,30,8.7,0.98,56.8,2025,April,1
01-04-2025,Jharkhand,185,Moderate,79.8,127.9,29.6,8.6,1.03,56.7,2025,April,1
01-04-2025,Karnataka,129,Moderate,50.4,101.3,17.7,5.6,0.74,55.1,2025,April,1
01-04-2025,Kerala,152,Moderate,63.5,100.3,21.8,8.2,0.92,55.2,2025,April,1
01-04-2025,Madhya Pradesh,115,Moderate,52.6,77,21.4,6.3,0.58,55.8,2025,April,1
01-04-2025,Maharashtra,135,Moderate,59.9,99.6,22.2,6.8,0.76,54.8,2025,April,1
01-04-2025,Manipur,171,Moderate,76.8,117.8,26.6,8.3,0.94,59.5,2025,April,1
01-04-2025,Meghalaya,111,Moderate,46.7,87.6,15.2,6.5,0.64,58.5,2025,April,1
01-04-2025,Mizoram,154,Moderate,63.8,105.4,26.1,7.1,0.82,56.6,2025,April,1
01-04-2025,Nagaland,154,Moderate,65.9,118.4,25.6,8.5,0.93,55.4,2025,April,1
01-04-2025,Odisha,124,Moderate,52,85.3,19.9,6.2,0.72,56,2025,April,1
01-04-2025,Punjab,173,Moderate,75.5,124.1,27.6,9.4,0.92,56.3,2025,April,1
01-04-2025,Rajasthan,104,Moderate,43.3,66.1,18.8,4.3,0.5,64.9,2025,April,1
01-04-2025,Sikkim,172,Moderate,70.6,115.5,26.2,8.2,0.96,53.6,2025,April,1
01-04-2025,Tamil Nadu,154,Moderate,61.5,105.1,23,7.2,0.8,62.1,2025,April,1
01-04-2025,Telangana,135,Moderate,55.3,89.4,21.5,5.9,0.76,63.7,2025,April,1
01-04-2025,Tripura,137,Moderate,62.1,102.7,24.9,7.6,0.72,63.6,2025,April,1
01-04-2025,Uttar Pradesh,141,Moderate,58.4,101.4,22.9,7.2,0.73,54.8,2025,April,1
01-04-2025,Uttarakhand,132,Moderate,51.7,103,23.6,6,0.78,62.3,2025,April,1
01-04-2025,West Bengal,89,Satisfactory,37.3,56.3,13.4,3.7,0.54,63.1,2025,April,1
02-04-2025,Andhra Pradesh,166,Moderate,65.8,120.8,29.1,8.1,0.95,60.7,2025,April,2
02-04-2025,Arunachal Pradesh,103,Moderate,44.5,71.4,17.7,5.8,0.57,64.2,2025,April,2
02-04-2025,Assam,143,Moderate,58.4,93.3,25.2,7.2,0.83,61.6,2025,April,2
02-04-2025,Bihar,93,Satisfactory,36.6,61.3,16.8,4.8,0.44,62.5,2025,April,2
02-04-2025,Chhattisgarh,143,Moderate,65,102.9,25.4,7.6,0.75,63.2,2025,April,2
02-04-2025,Goa,105,Moderate,44.1,69.5,16.7,5.4,0.51,61.6,2025,April,2
02-04-2025,Gujarat,84,Satisfactory,35.2,52.7,12,3.7,0.45,63.9,2025,April,2
02-04-2025,Haryana,111,Moderate,49,71.9,16.4,6,0.62,65.9,2025,April,2
02-04-2025,Himachal Pradesh,151,Moderate,64.2,117.8,24.6,6.7,0.85,60.6,2025,April,2
02-04-2025,Jharkhand,182,Moderate,81.8,132.2,30.1,10,0.97,60.4,2025,April,2
02-04-2025,Karnataka,98,Satisfactory,35.9,68.3,17.9,5.6,0.54,60.7,2025,April,2
02-04-2025,Kerala,133,Moderate,51.1,86,24,5.8,0.67,58.6,2025,April,2
02-04-2025,Madhya Pradesh,105,Moderate,42.4,84,16.7,4.5,0.64,66.6,2025,April,2
02-04-2025,Maharashtra,132,Moderate,56.2,101,23.8,6.1,0.73,58.1,2025,April,2
02-04-2025,Manipur,169,Moderate,70.9,115.8,27.8,7.9,0.96,57.5,2025,April,2
02-04-2025,Meghalaya,100,Satisfactory,42.2,71.6,18.4,4.8,0.63,59.9,2025,April,2
02-04-2025,Mizoram,130,Moderate,54.2,84.8,23.3,5.8,0.64,60,2025,April,2
02-04-2025,Nagaland,140,Moderate,57.5,96.3,22.2,6.9,0.69,63.3,2025,April,2
02-04-2025,Odisha,146,Moderate,66.8,99.7,25.1,8.2,0.9,53.5,2025,April,2
02-04-2025,Punjab,184,Moderate,72.4,126.4,27,8.5,1.04,58,2025,April,2
02-04-2025,Rajasthan,114,Moderate,52.2,86.7,19.5,6.5,0.72,59,2025,April,2
02-04-2025,Sikkim,141,Moderate,60,107.5,22.8,6.9,0.79,56.6,2025,April,2
02-04-2025,Tamil Nadu,108,Moderate,49.1,77.2,15.8,5.5,0.69,58.3,2025,April,2
02-04-2025,Telangana,106,Moderate,48.1,74.4,14.5,5.5,0.57,60.8,2025,April,2
02-04-2025,Tripura,167,Moderate,72.3,129.8,24.7,8.5,0.97,61.3,2025,April,2
02-04-2025,Uttar Pradesh,185,Moderate,75.5,130.9,31.9,10,1.1,59.7,2025,April,2
02-04-2025,Uttarakhand,111,Moderate,47.7,76.1,15.2,5.8,0.68,64.1,2025,April,2
02-04-2025,West Bengal,85,Satisfactory,30.3,60.1,12.9,4.6,0.57,61.1,2025,April,2
03-04-2025,Andhra Pradesh,160,Moderate,66.8,124,23.3,8.4,0.88,59.5,2025,April,3
03-04-2025,Arunachal Pradesh,80,Satisfactory,33,62.7,12.6,4.5,0.41,59.3,2025,April,3
03-04-2025,Assam,140,Moderate,60.7,108.5,23.7,7.4,0.8,55.8,2025,April,3
03-04-2025,Bihar,115,Moderate,51.7,89.1,15.4,6,0.67,59,2025,April,3
03-04-2025,Chhattisgarh,109,Moderate,46,74.8,16.6,5,0.68,61.2,2025,April,3
03-04-2025,Goa,109,Moderate,48.9,83.1,18.9,5.3,0.55,56.5,2025,April,3
03-04-2025,Gujarat,81,Satisfactory,29.6,50.6,14.6,3.3,0.36,61.9,2025,April,3
03-04-2025,Haryana,105,Moderate,43.2,72.8,16.7,4.4,0.49,62.4,2025,April,3
03-04-2025,Himachal Pradesh,178,Moderate,79.8,120.5,26.7,7.9,1.04,56.8,2025,April,3
03-04-2025,Jharkhand,155,Moderate,68.2,103.8,27.1,7.9,0.83,53.6,2025,April,3
03-04-2025,Karnataka,105,Moderate,49.3,70.9,19.3,5.7,0.68,66.5,2025,April,3
03-04-2025,Kerala,165,Moderate,70.2,127.9,29.1,8.8,0.93,60.4,2025,April,3
03-04-2025,Madhya Pradesh,116,Moderate,48.6,91.1,20.5,5.7,0.7,62.9,2025,April,3
03-04-2025,Maharashtra,173,Moderate,73.9,121.9,29.2,8.2,1,53.7,2025,April,3
03-04-2025,Manipur,175,Moderate,71.9,116.4,25.8,8.1,1.02,52,2025,April,3
03-04-2025,Meghalaya,104,Moderate,40.2,68.1,15.4,4.7,0.53,62.2,2025,April,3
03-04-2025,Mizoram,136,Moderate,61.7,90.7,19.2,5.9,0.77,54.9,2025,April,3
03-04-2025,Nagaland,173,Moderate,73,132.4,29.7,9.4,0.94,59.8,2025,April,3
03-04-2025,Odisha,154,Moderate,65.7,105.5,23.1,7.4,0.85,60.2,2025,April,3
03-04-2025,Punjab,153,Moderate,67.2,119.2,26.7,7.3,0.76,54.5,2025,April,3
03-04-2025,Rajasthan,118,Moderate,50.6,82.7,17.8,5.1,0.63,61.4,2025,April,3
03-04-2025,Sikkim,162,Moderate,63.5,126.2,27.1,8.4,0.95,54.8,2025,April,3
03-04-2025,Tamil Nadu,156,Moderate,67.5,108.4,24.5,8.5,0.85,57.3,2025,April,3
03-04-2025,Telangana,137,Moderate,55.9,94.6,23.5,7,0.82,60.7,2025,April,3
03-04-2025,Tripura,150,Moderate,57.7,101.8,25,6.7,0.89,60.5,2025,April,3
03-04-2025,Uttar Pradesh,151,Moderate,63.6,103.7,22.6,6.8,0.88,52.9,2025,April,3
03-04-2025,Uttarakhand,95,Satisfactory,42.7,60.6,17.3,4.2,0.61,63.5,2025,April,3
03-04-2025,West Bengal,116,Moderate,45.6,91,16,6.8,0.66,61.6,2025,April,3
04-04-2025,Andhra Pradesh,145,Moderate,59.6,110.4,24.4,7.2,0.84,53.5,2025,April,4
04-04-2025,Arunachal Pradesh,86,Satisfactory,38.9,60.9,12.9,3.4,0.44,60.4,2025,April,4
04-04-2025,Assam,165,Moderate,74.1,121.6,26.7,9.1,0.89,57.1,2025,April,4
04-04-2025,Bihar,110,Moderate,45.6,69.5,15.5,4.9,0.58,65.7,2025,April,4
04-04-2025,Chhattisgarh,139,Moderate,59.6,106.4,20.1,7.1,0.69,62.7,2025,April,4
04-04-2025,Goa,120,Moderate,46.1,96,17,6.9,0.68,59.5,2025,April,4
04-04-2025,Gujarat,126,Moderate,57.5,97.1,22.6,5.7,0.77,62.3,2025,April,4
04-04-2025,Haryana,69,Satisfactory,34.1,52,10.4,2.7,0.29,62,2025,April,4
04-04-2025,Himachal Pradesh,169,Moderate,68.8,124,27.8,7.5,0.92,54.1,2025,April,4
04-04-2025,Jharkhand,170,Moderate,71.5,114,24.2,8,0.93,56.2,2025,April,4
04-04-2025,Karnataka,93,Satisfactory,41.7,69.1,13.5,4.7,0.45,60.4,2025,April,4
04-04-2025,Kerala,132,Moderate,54.1,86.3,20.3,6.1,0.64,63.3,2025,April,4
04-04-2025,Madhya Pradesh,88,Satisfactory,31.1,57.1,14.6,5.3,0.44,65,2025,April,4
04-04-2025,Maharashtra,124,Moderate,46.2,93.8,21.8,5.6,0.75,60.8,2025,April,4
04-04-2025,Manipur,144,Moderate,61.5,109.7,21.4,7.9,0.71,57.5,2025,April,4
04-04-2025,Meghalaya,132,Moderate,58.4,85.4,22.4,6.9,0.74,56.4,2025,April,4
04-04-2025,Mizoram,158,Moderate,67.4,115.1,23.6,8,0.89,54,2025,April,4
04-04-2025,Nagaland,182,Moderate,81.2,133.8,30.5,9,0.92,60.4,2025,April,4
04-04-2025,Odisha,132,Moderate,50.5,85.1,22.5,6.4,0.66,59.3,2025,April,4
04-04-2025,Punjab,187,Moderate,78.3,140.3,29.9,9.5,1,52.3,2025,April,4
04-04-2025,Rajasthan,85,Satisfactory,33.6,59.1,15.4,3.8,0.52,64.1,2025,April,4
04-04-2025,Sikkim,129,Moderate,57,102.3,19.9,6.1,0.74,55.3,2025,April,4
04-04-2025,Tamil Nadu,148,Moderate,56.3,116.2,23,8,0.83,53.3,2025,April,4
04-04-2025,Telangana,93,Satisfactory,39.5,76.5,14,5,0.54,63.8,2025,April,4
04-04-2025,Tripura,166,Moderate,65.5,114.5,24.2,8.4,0.91,61.1,2025,April,4
04-04-2025,Uttar Pradesh,155,Moderate,61.7,103.2,23.6,8,0.86,57.2,2025,April,4
04-04-2025,Uttarakhand,114,Moderate,49.5,74.9,15.8,6.4,0.54,58.2,2025,April,4
04-04-2025,West Bengal,116,Moderate,45.6,76.2,21.4,6,0.73,56.2,2025,April,4
05-04-2025,Andhra Pradesh,137,Moderate,55.4,99.2,19.3,7.5,0.67,59.3,2025,April,5
05-04-2025,Arunachal Pradesh,97,Satisfactory,39.6,77.5,14.7,4.1,0.51,61.8,2025,April,5
05-04-2025,Assam,133,Moderate,51.4,96.6,21.3,6.9,0.83,61.2,2025,April,5
05-04-2025,Bihar,105,Moderate,39.7,67.5,16.7,4.6,0.67,64.6,2025,April,5
05-04-2025,Chhattisgarh,138,Moderate,59.4,105.1,23.8,6.7,0.72,56,2025,April,5
05-04-2025,Goa,85,Satisfactory,39.4,65.3,13.7,4.6,0.56,61.4,2025,April,5
05-04-2025,Gujarat,96,Satisfactory,37.6,59.3,13.3,4.9,0.55,57.8,2025,April,5
05-04-2025,Haryana,70,Satisfactory,26.3,48.3,13.4,3.8,0.4,62.8,2025,April,5
05-04-2025,Himachal Pradesh,192,Moderate,75.2,144.2,29.5,9.1,1.03,53.8,2025,April,5
05-04-2025,Jharkhand,158,Moderate,61.5,119.7,24.8,7.6,0.79,56.8,2025,April,5
05-04-2025,Karnataka,117,Moderate,45.9,75.1,16.3,5,0.75,56.8,2025,April,5
05-04-2025,Kerala,176,Moderate,69.3,135.9,26.3,8.5,0.91,51.6,2025,April,5
05-04-2025,Madhya Pradesh,73,Satisfactory,31.7,50,9.2,4.6,0.34,67.7,2025,April,5
05-04-2025,Maharashtra,170,Moderate,68.8,117.7,24.8,8.1,0.99,57.1,2025,April,5
05-04-2025,Manipur,142,Moderate,59.4,103.9,21.1,6.7,0.79,55.7,2025,April,5
05-04-2025,Meghalaya,136,Moderate,56.4,95.1,22.3,6.1,0.77,57.3,2025,April,5
05-04-2025,Mizoram,163,Moderate,70.7,123.6,27.9,8.1,0.83,57.5,2025,April,5
05-04-2025,Nagaland,185,Moderate,74.9,141.8,27.7,8.6,1.11,52,2025,April,5
05-04-2025,Odisha,156,Moderate,65.9,104.8,27.1,7.3,0.89,56,2025,April,5
05-04-2025,Punjab,144,Moderate,63.3,101.4,20.7,7.2,0.82,60.7,2025,April,5
05-04-2025,Rajasthan,84,Satisfactory,35,68.5,12.9,4.1,0.37,61.4,2025,April,5
05-04-2025,Sikkim,124,Moderate,49.9,88.3,20.2,6.9,0.77,62.8,2025,April,5
05-04-2025,Tamil Nadu,150,Moderate,60.6,105.8,25.4,7,0.78,57.3,2025,April,5
05-04-2025,Telangana,94,Satisfactory,40.9,62.9,14.9,3.8,0.46,62.1,2025,April,5
05-04-2025,Tripura,174,Moderate,75.6,116.3,30.7,7.8,0.95,55.3,2025,April,5
05-04-2025,Uttar Pradesh,157,Moderate,66.3,123,25,8.2,0.96,53.2,2025,April,5
05-04-2025,Uttarakhand,99,Satisfactory,41.5,63.7,16.2,4.8,0.61,65.4,2025,April,5
05-04-2025,West Bengal,116,Moderate,46.5,74.9,18.5,5.3,0.65,62.3,2025,April,5
06-04-2025,Andhra Pradesh,151,Moderate,62.6,107.3,22.9,8.2,0.84,60.3,2025,April,6
06-04-2025,Arunachal Pradesh,82,Satisfactory,36.6,65.8,15.7,3.3,0.37,62.1,2025,April,6
06-04-2025,Assam,139,Moderate,63.1,90.9,20,6.5,0.77,62.9,2025,April,6
06-04-2025,Bihar,130,Moderate,57.7,98.9,20.6,7.4,0.64,64.3,2025,April,6
06-04-2025,Chhattisgarh,142,Moderate,65.1,98,24.1,6.4,0.81,54.8,2025,April,6
06-04-2025,Goa,130,Moderate,55.2,90.4,22.7,7,0.8,62.8,2025,April,6
06-04-2025,Gujarat,101,Moderate,45.8,67.4,15.3,5.1,0.66,65.2,2025,April,6
06-04-2025,Haryana,101,Moderate,38.9,68,14.1,5.9,0.47,63.2,2025,April,6
06-04-2025,Himachal Pradesh,163,Moderate,74.2,109.9,24.2,7.7,0.81,60.2,2025,April,6
06-04-2025,Jharkhand,165,Moderate,72.5,128,28.8,8.4,0.97,54.2,2025,April,6
06-04-2025,Karnataka,130,Moderate,48.6,89.9,19.1,6.5,0.65,60.2,2025,April,6
06-04-2025,Kerala,139,Moderate,56.3,108.4,19.8,6.5,0.69,56.8,2025,April,6
06-04-2025,Madhya Pradesh,110,Moderate,50.6,84.3,19.6,4.8,0.62,62.5,2025,April,6
06-04-2025,Maharashtra,128,Moderate,58.3,101.6,23.4,7.1,0.7,57.7,2025,April,6
06-04-2025,Manipur,177,Moderate,71.4,131.8,25.5,8.8,0.93,52.2,2025,April,6
06-04-2025,Meghalaya,138,Moderate,60.6,91.8,25,7.9,0.68,60.8,2025,April,6
06-04-2025,Mizoram,135,Moderate,61.1,95.6,23.8,5.8,0.72,58.8,2025,April,6
06-04-2025,Nagaland,143,Moderate,60.9,93.2,22.7,7.4,0.84,61.4,2025,April,6
06-04-2025,Odisha,154,Moderate,65.6,103.1,25,7.9,0.84,62,2025,April,6
06-04-2025,Punjab,142,Moderate,56.9,98.7,24.3,7.9,0.82,54.8,2025,April,6
06-04-2025,Rajasthan,105,Moderate,40.5,81.3,14,4.7,0.58,57.5,2025,April,6
06-04-2025,Sikkim,161,Moderate,68.4,109,23.7,7.1,0.95,54.2,2025,April,6
06-04-2025,Tamil Nadu,137,Moderate,56.6,90.2,19.6,5.9,0.82,55.1,2025,April,6
06-04-2025,Telangana,130,Moderate,54.1,91.6,20.5,6.8,0.81,61.2,2025,April,6
06-04-2025,Tripura,166,Moderate,67.5,111.2,28.8,7.4,0.99,59.8,2025,April,6
06-04-2025,Uttar Pradesh,143,Moderate,63.1,109.9,22.2,6.9,0.7,54.9,2025,April,6
06-04-2025,Uttarakhand,122,Moderate,54.4,88.7,18.8,5.9,0.66,59.6,2025,April,6
06-04-2025,West Bengal,101,Moderate,45.8,82,15.8,5.3,0.54,57,2025,April,6
07-04-2025,Andhra Pradesh,129,Moderate,49,89.9,18.9,6.8,0.74,63.9,2025,April,7
07-04-2025,Arunachal Pradesh,92,Satisfactory,34.2,64.7,16.4,4.8,0.6,67.4,2025,April,7
07-04-2025,Assam,176,Moderate,73.5,129.8,25.8,8.2,1.06,59.2,2025,April,7
07-04-2025,Bihar,139,Moderate,58.5,97.8,23.9,6.7,0.79,59.1,2025,April,7
07-04-2025,Chhattisgarh,117,Moderate,51.7,84.5,18.8,6.2,0.71,62,2025,April,7
07-04-2025,Goa,120,Moderate,53.4,89.4,20.9,6.7,0.65,60.5,2025,April,7
07-04-2025,Gujarat,128,Moderate,54.3,101.4,22.7,6.5,0.68,62.7,2025,April,7
07-04-2025,Haryana,76,Satisfactory,29,45.9,12.2,3.3,0.37,61.1,2025,April,7
07-04-2025,Himachal Pradesh,157,Moderate,67.5,108.4,22.2,8.7,0.84,58.5,2025,April,7
07-04-2025,Jharkhand,189,Moderate,84,130.2,28.2,10.3,1.01,55.2,2025,April,7
07-04-2025,Karnataka,103,Moderate,42.4,84.1,18.7,5.8,0.58,59.5,2025,April,7
07-04-2025,Kerala,132,Moderate,57.8,90.2,23.2,6.3,0.7,59.9,2025,April,7
07-04-2025,Madhya Pradesh,91,Satisfactory,42.4,73.5,15.8,4.4,0.59,67.7,2025,April,7
07-04-2025,Maharashtra,127,Moderate,58.2,91.7,21.9,5.9,0.66,59.3,2025,April,7
07-04-2025,Manipur,163,Moderate,71,126.5,24.9,7.7,0.85,55.2,2025,April,7
07-04-2025,Meghalaya,117,Moderate,53.3,77.4,19.5,6.6,0.59,62.5,2025,April,7
07-04-2025,Mizoram,150,Moderate,57.7,112.8,22.6,8.1,0.88,58.4,2025,April,7
07-04-2025,Nagaland,178,Moderate,71.6,132.7,26.1,9.7,1,54,2025,April,7
07-04-2025,Odisha,160,Moderate,71.1,106.9,26.8,7.7,0.9,57.2,2025,April,7
07-04-2025,Punjab,182,Moderate,70.4,131.1,26.5,9.7,1.01,51,2025,April,7
07-04-2025,Rajasthan,111,Moderate,44.9,81,15.3,5.5,0.72,57.1,2025,April,7
07-04-2025,Sikkim,164,Moderate,74.6,121.8,28.6,8,1.01,53.6,2025,April,7
07-04-2025,Tamil Nadu,117,Moderate,51.2,75.2,15.9,6.3,0.63,56.8,2025,April,7
07-04-2025,Telangana,134,Moderate,50.6,103.5,24.4,6.7,0.72,56.2,2025,April,7
07-04-2025,Tripura,143,Moderate,62.9,108.7,20.3,7.9,0.73,59.2,2025,April,7
07-04-2025,Uttar Pradesh,153,Moderate,66.5,115.8,25,8.3,0.94,56.2,2025,April,7
07-04-2025,Uttarakhand,127,Moderate,49.9,91,18,5.5,0.67,62.5,2025,April,7
07-04-2025,West Bengal,99,Satisfactory,37,70.7,13.1,5.7,0.58,58.5,2025,April,7
08-04-2025,Andhra Pradesh,170,Moderate,66.4,131.7,25.5,8.6,0.94,57.3,2025,April,8
08-04-2025,Arunachal Pradesh,103,Moderate,43.2,64.9,16.1,4.3,0.55,64,2025,April,8
08-04-2025,Assam,129,Moderate,54.5,87,20.2,5.7,0.62,59.7,2025,April,8
08-04-2025,Bihar,100,Satisfactory,45.7,69.3,15.3,5.6,0.5,62.3,2025,April,8
08-04-2025,Chhattisgarh,102,Moderate,46,76.7,14.1,5,0.52,66.6,2025,April,8
08-04-2025,Goa,119,Moderate,47.1,84.4,18.3,5.9,0.61,61.1,2025,April,8
08-04-2025,Gujarat,122,Moderate,53.6,92.5,20.6,5.3,0.76,59.9,2025,April,8
08-04-2025,Haryana,76,Satisfactory,32.6,61.9,10.2,4.5,0.41,64.9,2025,April,8
08-04-2025,Himachal Pradesh,190,Moderate,81,135.9,29.8,10.4,1.07,53.7,2025,April,8
08-04-2025,Jharkhand,186,Moderate,72.6,126,27.8,9.9,1.06,57.1,2025,April,8
08-04-2025,Karnataka,105,Moderate,47.8,85.2,17,4.7,0.55,65.7,2025,April,8
08-04-2025,Kerala,156,Moderate,62.8,113.7,26.1,7.3,0.87,59.2,2025,April,8
08-04-2025,Madhya Pradesh,73,Satisfactory,31.9,48.1,10,4.5,0.34,69.1,2025,April,8
08-04-2025,Maharashtra,155,Moderate,69,112.9,24.9,7.2,0.76,62.2,2025,April,8
08-04-2025,Manipur,150,Moderate,67.7,100.4,21.7,8.1,0.8,56.4,2025,April,8
08-04-2025,Meghalaya,107,Moderate,44.7,71.1,17.7,5.2,0.54,60.9,2025,April,8
08-04-2025,Mizoram,148,Moderate,67.1,105.6,24.8,7.3,0.74,60.8,2025,April,8
08-04-2025,Nagaland,151,Moderate,69.4,108.5,21.5,7.2,0.9,59.1,2025,April,8
08-04-2025,Odisha,133,Moderate,51.1,98.2,21.2,6,0.8,56.3,2025,April,8
08-04-2025,Punjab,178,Moderate,72.5,136.5,31,9.4,1.08,60,2025,April,8
08-04-2025,Rajasthan,108,Moderate,40.6,69.7,17,6.3,0.61,57.4,2025,April,8
08-04-2025,Sikkim,157,Moderate,64.2,117.2,24.8,8.5,0.87,60.1,2025,April,8
08-04-2025,Tamil Nadu,154,Moderate,67.8,119.1,26.9,7.8,0.83,59.6,2025,April,8
08-04-2025,Telangana,127,Moderate,57.9,91,19.2,7.3,0.72,60.3,2025,April,8
08-04-2025,Tripura,145,Moderate,59.2,95.8,24.8,8,0.79,61.1,2025,April,8
08-04-2025,Uttar Pradesh,187,Moderate,75.8,133.8,32.6,9.7,1.02,55.5,2025,April,8
08-04-2025,Uttarakhand,103,Moderate,38,83.1,17.3,4.4,0.63,59.4,2025,April,8
08-04-2025,West Bengal,88,Satisfactory,37,64.3,12.9,5.2,0.55,65.4,2025,April,8
09-04-2025,Andhra Pradesh,150,Moderate,61.5,112.4,26.4,6.7,0.77,61.1,2025,April,9
09-04-2025,Arunachal Pradesh,101,Moderate,39.9,79.2,15.5,4.8,0.61,61.9,2025,April,9
09-04-2025,Assam,158,Moderate,72.3,106.9,23.9,6.9,0.88,60.8,2025,April,9
09-04-2025,Bihar,120,Moderate,53.6,80.4,16.3,7,0.61,62.2,2025,April,9
09-04-2025,Chhattisgarh,99,Satisfactory,45.7,68.6,13,5.7,0.54,61.8,2025,April,9
09-04-2025,Goa,134,Moderate,62,91.7,21.5,6.7,0.68,63.9,2025,April,9
09-04-2025,Gujarat,112,Moderate,49.3,89.5,16.8,5.8,0.67,58.6,2025,April,9
09-04-2025,Haryana,90,Satisfactory,41.1,70,14.5,4.1,0.45,60.8,2025,April,9
09-04-2025,Himachal Pradesh,167,Moderate,70,123.3,29.1,8.2,0.92,59.9,2025,April,9
09-04-2025,Jharkhand,178,Moderate,76.4,135.2,26.9,8.4,1.06,51.5,2025,April,9
09-04-2025,Karnataka,87,Satisfactory,31.4,56.1,14.4,3.5,0.48,64.7,2025,April,9
09-04-2025,Kerala,171,Moderate,70.6,132,25.6,8.5,0.86,60.9,2025,April,9
09-04-2025,Madhya Pradesh,97,Satisfactory,38.8,71.2,16.4,5.3,0.6,65.5,2025,April,9
09-04-2025,Maharashtra,141,Moderate,54.4,104.6,23.1,6.5,0.77,57.7,2025,April,9
09-04-2025,Manipur,174,Moderate,72.8,129.6,29.7,8.4,1.06,55.4,2025,April,9
09-04-2025,Meghalaya,115,Moderate,47.7,73.1,17.9,6.6,0.69,58,2025,April,9
09-04-2025,Mizoram,121,Moderate,45.5,79,20.9,6.6,0.65,58.5,2025,April,9
09-04-2025,Nagaland,165,Moderate,64.3,116.7,27.8,8.2,0.85,53.2,2025,April,9
09-04-2025,Odisha,140,Moderate,58.6,96.3,20.5,6.6,0.83,61.7,2025,April,9
09-04-2025,Punjab,168,Moderate,68.6,119.3,27,7.8,0.88,60.3,2025,April,9
09-04-2025,Rajasthan,110,Moderate,49.5,79.2,15.1,4.5,0.62,57.4,2025,April,9
09-04-2025,Sikkim,171,Moderate,71.2,116.4,25.5,8,1,56.2,2025,April,9
09-04-2025,Tamil Nadu,128,Moderate,58.2,94.7,22.6,6.2,0.73,63.7,2025,April,9
09-04-2025,Telangana,140,Moderate,63.3,98.8,21.7,7,0.68,55.6,2025,April,9
09-04-2025,Tripura,128,Moderate,57.8,89,20.7,5.8,0.63,63.9,2025,April,9
09-04-2025,Uttar Pradesh,147,Moderate,62.2,96.3,21.3,7.4,0.83,56.1,2025,April,9
09-04-2025,Uttarakhand,131,Moderate,53,96.5,19.7,5.8,0.78,62.7,2025,April,9
09-04-2025,West Bengal,98,Satisfactory,44.8,77.5,14,4.6,0.56,59.6,2025,April,9
10-04-2025,Andhra Pradesh,160,Moderate,71.2,124.9,27.3,7.6,0.84,53.6,2025,April,10
10-04-2025,Arunachal Pradesh,79,Satisfactory,38.4,59.8,14.7,3.4,0.41,67.4,2025,April,10
10-04-2025,Assam,158,Moderate,67,109.4,27,8.8,0.92,53.6,2025,April,10
10-04-2025,Bihar,131,Moderate,50.2,96.4,20.5,7.3,0.63,63.6,2025,April,10
10-04-2025,Chhattisgarh,136,Moderate,61.2,100.4,22.1,7.6,0.83,58.2,2025,April,10
10-04-2025,Goa,134,Moderate,55.7,90,20.1,7.1,0.83,63.9,2025,April,10
10-04-2025,Gujarat,82,Satisfactory,34.4,50.2,15.9,4,0.54,63.4,2025,April,10
10-04-2025,Haryana,112,Moderate,49.2,73.7,17.2,4.8,0.7,64.9,2025,April,10
10-04-2025,Himachal Pradesh,186,Moderate,80.7,137.3,32.2,9.9,1.01,52.1,2025,April,10
10-04-2025,Jharkhand,175,Moderate,78.9,120.5,30.3,8.1,0.88,59.5,2025,April,10
10-04-2025,Karnataka,103,Moderate,48.1,83,19.3,5.5,0.6,65.9,2025,April,10
10-04-2025,Kerala,178,Moderate,70.3,136.8,27.3,8,0.99,53.8,2025,April,10
10-04-2025,Madhya Pradesh,105,Moderate,45.3,78.6,14.4,4.6,0.67,60.2,2025,April,10
10-04-2025,Maharashtra,132,Moderate,59.6,104,22.3,6.5,0.66,60.5,2025,April,10
10-04-2025,Manipur,137,Moderate,56.3,94,23.9,6.8,0.83,60.1,2025,April,10
10-04-2025,Meghalaya,92,Satisfactory,37.7,65.9,12.1,5,0.47,67.4,2025,April,10
10-04-2025,Mizoram,148,Moderate,64.7,97.4,21.1,8,0.81,57.9,2025,April,10
10-04-2025,Nagaland,168,Moderate,71.7,130.6,27.8,8.2,0.99,56.7,2025,April,10
10-04-2025,Odisha,144,Moderate,62.4,110.1,24.9,7.5,0.72,54.3,2025,April,10
10-04-2025,Punjab,189,Moderate,76.8,143.8,27.9,9.1,0.99,51.9,2025,April,10
10-04-2025,Rajasthan,89,Satisfactory,40.5,61,12.8,5.2,0.41,66.8,2025,April,10
10-04-2025,Sikkim,161,Moderate,69.7,117.4,26.1,8.1,0.93,61.1,2025,April,10
10-04-2025,Tamil Nadu,150,Moderate,65.9,98.1,22.6,7.8,0.85,53.7,2025,April,10
10-04-2025,Telangana,93,Satisfactory,35.1,74.4,15.5,4.4,0.45,64.2,2025,April,10
10-04-2025,Tripura,137,Moderate,58.3,94.7,24.4,7.6,0.8,63.2,2025,April,10
10-04-2025,Uttar Pradesh,180,Moderate,78.8,138.4,31.1,8.5,1.02,53,2025,April,10
10-04-2025,Uttarakhand,102,Moderate,38.4,79.2,19.1,5.9,0.56,64.3,2025,April,10
10-04-2025,West Bengal,115,Moderate,44.4,87.5,17.4,6.1,0.72,64.6,2025,April,10
11-04-2025,Andhra Pradesh,135,Moderate,61.3,106.4,22.6,6.1,0.71,63.2,2025,April,11
11-04-2025,Arunachal Pradesh,74,Satisfactory,32.2,57.2,13.5,4.1,0.43,61.3,2025,April,11
11-04-2025,Assam,147,Moderate,62.8,98.7,22.8,6.8,0.81,61.3,2025,April,11
11-04-2025,Bihar,111,Moderate,43,79.1,17.6,4.6,0.61,65.8,2025,April,11
11-04-2025,Chhattisgarh,105,Moderate,38.9,71.3,18.3,6,0.56,62.7,2025,April,11
11-04-2025,Goa,110,Moderate,43,86.7,15.6,6.2,0.57,65.9,2025,April,11
11-04-2025,Gujarat,89,Satisfactory,40.9,54.5,14.8,3.6,0.43,61.5,2025,April,11
11-04-2025,Haryana,108,Moderate,48.9,83.1,15.6,4.7,0.68,63.7,2025,April,11
11-04-2025,Himachal Pradesh,168,Moderate,74.3,129.2,28,8.9,0.86,57.3,2025,April,11
11-04-2025,Jharkhand,157,Moderate,71.1,116.2,27.2,8,0.86,58.9,2025,April,11
11-04-2025,Karnataka,95,Satisfactory,42,68.4,17.4,5.7,0.6,61.5,2025,April,11
11-04-2025,Kerala,178,Moderate,70.5,136.6,30.3,9.1,0.91,53.3,2025,April,11
11-04-2025,Madhya Pradesh,98,Satisfactory,37.9,68.4,18.3,5.3,0.57,64,2025,April,11
11-04-2025,Maharashtra,161,Moderate,70,115.7,24.2,7.7,0.88,52.9,2025,April,11
11-04-2025,Manipur,181,Moderate,79.2,138.9,30.4,9.4,0.92,60.1,2025,April,11
11-04-2025,Meghalaya,138,Moderate,55.7,102.7,20.3,6.2,0.73,58.8,2025,April,11
11-04-2025,Mizoram,154,Moderate,67.8,120.3,25,7,0.82,60.7,2025,April,11
11-04-2025,Nagaland,158,Moderate,66.3,112.1,23.5,8.5,0.86,59.6,2025,April,11
11-04-2025,Odisha,147,Moderate,62.8,112.7,21.7,7.8,0.83,57,2025,April,11
11-04-2025,Punjab,140,Moderate,61.3,99.1,23.8,7.9,0.69,62.7,2025,April,11
11-04-2025,Rajasthan,96,Satisfactory,45.3,64.8,13.4,4.1,0.51,65.7,2025,April,11
11-04-2025,Sikkim,157,Moderate,63,118.3,23.8,7.9,0.89,61.9,2025,April,11
11-04-2025,Tamil Nadu,123,Moderate,53.3,79.2,20.4,5.4,0.7,63.1,2025,April,11
11-04-2025,Telangana,130,Moderate,55.2,101.4,23,6.6,0.8,63.8,2025,April,11
11-04-2025,Tripura,134,Moderate,58.5,93.8,23.5,7.4,0.82,61.8,2025,April,11
11-04-2025,Uttar Pradesh,174,Moderate,70.8,122.7,25.7,8.9,0.96,53.8,2025,April,11
11-04-2025,Uttarakhand,107,Moderate,43.9,76.1,19.6,5.2,0.52,59.4,2025,April,11
11-04-2025,West Bengal,88,Satisfactory,39.6,67.4,13.6,4.3,0.5,67.9,2025,April,11
12-04-2025,Andhra Pradesh,138,Moderate,59.4,92,19.3,7.5,0.81,54.6,2025,April,12
12-04-2025,Arunachal Pradesh,90,Satisfactory,32.2,62.1,17.3,4.6,0.53,64.2,2025,April,12
12-04-2025,Assam,171,Moderate,72.6,128.2,29.5,8.7,0.87,53.4,2025,April,12
12-04-2025,Bihar,124,Moderate,55.9,88.8,19.7,6.6,0.68,62.1,2025,April,12
12-04-2025,Chhattisgarh,95,Satisfactory,43.8,67.4,16.3,4.9,0.53,59.5,2025,April,12
12-04-2025,Goa,103,Moderate,47.6,82.9,13.5,5.6,0.64,65.8,2025,April,12
12-04-2025,Gujarat,82,Satisfactory,30.8,63.9,15.3,3.5,0.52,61.4,2025,April,12
12-04-2025,Haryana,91,Satisfactory,39.4,67.9,14.4,4.2,0.48,59.3,2025,April,12
12-04-2025,Himachal Pradesh,167,Moderate,68.5,126.5,28.2,8.5,0.9,58.8,2025,April,12
12-04-2025,Jharkhand,189,Moderate,75.7,128.1,32.8,9.4,1.05,51.2,2025,April,12
12-04-2025,Karnataka,119,Moderate,48.5,90,17.8,5.5,0.62,60,2025,April,12
12-04-2025,Kerala,169,Moderate,75.6,117.4,24.8,8.3,0.88,58,2025,April,12
12-04-2025,Madhya Pradesh,108,Moderate,41.7,82,19.9,4.7,0.63,65.1,2025,April,12
12-04-2025,Maharashtra,137,Moderate,62,108.6,23,7.6,0.78,63.3,2025,April,12
12-04-2025,Manipur,179,Moderate,74,132.6,27.6,8.3,0.93,53.2,2025,April,12
12-04-2025,Meghalaya,133,Moderate,56.6,98.3,18.5,7,0.65,57,2025,April,12
12-04-2025,Mizoram,153,Moderate,58.5,104.4,26,8.4,0.8,61,2025,April,12
12-04-2025,Nagaland,149,Moderate,66.9,116.6,25.9,6.5,0.86,54.8,2025,April,12
12-04-2025,Odisha,150,Moderate,66.2,109.3,24,8.2,0.76,55,2025,April,12
12-04-2025,Punjab,154,Moderate,62.7,104,26.6,7.5,0.83,56.6,2025,April,12
12-04-2025,Rajasthan,81,Satisfactory,37.8,51.9,11.7,3.7,0.48,62.3,2025,April,12
12-04-2025,Sikkim,152,Moderate,60.9,113.8,27.3,7.8,0.88,54.6,2025,April,12
12-04-2025,Tamil Nadu,138,Moderate,63.3,108.7,23.8,7.9,0.75,60.2,2025,April,12
12-04-2025,Telangana,122,Moderate,52.3,82.9,22.5,6.2,0.74,55.4,2025,April,12
12-04-2025,Tripura,140,Moderate,63.9,107.7,19.8,6.9,0.78,59.7,2025,April,12
12-04-2025,Uttar Pradesh,141,Moderate,56.6,92.7,21.6,7.4,0.8,57.1,2025,April,12
12-04-2025,Uttarakhand,132,Moderate,54.3,98.5,21.8,6.8,0.81,61.1,2025,April,12
12-04-2025,West Bengal,96,Satisfactory,36.6,66,14.5,5.3,0.52,61.5,2025,April,12
13-04-2025,Andhra Pradesh,154,Moderate,60.6,119,22.9,7.3,0.82,60,2025,April,13
13-04-2025,Arunachal Pradesh,76,Satisfactory,35.2,53.5,10,3.2,0.33,59.9,2025,April,13
13-04-2025,Assam,178,Moderate,74.7,126.3,30.1,8.8,0.99,54.6,2025,April,13
13-04-2025,Bihar,107,Moderate,47,78.1,19.1,4.6,0.54,58.5,2025,April,13
13-04-2025,Chhattisgarh,133,Moderate,55.3,103.8,22.6,6.1,0.84,56.1,2025,April,13
13-04-2025,Goa,100,Satisfactory,39.2,71.9,15.2,4.6,0.65,60.2,2025,April,13
13-04-2025,Gujarat,128,Moderate,49.6,94.4,21.8,7.4,0.79,55.6,2025,April,13
13-04-2025,Haryana,76,Satisfactory,31.6,54.5,13.7,3.7,0.35,59.8,2025,April,13
13-04-2025,Himachal Pradesh,159,Moderate,62.6,121,28.2,8.3,0.98,53.4,2025,April,13
13-04-2025,Jharkhand,146,Moderate,62.4,111.8,22.3,8.1,0.72,53.5,2025,April,13
13-04-2025,Karnataka,120,Moderate,47.1,87.7,20,6.1,0.67,56.5,2025,April,13
13-04-2025,Kerala,156,Moderate,66.4,121.9,25,8.2,0.82,57.2,2025,April,13
13-04-2025,Madhya Pradesh,106,Moderate,45.8,82.2,18.1,5.4,0.67,60.4,2025,April,13
13-04-2025,Maharashtra,168,Moderate,67.1,118.2,29.4,8.3,0.93,57,2025,April,13
13-04-2025,Manipur,156,Moderate,63.9,115.3,26.7,8.5,0.96,53.7,2025,April,13
13-04-2025,Meghalaya,113,Moderate,49.6,84.3,20.1,5.4,0.63,62.3,2025,April,13
13-04-2025,Mizoram,159,Moderate,64,107.3,26.8,8.2,0.87,59.8,2025,April,13
13-04-2025,Nagaland,156,Moderate,63,112.5,25.5,8,0.88,56,2025,April,13
13-04-2025,Odisha,119,Moderate,48.5,89.3,20.5,5.2,0.76,59.6,2025,April,13
13-04-2025,Punjab,154,Moderate,69.3,114.9,23,8.1,0.94,52.7,2025,April,13
13-04-2025,Rajasthan,85,Satisfactory,36.3,65.1,14.3,3.9,0.48,65.7,2025,April,13
13-04-2025,Sikkim,159,Moderate,72,114.4,24.3,8.9,0.96,52.6,2025,April,13
13-04-2025,Tamil Nadu,146,Moderate,58.4,105.9,22.6,6.4,0.9,57.6,2025,April,13
13-04-2025,Telangana,125,Moderate,47,86.3,18.3,6.3,0.68,56.2,2025,April,13
13-04-2025,Tripura,162,Moderate,67.9,114.3,27.8,8.4,0.87,61.8,2025,April,13
13-04-2025,Uttar Pradesh,176,Moderate,71.4,135.9,30.3,9.7,0.99,56.8,2025,April,13
13-04-2025,Uttarakhand,126,Moderate,57.1,92.1,22.2,5.3,0.78,62.5,2025,April,13
13-04-2025,West Bengal,73,Satisfactory,31.8,59.3,11.4,3.6,0.34,63.9,2025,April,13
14-04-2025,Andhra Pradesh,135,Moderate,53.7,96.6,23,6.2,0.78,54.9,2025,April,14
14-04-2025,Arunachal Pradesh,88,Satisfactory,33.5,57.3,12.2,3.7,0.49,62.7,2025,April,14
14-04-2025,Assam,169,Moderate,70.3,113.9,26.3,8,1,52.2,2025,April,14
14-04-2025,Bihar,135,Moderate,53.3,95.7,23.4,6.7,0.7,59.9,2025,April,14
14-04-2025,Chhattisgarh,141,Moderate,61.7,107.8,20.1,7.8,0.78,58.5,2025,April,14
14-04-2025,Goa,91,Satisfactory,42.2,71,12,4.8,0.44,67.7,2025,April,14
14-04-2025,Gujarat,102,Moderate,42.3,79.7,16.5,4.1,0.55,65.7,2025,April,14
14-04-2025,Haryana,105,Moderate,44.2,76.2,19.8,5.1,0.59,65.6,2025,April,14
14-04-2025,Himachal Pradesh,177,Moderate,77.3,125.4,29,9.3,1.08,51.6,2025,April,14
14-04-2025,Jharkhand,152,Moderate,59.4,107.2,22.3,8.2,0.84,53.8,2025,April,14
14-04-2025,Karnataka,104,Moderate,43.4,73.5,17.9,5.9,0.6,63.2,2025,April,14
14-04-2025,Kerala,180,Moderate,76.4,133.8,26.1,9.4,0.94,57,2025,April,14
14-04-2025,Madhya Pradesh,116,Moderate,42.9,86.1,21.3,5.1,0.56,63.3,2025,April,14
14-04-2025,Maharashtra,164,Moderate,69.5,114.3,23.7,8,0.99,58.8,2025,April,14
14-04-2025,Manipur,142,Moderate,55.8,98.9,22.9,7.4,0.83,53.7,2025,April,14
14-04-2025,Meghalaya,104,Moderate,43,80.7,15.4,5.4,0.63,66.6,2025,April,14
14-04-2025,Mizoram,123,Moderate,54.2,92.9,18.3,5.4,0.72,64.2,2025,April,14
14-04-2025,Nagaland,161,Moderate,70.2,124.1,25.4,8.8,0.89,52.6,2025,April,14
14-04-2025,Odisha,119,Moderate,55.1,81.6,19.2,6.5,0.68,61.4,2025,April,14
14-04-2025,Punjab,166,Moderate,72.5,126.7,27.8,8.9,0.84,54.1,2025,April,14
14-04-2025,Rajasthan,110,Moderate,44.2,73.9,18.8,4.8,0.66,60.6,2025,April,14
14-04-2025,Sikkim,132,Moderate,50.3,92.7,18.9,7.1,0.82,62.1,2025,April,14
14-04-2025,Tamil Nadu,136,Moderate,57.4,95.6,21,7.6,0.76,56.3,2025,April,14
14-04-2025,Telangana,143,Moderate,55.2,110.3,25,6.2,0.87,53.8,2025,April,14
14-04-2025,Tripura,162,Moderate,62.1,110.4,27.4,8.2,0.88,59.8,2025,April,14
14-04-2025,Uttar Pradesh,156,Moderate,62.4,104.9,24,7.6,0.89,55,2025,April,14
14-04-2025,Uttarakhand,134,Moderate,56.5,87.8,21.3,6.6,0.79,58.8,2025,April,14
14-04-2025,West Bengal,96,Satisfactory,45.4,68.1,16.8,5.5,0.55,62.9,2025,April,14
15-04-2025,Andhra Pradesh,148,Moderate,60.6,108.7,24,7.5,0.81,54.8,2025,April,15
15-04-2025,Arunachal Pradesh,74,Satisfactory,27.4,47.7,9,4.2,0.37,67.7,2025,April,15
15-04-2025,Assam,141,Moderate,54.3,97.3,23.1,7.5,0.8,61,2025,April,15
15-04-2025,Bihar,135,Moderate,55.5,99.3,21.1,7.2,0.67,58.2,2025,April,15
15-04-2025,Chhattisgarh,123,Moderate,46.6,85.6,21,5.3,0.75,64.4,2025,April,15
15-04-2025,Goa,135,Moderate,61.5,99.4,23.8,7.5,0.84,58.7,2025,April,15
15-04-2025,Gujarat,90,Satisfactory,37.9,56.8,16.8,4.6,0.43,66.7,2025,April,15
15-04-2025,Haryana,97,Satisfactory,45,61,13.9,5.1,0.63,63.7,2025,April,15
15-04-2025,Himachal Pradesh,165,Moderate,74.2,113.9,27.9,9.2,0.91,55.7,2025,April,15
15-04-2025,Jharkhand,157,Moderate,63.4,104,25.6,7.8,0.82,55.4,2025,April,15
15-04-2025,Karnataka,105,Moderate,46.1,67.1,17.1,6.2,0.67,58.6,2025,April,15
15-04-2025,Kerala,170,Moderate,68.3,119.2,29.8,8.8,0.93,53.7,2025,April,15
15-04-2025,Madhya Pradesh,77,Satisfactory,27,46,9.5,4.3,0.36,61.1,2025,April,15
15-04-2025,Maharashtra,141,Moderate,62.6,93.5,19.8,6.4,0.71,58.5,2025,April,15
15-04-2025,Manipur,185,Moderate,73.5,141,29.8,9.9,1.05,59.5,2025,April,15
15-04-2025,Meghalaya,92,Satisfactory,38.1,56.4,13.2,5.3,0.48,59.4,2025,April,15
15-04-2025,Mizoram,130,Moderate,49.7,99.1,23.2,6.8,0.76,60.8,2025,April,15
15-04-2025,Nagaland,179,Moderate,76.9,138.3,27.6,9.2,1.02,57.2,2025,April,15
15-04-2025,Odisha,129,Moderate,56.6,100.5,21.5,6.3,0.8,62.5,2025,April,15
15-04-2025,Punjab,179,Moderate,77.7,127.9,28.1,9.5,1.04,54.6,2025,April,15
15-04-2025,Rajasthan,70,Satisfactory,28.1,49.8,14.2,4.2,0.39,67.6,2025,April,15
15-04-2025,Sikkim,147,Moderate,62.9,109.6,23.2,7.6,0.91,57.9,2025,April,15
15-04-2025,Tamil Nadu,126,Moderate,57.1,80.8,20.2,6.3,0.75,58.5,2025,April,15
15-04-2025,Telangana,128,Moderate,54.7,89.1,18.9,5.8,0.68,56.8,2025,April,15
15-04-2025,Tripura,163,Moderate,72.4,119.4,28.5,9,0.94,54.8,2025,April,15
15-04-2025,Uttar Pradesh,177,Moderate,68.8,128.7,29.9,9.5,0.97,59,2025,April,15
15-04-2025,Uttarakhand,97,Satisfactory,42.9,71.7,16,4.1,0.57,63.6,2025,April,15
15-04-2025,West Bengal,84,Satisfactory,41.2,67.4,10.9,3.9,0.5,58.4,2025,April,15
16-04-2025,Andhra Pradesh,147,Moderate,60.1,107.1,23.9,8.2,0.82,61.9,2025,April,16
16-04-2025,Arunachal Pradesh,75,Satisfactory,35.3,60.6,10.3,3.9,0.47,67.5,2025,April,16
16-04-2025,Assam,151,Moderate,62.5,106.5,25.7,7.9,0.93,56,2025,April,16
16-04-2025,Bihar,103,Moderate,47.8,68.9,18.1,6.1,0.55,66,2025,April,16
16-04-2025,Chhattisgarh,114,Moderate,47.5,89.1,18.7,5.3,0.6,59.9,2025,April,16
16-04-2025,Goa,127,Moderate,53.5,94.5,17.8,6.3,0.77,54.9,2025,April,16
16-04-2025,Gujarat,88,Satisfactory,38.6,68.7,16.2,5.3,0.5,66.4,2025,April,16
16-04-2025,Haryana,97,Satisfactory,34.9,60.8,17.4,5.3,0.57,58.8,2025,April,16
16-04-2025,Himachal Pradesh,184,Moderate,83.3,129,31,9.2,1.12,54.1,2025,April,16
16-04-2025,Jharkhand,152,Moderate,64.7,111.8,27,7.2,0.88,56.3,2025,April,16
16-04-2025,Karnataka,95,Satisfactory,41.6,60.8,14.8,5.4,0.59,62.6,2025,April,16
16-04-2025,Kerala,154,Moderate,68.9,116.4,22.6,8,0.93,53.8,2025,April,16
16-04-2025,Madhya Pradesh,79,Satisfactory,31.4,53.6,12.8,3.6,0.44,66.1,2025,April,16
16-04-2025,Maharashtra,154,Moderate,60.5,109.4,26.3,8.5,0.92,55.8,2025,April,16
16-04-2025,Manipur,158,Moderate,61.6,120.9,24.7,7.9,0.81,60.4,2025,April,16
16-04-2025,Meghalaya,111,Moderate,43.8,80.8,15.2,6,0.71,62.3,2025,April,16
16-04-2025,Mizoram,137,Moderate,61.2,97.2,24.6,6.7,0.69,58.9,2025,April,16
16-04-2025,Nagaland,146,Moderate,65.7,100.4,24.1,7.9,0.76,55.7,2025,April,16
16-04-2025,Odisha,163,Moderate,66.8,117.7,28,8,0.85,56.2,2025,April,16
16-04-2025,Punjab,179,Moderate,77.2,136.2,27.4,9.6,1.05,57.1,2025,April,16
16-04-2025,Rajasthan,96,Satisfactory,37.7,68.4,17.8,4.2,0.46,63.1,2025,April,16
16-04-2025,Sikkim,151,Moderate,66.2,115.2,24.6,7.6,0.91,62,2025,April,16
16-04-2025,Tamil Nadu,151,Moderate,65.5,101.6,25.3,7,0.77,58.2,2025,April,16
16-04-2025,Telangana,135,Moderate,58,97.9,19.3,6.2,0.69,58,2025,April,16
16-04-2025,Tripura,166,Moderate,64.7,121.6,25,8.9,0.92,61.2,2025,April,16
16-04-2025,Uttar Pradesh,163,Moderate,73.3,110.8,28.3,7.4,0.98,54.3,2025,April,16
16-04-2025,Uttarakhand,92,Satisfactory,37.2,67.1,12.3,4.3,0.55,66.8,2025,April,16
16-04-2025,West Bengal,110,Moderate,43.9,88.8,16.7,6.1,0.51,56.6,2025,April,16
17-04-2025,Andhra Pradesh,150,Moderate,66.9,115.9,26.5,7.6,0.8,57.8,2025,April,17
17-04-2025,Arunachal Pradesh,98,Satisfactory,35.9,63.6,13.4,5.5,0.61,66.8,2025,April,17
17-04-2025,Assam,164,Moderate,64,115.6,29,8.6,0.85,56.3,2025,April,17
17-04-2025,Bihar,116,Moderate,53.3,92.4,20.7,6.2,0.73,62,2025,April,17
17-04-2025,Chhattisgarh,107,Moderate,42.4,77.3,19.3,5,0.5,66.4,2025,April,17
17-04-2025,Goa,122,Moderate,49.1,89.1,18.6,5.6,0.65,57.9,2025,April,17
17-04-2025,Gujarat,127,Moderate,54.3,91.7,18.2,6.1,0.72,64.5,2025,April,17
17-04-2025,Haryana,94,Satisfactory,36.4,75.9,13.6,5.4,0.57,64.9,2025,April,17
17-04-2025,Himachal Pradesh,160,Moderate,61.2,114,25.7,8.4,0.99,59.5,2025,April,17
17-04-2025,Jharkhand,181,Moderate,75.5,125,27.8,9.5,1.09,59.4,2025,April,17
17-04-2025,Karnataka,112,Moderate,48.9,86.7,20.9,6.1,0.67,63.6,2025,April,17
17-04-2025,Kerala,166,Moderate,65.6,110.7,26.9,8.7,1.01,54.1,2025,April,17
17-04-2025,Madhya Pradesh,114,Moderate,53.8,76,19.7,6.1,0.54,65.8,2025,April,17
17-04-2025,Maharashtra,167,Moderate,69.1,111.8,25,7.6,1.03,60,2025,April,17
17-04-2025,Manipur,136,Moderate,52.6,96.5,19.6,7.6,0.81,56.7,2025,April,17
17-04-2025,Meghalaya,110,Moderate,42.3,70.6,19.2,5.9,0.51,65.1,2025,April,17
17-04-2025,Mizoram,156,Moderate,60.6,112.4,27.5,8.3,0.86,61.3,2025,April,17
17-04-2025,Nagaland,153,Moderate,58.7,103.5,26.5,8.3,0.93,60,2025,April,17
17-04-2025,Odisha,128,Moderate,58.1,86.2,21.7,6.9,0.75,60,2025,April,17
17-04-2025,Punjab,186,Moderate,74.3,126.9,27.5,8.6,0.97,53.5,2025,April,17
17-04-2025,Rajasthan,74,Satisfactory,30.1,50.6,11.8,3.4,0.42,61.1,2025,April,17
17-04-2025,Sikkim,151,Moderate,61.4,113.3,23.8,8.3,0.76,57.4,2025,April,17
17-04-2025,Tamil Nadu,142,Moderate,65.6,111.2,22.1,7.9,0.81,60.2,2025,April,17
17-04-2025,Telangana,122,Moderate,54.6,82.4,20.5,6.2,0.68,58.2,2025,April,17
17-04-2025,Tripura,152,Moderate,61.6,110.4,26.1,7.3,0.78,52.9,2025,April,17
17-04-2025,Uttar Pradesh,168,Moderate,70.7,122.4,28.2,8.1,0.86,57,2025,April,17
17-04-2025,Uttarakhand,128,Moderate,56.1,91.1,21,5.5,0.62,62.3,2025,April,17
17-04-2025,West Bengal,89,Satisfactory,37.6,54.6,13.4,4.9,0.49,60.6,2025,April,17
18-04-2025,Andhra Pradesh,129,Moderate,55.2,99.6,19.8,7.1,0.66,54.9,2025,April,18
18-04-2025,Arunachal Pradesh,87,Satisfactory,38.4,65.6,11.2,4.9,0.52,63.6,2025,April,18
18-04-2025,Assam,164,Moderate,74.3,118.2,27.3,8.8,0.98,56.1,2025,April,18
18-04-2025,Bihar,99,Satisfactory,36,72.5,18.1,4.1,0.58,63.1,2025,April,18
18-04-2025,Chhattisgarh,112,Moderate,46.5,87.9,18.1,5.1,0.6,58,2025,April,18
18-04-2025,Goa,89,Satisfactory,42.3,56.1,16,4.8,0.44,62.3,2025,April,18
18-04-2025,Gujarat,128,Moderate,52.3,85,23.4,6,0.71,62.9,2025,April,18
18-04-2025,Haryana,113,Moderate,48.8,71.8,17.5,5.9,0.53,64.9,2025,April,18
18-04-2025,Himachal Pradesh,173,Moderate,70.7,116.2,29.9,8.5,0.96,52.1,2025,April,18
18-04-2025,Jharkhand,188,Moderate,73.4,141,30.5,8.6,1.03,53,2025,April,18
18-04-2025,Karnataka,113,Moderate,49.4,84.7,17.6,4.9,0.67,63.3,2025,April,18
18-04-2025,Kerala,158,Moderate,64,104.5,24.8,8.2,0.95,55.5,2025,April,18
18-04-2025,Madhya Pradesh,70,Satisfactory,23.6,53.8,11.3,4.4,0.39,65.3,2025,April,18
18-04-2025,Maharashtra,159,Moderate,67.3,118.9,27.6,8.7,0.96,54.1,2025,April,18
18-04-2025,Manipur,136,Moderate,62.9,95.2,22.2,5.8,0.78,60.3,2025,April,18
18-04-2025,Meghalaya,97,Satisfactory,46,76.7,15.1,4.6,0.46,65,2025,April,18
18-04-2025,Mizoram,155,Moderate,69.8,113.1,27.4,6.9,0.78,52.9,2025,April,18
18-04-2025,Nagaland,164,Moderate,73.7,125.5,23.3,8.8,0.96,59.9,2025,April,18
18-04-2025,Odisha,149,Moderate,57.4,102.9,24.2,7.9,0.82,61.3,2025,April,18
18-04-2025,Punjab,188,Moderate,75,136.1,31.4,10.3,1.02,53.6,2025,April,18
18-04-2025,Rajasthan,118,Moderate,52,79.4,19.9,6.1,0.57,56.1,2025,April,18
18-04-2025,Sikkim,134,Moderate,53.8,87.3,23.4,6,0.65,54.8,2025,April,18
18-04-2025,Tamil Nadu,122,Moderate,47,93.9,17,5.4,0.67,64.1,2025,April,18
18-04-2025,Telangana,136,Moderate,55.3,96.7,23.1,7.2,0.8,60.5,2025,April,18
18-04-2025,Tripura,171,Moderate,76.9,123.2,24.7,8.6,0.9,56.3,2025,April,18
18-04-2025,Uttar Pradesh,149,Moderate,60.8,103,21.7,8,0.92,60.9,2025,April,18
18-04-2025,Uttarakhand,98,Satisfactory,42.1,60.8,14.5,5.3,0.63,60.2,2025,April,18
18-04-2025,West Bengal,85,Satisfactory,34.8,62.9,13.1,3.5,0.38,64.9,2025,April,18
19-04-2025,Andhra Pradesh,153,Moderate,69.7,102.4,27.1,7,0.93,55.9,2025,April,19
19-04-2025,Arunachal Pradesh,108,Moderate,43,73.5,20.2,5.2,0.6,65.6,2025,April,19
19-04-2025,Assam,167,Moderate,67,123.1,24.1,8.6,1.02,52.6,2025,April,19
19-04-2025,Bihar,113,Moderate,46.3,83.1,19.2,6.4,0.62,59.3,2025,April,19
19-04-2025,Chhattisgarh,93,Satisfactory,44.1,68.2,14.2,5,0.49,65,2025,April,19
19-04-2025,Goa,101,Moderate,43.8,76.5,18.9,4.9,0.49,59.9,2025,April,19
19-04-2025,Gujarat,102,Moderate,39.5,81.5,17.1,5.3,0.61,62.5,2025,April,19
19-04-2025,Haryana,68,Satisfactory,30.5,57.9,13.6,2.8,0.33,62.6,2025,April,19
19-04-2025,Himachal Pradesh,166,Moderate,74.7,114,29,8.7,0.9,55,2025,April,19
19-04-2025,Jharkhand,161,Moderate,72.5,115.4,28.1,7.8,0.87,54.4,2025,April,19
19-04-2025,Karnataka,112,Moderate,41.1,86.2,15.6,5.3,0.68,57.5,2025,April,19
19-04-2025,Kerala,134,Moderate,51.2,100.1,22.6,7.3,0.81,63.4,2025,April,19
19-04-2025,Madhya Pradesh,87,Satisfactory,42,59.9,13.4,3.7,0.4,59.7,2025,April,19
19-04-2025,Maharashtra,155,Moderate,59.6,107.1,24.1,7.2,0.87,54.5,2025,April,19
19-04-2025,Manipur,158,Moderate,67.8,112.2,24.2,7.5,0.94,56.9,2025,April,19
19-04-2025,Meghalaya,137,Moderate,53.6,107.8,21.3,6.9,0.8,62.2,2025,April,19
19-04-2025,Mizoram,120,Moderate,51.6,86.8,21.3,6.4,0.63,60.1,2025,April,19
19-04-2025,Nagaland,161,Moderate,68.1,119.5,27.4,8.6,0.85,60.1,2025,April,19
19-04-2025,Odisha,135,Moderate,52.8,87.8,19.5,6.7,0.79,54.3,2025,April,19
19-04-2025,Punjab,158,Moderate,62.3,111.3,22.7,8.9,0.82,61,2025,April,19
19-04-2025,Rajasthan,73,Satisfactory,34.4,49.7,13.1,3.2,0.31,59.8,2025,April,19
19-04-2025,Sikkim,146,Moderate,65.5,107.4,23.3,8.1,0.88,61.4,2025,April,19
19-04-2025,Tamil Nadu,132,Moderate,57.5,104.8,19.7,6.9,0.64,59.8,2025,April,19
19-04-2025,Telangana,139,Moderate,55.1,109.6,21.9,7.9,0.86,63.8,2025,April,19
19-04-2025,Tripura,132,Moderate,50,94.2,23.3,5.7,0.7,63.3,2025,April,19
19-04-2025,Uttar Pradesh,172,Moderate,71.8,125,29.8,7.9,0.95,60.6,2025,April,19
19-04-2025,Uttarakhand,120,Moderate,49.3,90.2,20.5,6.1,0.74,64.2,2025,April,19
19-04-2025,West Bengal,99,Satisfactory,47.5,65.3,16.9,4.6,0.51,59.9,2025,April,19
20-04-2025,Andhra Pradesh,149,Moderate,61.3,109.2,21.7,8.1,0.84,56.4,2025,April,20
20-04-2025,Arunachal Pradesh,74,Satisfactory,34.3,57.9,11.8,3.6,0.43,63.7,2025,April,20
20-04-2025,Assam,140,Moderate,63.5,100.5,24.3,6.8,0.76,62.1,2025,April,20
20-04-2025,Bihar,133,Moderate,55.8,95.1,20.1,7.6,0.75,64.2,2025,April,20
20-04-2025,Chhattisgarh,123,Moderate,49.4,82.7,17.9,5.8,0.63,61.7,2025,April,20
20-04-2025,Goa,130,Moderate,51.9,91.8,23.7,6.3,0.7,62.9,2025,April,20
20-04-2025,Gujarat,92,Satisfactory,36,68.8,17.5,3.6,0.44,64.2,2025,April,20
20-04-2025,Haryana,107,Moderate,45.2,78.3,17.6,4.8,0.66,62.3,2025,April,20
20-04-2025,Himachal Pradesh,143,Moderate,64.6,106.1,24,7.3,0.75,62.1,2025,April,20
20-04-2025,Jharkhand,182,Moderate,70.9,130.5,27.5,10,1.06,52.8,2025,April,20
20-04-2025,Karnataka,122,Moderate,56.7,83.1,17.8,6,0.6,57.6,2025,April,20
20-04-2025,Kerala,138,Moderate,59,93.2,20.3,6.6,0.68,55.4,2025,April,20
20-04-2025,Madhya Pradesh,76,Satisfactory,31.9,45.5,10,4.8,0.39,66.8,2025,April,20
20-04-2025,Maharashtra,144,Moderate,58.4,102.6,26,7.8,0.82,62,2025,April,20
20-04-2025,Manipur,178,Moderate,78.7,134.6,29.9,9,1,56.9,2025,April,20
20-04-2025,Meghalaya,96,Satisfactory,41.6,72.3,16.4,4.1,0.58,60.5,2025,April,20
20-04-2025,Mizoram,122,Moderate,45.6,94.9,20.5,5.5,0.65,65.1,2025,April,20
20-04-2025,Nagaland,137,Moderate,51.9,105.2,19.9,6.2,0.81,60.6,2025,April,20
20-04-2025,Odisha,156,Moderate,65.3,120.6,26.6,7.8,0.85,55.1,2025,April,20
20-04-2025,Punjab,172,Moderate,72.8,129.8,28.4,9.5,0.87,58.2,2025,April,20
20-04-2025,Rajasthan,70,Satisfactory,23.7,48.5,9.1,2.8,0.41,64.6,2025,April,20
20-04-2025,Sikkim,149,Moderate,67.7,114.2,20.9,8.1,0.87,58.8,2025,April,20
20-04-2025,Tamil Nadu,110,Moderate,45.8,80,17.3,4.8,0.57,60,2025,April,20
20-04-2025,Telangana,101,Moderate,48,65.1,18.9,4.4,0.58,60.8,2025,April,20
20-04-2025,Tripura,143,Moderate,55.7,103.4,22.3,7.6,0.8,55.3,2025,April,20
20-04-2025,Uttar Pradesh,145,Moderate,55.5,105.8,20.3,6.5,0.83,61.7,2025,April,20
20-04-2025,Uttarakhand,120,Moderate,51.6,92.7,16.7,5.5,0.65,62.2,2025,April,20
20-04-2025,West Bengal,73,Satisfactory,29.8,53.8,13.6,2.8,0.32,64.8,2025,April,20
21-04-2025,Andhra Pradesh,156,Moderate,60.5,120.3,26,7.2,0.77,57.5,2025,April,21
21-04-2025,Arunachal Pradesh,93,Satisfactory,34.8,61.5,14.9,4.7,0.58,57.8,2025,April,21
21-04-2025,Assam,151,Moderate,62.9,117.5,24.9,8.4,0.74,61.9,2025,April,21
21-04-2025,Bihar,130,Moderate,51.3,88.5,18.5,5.9,0.69,63.4,2025,April,21
21-04-2025,Chhattisgarh,131,Moderate,58.9,100.5,18.1,6.4,0.82,55.1,2025,April,21
21-04-2025,Goa,109,Moderate,45.1,69.9,19.2,5.1,0.53,62.6,2025,April,21
21-04-2025,Gujarat,82,Satisfactory,38.9,50.4,10.9,4.9,0.45,65.5,2025,April,21
21-04-2025,Haryana,98,Satisfactory,46.9,76.2,16.2,5.3,0.49,60.5,2025,April,21
21-04-2025,Himachal Pradesh,163,Moderate,69.7,125.4,24.4,8.7,0.81,54.3,2025,April,21
21-04-2025,Jharkhand,171,Moderate,72.8,115.6,26.1,8.2,0.89,60.9,2025,April,21
21-04-2025,Karnataka,93,Satisfactory,39.2,60.3,16,4.2,0.51,62.9,2025,April,21
21-04-2025,Kerala,165,Moderate,63.6,124.7,23.4,7.7,0.82,61,2025,April,21
21-04-2025,Madhya Pradesh,111,Moderate,47.7,87.4,18.3,5.9,0.67,60.4,2025,April,21
21-04-2025,Maharashtra,169,Moderate,76.5,125.6,25.4,9,0.88,51.7,2025,April,21
21-04-2025,Manipur,141,Moderate,63.5,103.9,25,7,0.69,62.1,2025,April,21
21-04-2025,Meghalaya,102,Moderate,38.4,77.8,15.4,5.2,0.6,62.5,2025,April,21
21-04-2025,Mizoram,122,Moderate,50.1,90.2,18.8,5.8,0.68,64,2025,April,21
21-04-2025,Nagaland,161,Moderate,69.3,107.9,23,8.3,0.86,58.5,2025,April,21
21-04-2025,Odisha,128,Moderate,54,90.7,22.3,7.4,0.68,54.9,2025,April,21
21-04-2025,Punjab,150,Moderate,64.6,102.6,26.9,6.5,0.92,53.3,2025,April,21
21-04-2025,Rajasthan,78,Satisfactory,31.3,63.5,13.8,3.1,0.39,62.1,2025,April,21
21-04-2025,Sikkim,128,Moderate,56.9,85.8,19.4,5.7,0.67,59.3,2025,April,21
21-04-2025,Tamil Nadu,126,Moderate,52.6,81.7,21.7,5.9,0.62,59.7,2025,April,21
21-04-2025,Telangana,95,Satisfactory,42.6,63.7,15.5,4.2,0.47,63.8,2025,April,21
21-04-2025,Tripura,136,Moderate,53.2,97.4,20.7,7.4,0.82,56.9,2025,April,21
21-04-2025,Uttar Pradesh,163,Moderate,69.7,123.5,26,7.8,1,52.3,2025,April,21
21-04-2025,Uttarakhand,105,Moderate,45,82.1,19.5,5.7,0.58,62.4,2025,April,21
21-04-2025,West Bengal,113,Moderate,45.8,75.8,15.4,6.5,0.63,60.3,2025,April,21
22-04-2025,Andhra Pradesh,152,Moderate,62.2,109.1,23.9,7.7,0.93,53.3,2025,April,22
22-04-2025,Arunachal Pradesh,68,Satisfactory,28.3,56.7,12.2,3.1,0.44,63.4,2025,April,22
22-04-2025,Assam,141,Moderate,64.1,109.4,23.2,6.5,0.72,54.6,2025,April,22
22-04-2025,Bihar,121,Moderate,47.1,82.4,16.9,6.6,0.63,61.2,2025,April,22
22-04-2025,Chhattisgarh,141,Moderate,63.9,104,19.6,6.4,0.8,58.5,2025,April,22
22-04-2025,Goa,110,Moderate,45.4,84.7,16.7,5,0.57,57.1,2025,April,22
22-04-2025,Gujarat,119,Moderate,52.5,93.5,19.6,6.1,0.71,57,2025,April,22
22-04-2025,Haryana,111,Moderate,41.4,74.3,18.5,5.8,0.58,65,2025,April,22
22-04-2025,Himachal Pradesh,161,Moderate,69.4,111.5,27.3,9,0.98,56.5,2025,April,22
22-04-2025,Jharkhand,169,Moderate,72.2,127.2,26.4,7.7,0.96,58.2,2025,April,22
22-04-2025,Karnataka,115,Moderate,48.7,81.4,20.4,5.8,0.55,65.3,2025,April,22
22-04-2025,Kerala,133,Moderate,56.7,95.9,22.4,6.3,0.67,59.7,2025,April,22
22-04-2025,Madhya Pradesh,88,Satisfactory,35.6,64.7,16.2,3.5,0.52,59.6,2025,April,22
22-04-2025,Maharashtra,158,Moderate,67.1,111.2,27.9,7.9,0.89,55.4,2025,April,22
22-04-2025,Manipur,136,Moderate,60.3,94.2,20.5,6,0.85,57.8,2025,April,22
22-04-2025,Meghalaya,132,Moderate,50.9,103.5,22,6.3,0.73,57,2025,April,22
22-04-2025,Mizoram,145,Moderate,63.8,94.5,24.7,7.3,0.74,57,2025,April,22
22-04-2025,Nagaland,146,Moderate,64.4,101.9,20.5,6.9,0.83,57,2025,April,22
22-04-2025,Odisha,137,Moderate,55.4,94.7,22.7,6.5,0.71,63.8,2025,April,22
22-04-2025,Punjab,165,Moderate,68.7,122.5,25.5,7.3,0.93,61.5,2025,April,22
22-04-2025,Rajasthan,110,Moderate,40.6,74.6,19.4,5.8,0.71,56.8,2025,April,22
22-04-2025,Sikkim,171,Moderate,71.2,120.8,26.5,8.5,0.96,59.6,2025,April,22
22-04-2025,Tamil Nadu,111,Moderate,46.6,75.5,15.5,5.3,0.65,62.4,2025,April,22
22-04-2025,Telangana,118,Moderate,45.9,89.5,19.1,6.1,0.58,60.7,2025,April,22
22-04-2025,Tripura,170,Moderate,72.2,120.4,28.6,7.7,0.98,57.9,2025,April,22
22-04-2025,Uttar Pradesh,156,Moderate,64.5,111.4,27.8,8.7,0.9,54.9,2025,April,22
22-04-2025,Uttarakhand,93,Satisfactory,42.8,61.3,12.7,5.5,0.47,66.8,2025,April,22
22-04-2025,West Bengal,66,Satisfactory,29.4,48.4,13.3,3.7,0.4,68.6,2025,April,22
23-04-2025,Andhra Pradesh,156,Moderate,63.1,102.6,27.7,8.7,0.87,56,2025,April,23
23-04-2025,Arunachal Pradesh,104,Moderate,48.5,65.4,19.1,4.5,0.49,61.9,2025,April,23
23-04-2025,Assam,174,Moderate,77.3,132.2,30,9.2,0.9,51.7,2025,April,23
23-04-2025,Bihar,94,Satisfactory,42.2,70.9,17.7,4,0.47,66.5,2025,April,23
23-04-2025,Chhattisgarh,141,Moderate,53.5,96,24,6.6,0.74,55.4,2025,April,23
23-04-2025,Goa,127,Moderate,57.9,97.6,17.7,6,0.7,58,2025,April,23
23-04-2025,Gujarat,123,Moderate,47.4,90.4,20.6,6.5,0.6,63.1,2025,April,23
23-04-2025,Haryana,91,Satisfactory,39.7,68.5,13.4,3.7,0.42,64.1,2025,April,23
23-04-2025,Himachal Pradesh,190,Moderate,81.1,141.4,30,9.4,1,54.1,2025,April,23
23-04-2025,Jharkhand,147,Moderate,61.4,101.6,26,7.6,0.77,56.2,2025,April,23
23-04-2025,Karnataka,108,Moderate,48.3,72.2,17.5,5.1,0.58,65.6,2025,April,23
23-04-2025,Kerala,147,Moderate,67,113.6,24.6,8,0.85,60.7,2025,April,23
23-04-2025,Madhya Pradesh,66,Satisfactory,23.7,51,13.4,3.6,0.42,62.8,2025,April,23
23-04-2025,Maharashtra,152,Moderate,67.7,104.2,21.7,8.6,0.89,55.2,2025,April,23
23-04-2025,Manipur,167,Moderate,76,120.5,29.3,8,0.99,60.6,2025,April,23
23-04-2025,Meghalaya,108,Moderate,41.6,85.9,16.2,4.6,0.66,62.3,2025,April,23
23-04-2025,Mizoram,139,Moderate,54.6,92.5,22.9,6.4,0.75,57.5,2025,April,23
23-04-2025,Nagaland,167,Moderate,65.8,128.5,26.7,8.2,0.88,57.8,2025,April,23
23-04-2025,Odisha,116,Moderate,43.9,86.9,19.2,5.1,0.73,57.4,2025,April,23
23-04-2025,Punjab,176,Moderate,71.8,117,28.1,9.2,1.03,51.5,2025,April,23
23-04-2025,Rajasthan,103,Moderate,48.1,73.1,17.3,5.7,0.64,65.7,2025,April,23
23-04-2025,Sikkim,147,Moderate,60.3,113.1,22,8.2,0.75,59.9,2025,April,23
23-04-2025,Tamil Nadu,113,Moderate,48.1,85.2,19.7,5.2,0.73,61.6,2025,April,23
23-04-2025,Telangana,139,Moderate,57.3,99.4,22.4,7.5,0.76,55.2,2025,April,23
23-04-2025,Tripura,155,Moderate,65.5,119.5,22,8.2,0.81,59.8,2025,April,23
23-04-2025,Uttar Pradesh,164,Moderate,65.1,112.9,25.2,7.8,0.82,52.3,2025,April,23
23-04-2025,Uttarakhand,106,Moderate,40.2,83.9,15.5,5.9,0.53,59.8,2025,April,23
23-04-2025,West Bengal,74,Satisfactory,34.3,61.8,14.1,3.8,0.47,66,2025,April,23
24-04-2025,Andhra Pradesh,170,Moderate,69.6,121.6,29.5,7.9,0.94,54.9,2025,April,24
24-04-2025,Arunachal Pradesh,90,Satisfactory,41.5,74,13,4.7,0.55,64.4,2025,April,24
24-04-2025,Assam,135,Moderate,52.6,106.2,21.6,7.1,0.74,60.5,2025,April,24
24-04-2025,Bihar,140,Moderate,57,102.8,23.4,7.9,0.86,62.5,2025,April,24
24-04-2025,Chhattisgarh,134,Moderate,61.5,102.5,19.3,7.1,0.83,62.5,2025,April,24
24-04-2025,Goa,110,Moderate,43.9,85.2,17.4,5,0.69,65.2,2025,April,24
24-04-2025,Gujarat,105,Moderate,44.4,83.4,16.3,4.8,0.49,58.2,2025,April,24
24-04-2025,Haryana,108,Moderate,43.3,81.4,18.3,6,0.59,57.5,2025,April,24
24-04-2025,Himachal Pradesh,164,Moderate,69.4,116.9,25.8,8.4,0.91,53.1,2025,April,24
24-04-2025,Jharkhand,159,Moderate,71.1,108.5,24.9,8.2,0.79,61.6,2025,April,24
24-04-2025,Karnataka,102,Moderate,47.8,69,16.1,5.4,0.66,63,2025,April,24
24-04-2025,Kerala,131,Moderate,50.5,94.7,21.9,6.3,0.72,62.1,2025,April,24
24-04-2025,Madhya Pradesh,88,Satisfactory,33.4,58.3,14.5,4.8,0.55,62,2025,April,24
24-04-2025,Maharashtra,124,Moderate,50.4,84.5,19.6,5.3,0.62,55.5,2025,April,24
24-04-2025,Manipur,161,Moderate,63,122.2,27.5,7.3,0.85,56.3,2025,April,24
24-04-2025,Meghalaya,124,Moderate,55.9,97.3,19,5.7,0.7,60.2,2025,April,24
24-04-2025,Mizoram,124,Moderate,51.9,99.2,19.4,6.1,0.74,57.9,2025,April,24
24-04-2025,Nagaland,140,Moderate,57.5,109.8,20.4,6.9,0.7,54.3,2025,April,24
24-04-2025,Odisha,152,Moderate,60.4,103.2,26.6,7.9,0.77,54.4,2025,April,24
24-04-2025,Punjab,162,Moderate,64.6,118.8,23.8,8,0.86,59.2,2025,April,24
24-04-2025,Rajasthan,71,Satisfactory,28.8,49.6,13.1,2.8,0.39,61,2025,April,24
24-04-2025,Sikkim,164,Moderate,72.4,108.1,27.6,8.3,0.98,52.7,2025,April,24
24-04-2025,Tamil Nadu,131,Moderate,53.9,84.7,18.9,7,0.74,57.8,2025,April,24
24-04-2025,Telangana,114,Moderate,52.1,82.2,18.8,6.2,0.66,65.7,2025,April,24
24-04-2025,Tripura,175,Moderate,73.6,129.6,30.1,9.1,0.94,53.6,2025,April,24
24-04-2025,Uttar Pradesh,172,Moderate,68.6,131.2,26.3,8.8,0.87,52.8,2025,April,24
24-04-2025,Uttarakhand,116,Moderate,43,87.5,17.6,6,0.72,63.2,2025,April,24
24-04-2025,West Bengal,88,Satisfactory,31.2,71,14.3,3.8,0.49,64.4,2025,April,24
25-04-2025,Andhra Pradesh,155,Moderate,61.2,110.6,24.4,7.3,0.91,54.8,2025,April,25
25-04-2025,Arunachal Pradesh,101,Moderate,40.5,63.3,15.3,5.8,0.5,60.9,2025,April,25
25-04-2025,Assam,155,Moderate,63.6,109.9,24.6,7.1,0.95,52.6,2025,April,25
25-04-2025,Bihar,129,Moderate,53.4,83,18.6,5.5,0.75,58.5,2025,April,25
25-04-2025,Chhattisgarh,128,Moderate,47.9,84.9,22.6,5.5,0.63,63.1,2025,April,25
25-04-2025,Goa,110,Moderate,48.6,85,18.2,6.3,0.53,65.1,2025,April,25
25-04-2025,Gujarat,119,Moderate,54.7,95.2,20.7,6.2,0.65,58.9,2025,April,25
25-04-2025,Haryana,69,Satisfactory,23.2,48,10.7,3.5,0.45,60.1,2025,April,25
25-04-2025,Himachal Pradesh,179,Moderate,79.1,127.2,31.3,9.7,0.97,57.4,2025,April,25
25-04-2025,Jharkhand,147,Moderate,56.6,114.6,23.1,6.4,0.79,56,2025,April,25
25-04-2025,Karnataka,88,Satisfactory,41,73.2,15.4,4,0.4,58.1,2025,April,25
25-04-2025,Kerala,166,Moderate,71.1,120.2,29.2,7.3,1.01,52.9,2025,April,25
25-04-2025,Madhya Pradesh,103,Moderate,44,81.6,15.1,5.1,0.65,58.5,2025,April,25
25-04-2025,Maharashtra,174,Moderate,69,127.5,25.3,8.5,0.93,57.5,2025,April,25
25-04-2025,Manipur,178,Moderate,76.1,127.4,26.9,8.9,0.97,58.4,2025,April,25
25-04-2025,Meghalaya,133,Moderate,57,105.6,19.1,5.8,0.71,63,2025,April,25
25-04-2025,Mizoram,165,Moderate,70.5,113.7,24.5,7.5,0.95,55.2,2025,April,25
25-04-2025,Nagaland,184,Moderate,75.9,136.7,28.7,8.6,0.95,56.6,2025,April,25
25-04-2025,Odisha,117,Moderate,52.2,77.5,19.9,6.3,0.74,64.6,2025,April,25
25-04-2025,Punjab,166,Moderate,72.5,119.6,25.7,8.6,0.95,51.8,2025,April,25
25-04-2025,Rajasthan,99,Satisfactory,45.8,80.9,16.4,4.9,0.6,63.2,2025,April,25
25-04-2025,Sikkim,163,Moderate,70.2,117.9,26.8,7.5,0.97,52.3,2025,April,25
25-04-2025,Tamil Nadu,155,Moderate,66.2,108.5,24.2,7.5,0.94,61.2,2025,April,25
25-04-2025,Telangana,127,Moderate,55,81.7,18.3,6,0.78,62.1,2025,April,25
25-04-2025,Tripura,155,Moderate,60,112.2,23.9,6.8,0.96,56,2025,April,25
25-04-2025,Uttar Pradesh,191,Moderate,78.3,147.1,27.6,9.6,1.06,54.5,2025,April,25
25-04-2025,Uttarakhand,121,Moderate,56.6,91.5,16.6,6.1,0.7,58.2,2025,April,25
25-04-2025,West Bengal,109,Moderate,43.2,78.3,18.8,5.8,0.69,58.8,2025,April,25
26-04-2025,Andhra Pradesh,156,Moderate,71,110.6,25.5,6.8,0.89,60.3,2025,April,26
26-04-2025,Arunachal Pradesh,65,Satisfactory,30.3,52.8,8.8,3.8,0.31,60.5,2025,April,26
26-04-2025,Assam,140,Moderate,59.4,100.5,25.3,6.1,0.78,57.2,2025,April,26
26-04-2025,Bihar,107,Moderate,39.6,74.2,16.7,5.7,0.55,57,2025,April,26
26-04-2025,Chhattisgarh,93,Satisfactory,34,70.8,15.2,4,0.52,67.3,2025,April,26
26-04-2025,Goa,108,Moderate,39.8,73.1,18.3,5.9,0.52,64.4,2025,April,26
26-04-2025,Gujarat,129,Moderate,56,89.5,23.4,6.5,0.81,61.2,2025,April,26
26-04-2025,Haryana,99,Satisfactory,44.5,73.9,13.6,4.6,0.58,66.3,2025,April,26
26-04-2025,Himachal Pradesh,151,Moderate,61.4,102.3,23.8,7.1,0.79,54.8,2025,April,26
26-04-2025,Jharkhand,182,Moderate,73,127.7,31.7,9.9,1.01,60.2,2025,April,26
26-04-2025,Karnataka,128,Moderate,55.5,82.4,19.2,6.9,0.73,62,2025,April,26
26-04-2025,Kerala,141,Moderate,61,109.6,25.2,8,0.75,55.9,2025,April,26
26-04-2025,Madhya Pradesh,116,Moderate,45.3,76.1,21.4,6.7,0.68,61.8,2025,April,26
26-04-2025,Maharashtra,173,Moderate,70.6,115.1,24.8,8.3,0.9,56.3,2025,April,26
26-04-2025,Manipur,156,Moderate,63.6,119.3,24.7,8.1,0.82,55.1,2025,April,26
26-04-2025,Meghalaya,96,Satisfactory,41.5,63.4,15,4.1,0.5,58.9,2025,April,26
26-04-2025,Mizoram,142,Moderate,56.1,107.9,20.4,8,0.83,62.5,2025,April,26
26-04-2025,Nagaland,159,Moderate,72.1,109,26.4,8.2,0.81,58.4,2025,April,26
26-04-2025,Odisha,126,Moderate,48.6,97.2,21.1,6.9,0.76,58.4,2025,April,26
26-04-2025,Punjab,188,Moderate,84.8,136.5,27.2,8.8,0.99,52.5,2025,April,26
26-04-2025,Rajasthan,76,Satisfactory,34.7,57.7,9.5,3.4,0.47,61.1,2025,April,26
26-04-2025,Sikkim,155,Moderate,60.7,109,22,8.6,0.91,61.5,2025,April,26
26-04-2025,Tamil Nadu,147,Moderate,64,113.7,24.4,8.3,0.89,62.8,2025,April,26
26-04-2025,Telangana,96,Satisfactory,37.4,74.7,13.5,4.8,0.61,60.6,2025,April,26
26-04-2025,Tripura,134,Moderate,57.2,90.6,22,5.8,0.66,63.6,2025,April,26
26-04-2025,Uttar Pradesh,165,Moderate,64.2,112.5,26.3,8.5,0.86,53,2025,April,26
26-04-2025,Uttarakhand,123,Moderate,46,94.3,17.6,6.2,0.61,58.4,2025,April,26
26-04-2025,West Bengal,67,Satisfactory,23.5,49.8,10.8,3.7,0.34,61.1,2025,April,26
27-04-2025,Andhra Pradesh,163,Moderate,71.7,118.4,24.5,8.8,1.01,57.9,2025,April,27
27-04-2025,Arunachal Pradesh,66,Satisfactory,27.5,40.1,13.2,2.6,0.39,61.4,2025,April,27
27-04-2025,Assam,143,Moderate,57.2,94.9,23.6,7.4,0.85,61.3,2025,April,27
27-04-2025,Bihar,107,Moderate,45.3,67.5,18.3,5.7,0.66,63,2025,April,27
27-04-2025,Chhattisgarh,139,Moderate,57.5,98.8,21.1,6.6,0.77,58.8,2025,April,27
27-04-2025,Goa,119,Moderate,51.2,84.9,21.2,6.6,0.63,59.9,2025,April,27
27-04-2025,Gujarat,115,Moderate,50.6,91.5,17.9,5.6,0.7,65.2,2025,April,27
27-04-2025,Haryana,111,Moderate,44,70.9,14.9,4.9,0.58,61.7,2025,April,27
27-04-2025,Himachal Pradesh,188,Moderate,80.8,126.9,32.8,9.4,1.09,51,2025,April,27
27-04-2025,Jharkhand,150,Moderate,57.3,99.2,26,8.1,0.81,58.9,2025,April,27
27-04-2025,Karnataka,122,Moderate,49.3,84.6,19.7,6.5,0.68,63.9,2025,April,27
27-04-2025,Kerala,155,Moderate,65.9,118.9,26,7.1,0.84,57.6,2025,April,27
27-04-2025,Madhya Pradesh,88,Satisfactory,36.4,66.5,16.9,4.3,0.43,60.9,2025,April,27
27-04-2025,Maharashtra,127,Moderate,50.2,81.5,19.2,5.4,0.62,59,2025,April,27
27-04-2025,Manipur,137,Moderate,53.7,99.4,23.3,6.5,0.68,59.5,2025,April,27
27-04-2025,Meghalaya,119,Moderate,50.7,90.9,18.8,5.5,0.62,60.7,2025,April,27
27-04-2025,Mizoram,160,Moderate,68,107.7,25.4,7.9,0.95,60.6,2025,April,27
27-04-2025,Nagaland,138,Moderate,61.3,91.8,21.5,6.2,0.67,56.9,2025,April,27
27-04-2025,Odisha,118,Moderate,52.8,90.6,21.1,6.6,0.66,62.9,2025,April,27
27-04-2025,Punjab,186,Moderate,72.9,140.3,31.7,8.9,1.12,58,2025,April,27
27-04-2025,Rajasthan,113,Moderate,47.6,71.6,16.9,5.6,0.66,60.2,2025,April,27
27-04-2025,Sikkim,146,Moderate,66.4,100.1,24.9,6.7,0.86,53.3,2025,April,27
27-04-2025,Tamil Nadu,123,Moderate,55.2,94.9,19.5,6.7,0.71,63,2025,April,27
27-04-2025,Telangana,131,Moderate,56.2,85.5,20.4,7.4,0.67,60.7,2025,April,27
27-04-2025,Tripura,164,Moderate,67.3,126.9,26,8.6,0.82,54.4,2025,April,27
27-04-2025,Uttar Pradesh,151,Moderate,62.9,105.6,26.2,7.3,0.93,56.3,2025,April,27
27-04-2025,Uttarakhand,124,Moderate,48.2,85.8,22.1,5.8,0.72,63,2025,April,27
27-04-2025,West Bengal,110,Moderate,49.4,82,19.8,6.2,0.63,65.8,2025,April,27
28-04-2025,Andhra Pradesh,158,Moderate,62.9,106.1,23.5,8,0.97,57.4,2025,April,28
28-04-2025,Arunachal Pradesh,83,Satisfactory,35.7,58.7,13.9,3.7,0.54,65.1,2025,April,28
28-04-2025,Assam,172,Moderate,67,127.4,28,9.3,0.89,56.8,2025,April,28
28-04-2025,Bihar,104,Moderate,43.7,67.3,17.4,4.7,0.52,60.7,2025,April,28
28-04-2025,Chhattisgarh,142,Moderate,56.2,94.4,20.5,7.6,0.78,55.3,2025,April,28
28-04-2025,Goa,93,Satisfactory,36.6,65.1,16.6,5.3,0.46,62.3,2025,April,28
28-04-2025,Gujarat,89,Satisfactory,42.9,57.9,11.6,4.4,0.44,61.2,2025,April,28
28-04-2025,Haryana,77,Satisfactory,36.3,55,10.1,3.6,0.5,68.5,2025,April,28
28-04-2025,Himachal Pradesh,157,Moderate,70.6,115.6,26.3,7.8,0.94,57.4,2025,April,28
28-04-2025,Jharkhand,150,Moderate,64.7,110.8,22.5,7,0.79,53.1,2025,April,28
28-04-2025,Karnataka,113,Moderate,46.6,87.9,15.6,6.5,0.67,62,2025,April,28
28-04-2025,Kerala,149,Moderate,67.8,106.2,23,8.3,0.86,59.9,2025,April,28
28-04-2025,Madhya Pradesh,110,Moderate,43.4,80,19.9,5.2,0.69,64.5,2025,April,28
28-04-2025,Maharashtra,147,Moderate,61.1,114.1,21.9,7,0.79,59.1,2025,April,28
28-04-2025,Manipur,175,Moderate,75.3,125,27.1,9.1,1.04,58.4,2025,April,28
28-04-2025,Meghalaya,134,Moderate,54.3,88.5,20.4,7.5,0.81,55,2025,April,28
28-04-2025,Mizoram,124,Moderate,51.4,92.4,20.5,5.8,0.76,57.5,2025,April,28
28-04-2025,Nagaland,166,Moderate,74.7,121.1,24.2,7.9,0.97,60.2,2025,April,28
28-04-2025,Odisha,151,Moderate,68,100.8,21.8,8.5,0.79,56,2025,April,28
28-04-2025,Punjab,187,Moderate,83.9,140.7,27.3,9.2,1.06,59.9,2025,April,28
28-04-2025,Rajasthan,108,Moderate,43.9,76.9,19.2,5.6,0.57,65.9,2025,April,28
28-04-2025,Sikkim,159,Moderate,68.3,112.8,28.1,7.8,0.8,53,2025,April,28
28-04-2025,Tamil Nadu,110,Moderate,40.7,86.5,15.4,5.4,0.63,61.9,2025,April,28
28-04-2025,Telangana,97,Satisfactory,43.6,70.4,13.1,3.9,0.57,65.2,2025,April,28
28-04-2025,Tripura,176,Moderate,75.6,121.6,27.7,8.6,0.95,52.8,2025,April,28
28-04-2025,Uttar Pradesh,178,Moderate,80.5,124,31.2,8.2,0.99,52.7,2025,April,28
28-04-2025,Uttarakhand,130,Moderate,59.4,92.8,20.3,7,0.63,62.5,2025,April,28
28-04-2025,West Bengal,104,Moderate,41.1,78.5,18.8,5.9,0.61,65.8,2025,April,28
29-04-2025,Andhra Pradesh,158,Moderate,69.9,115.8,22.7,7.5,0.93,58.1,2025,April,29
29-04-2025,Arunachal Pradesh,94,Satisfactory,42.1,75.4,16.7,5.4,0.53,65.1,2025,April,29
29-04-2025,Assam,170,Moderate,70.4,114.9,29.5,9.3,1.04,60.6,2025,April,29
29-04-2025,Bihar,138,Moderate,53,98.8,21.2,6.3,0.69,57.2,2025,April,29
29-04-2025,Chhattisgarh,103,Moderate,42.6,81.6,15.6,5.7,0.55,65.3,2025,April,29
29-04-2025,Goa,131,Moderate,57.6,89.7,19.5,6.9,0.77,56.5,2025,April,29
29-04-2025,Gujarat,112,Moderate,52.7,71,18.6,5.4,0.67,59.7,2025,April,29
29-04-2025,Haryana,77,Satisfactory,36.8,52.8,15.3,3.8,0.47,65.3,2025,April,29
29-04-2025,Himachal Pradesh,152,Moderate,60.8,100,23,7.4,0.9,55.3,2025,April,29
29-04-2025,Jharkhand,165,Moderate,64.2,123.2,26.9,7.4,0.89,52.4,2025,April,29
29-04-2025,Karnataka,111,Moderate,51,77.3,19.5,6.2,0.64,60.8,2025,April,29
29-04-2025,Kerala,180,Moderate,76.7,121.5,31.3,8.9,0.92,50.9,2025,April,29
29-04-2025,Madhya Pradesh,87,Satisfactory,38,62.5,13.9,3.8,0.56,67.5,2025,April,29
29-04-2025,Maharashtra,164,Moderate,72,122.3,26.6,7.3,0.93,55.3,2025,April,29
29-04-2025,Manipur,168,Moderate,70.8,118.7,28.9,8.1,1,58.1,2025,April,29
29-04-2025,Meghalaya,116,Moderate,44.2,92.1,15.9,6.6,0.55,57.4,2025,April,29
29-04-2025,Mizoram,134,Moderate,57.6,99.6,19.2,7.6,0.84,56.4,2025,April,29
29-04-2025,Nagaland,139,Moderate,52.8,103.3,20.5,7,0.85,62,2025,April,29
29-04-2025,Odisha,140,Moderate,63,96.5,21.6,6.6,0.83,58.5,2025,April,29
29-04-2025,Punjab,167,Moderate,71,124.6,27.2,7.7,0.86,54.2,2025,April,29
29-04-2025,Rajasthan,102,Moderate,44.8,71.9,17.3,4.5,0.66,66.4,2025,April,29
29-04-2025,Sikkim,151,Moderate,62.1,111.4,22.1,8.2,0.89,57.4,2025,April,29
29-04-2025,Tamil Nadu,128,Moderate,53.2,96.1,21.9,6.2,0.74,56.2,2025,April,29
29-04-2025,Telangana,123,Moderate,49.6,89.2,18.9,6.4,0.78,64.6,2025,April,29
29-04-2025,Tripura,159,Moderate,70.4,124.4,25.8,7.5,0.85,58.5,2025,April,29
29-04-2025,Uttar Pradesh,191,Moderate,85.5,130,31.4,8.7,1.13,51.2,2025,April,29
29-04-2025,Uttarakhand,130,Moderate,49.1,93.8,22.9,7.1,0.65,61.6,2025,April,29
29-04-2025,West Bengal,84,Satisfactory,39.5,67.2,10.4,5.2,0.38,60.3,2025,April,29
30-04-2025,Andhra Pradesh,171,Moderate,66.7,116.1,29.1,9,0.93,58.6,2025,April,30
30-04-2025,Arunachal Pradesh,89,Satisfactory,32.3,70.8,12.6,4.1,0.4,64.9,2025,April,30
30-04-2025,Assam,149,Moderate,60.2,102.8,21.8,6.5,0.87,59.4,2025,April,30
30-04-2025,Bihar,115,Moderate,52.7,78.6,16.2,5.9,0.67,58.1,2025,April,30
30-04-2025,Chhattisgarh,138,Moderate,52.4,91.3,23,7.6,0.7,54.2,2025,April,30
30-04-2025,Goa,115,Moderate,51.5,89.2,21,4.9,0.69,64.3,2025,April,30
30-04-2025,Gujarat,117,Moderate,47.1,80.1,20.9,5.3,0.6,57,2025,April,30
30-04-2025,Haryana,79,Satisfactory,34.5,54.8,10.6,4.9,0.52,67.8,2025,April,30
30-04-2025,Himachal Pradesh,163,Moderate,67.4,113.7,27,7.8,1,53.9,2025,April,30
30-04-2025,Jharkhand,158,Moderate,63.9,116,23.9,7.4,0.85,54,2025,April,30
30-04-2025,Karnataka,97,Satisfactory,43.8,68.6,16.7,4.9,0.47,65.4,2025,April,30
30-04-2025,Kerala,176,Moderate,75.5,124.1,25.8,8.1,0.91,58.5,2025,April,30
30-04-2025,Madhya Pradesh,104,Moderate,48.4,76.3,19.3,5.2,0.62,64.9,2025,April,30
30-04-2025,Maharashtra,132,Moderate,58.8,87.6,22.5,6.8,0.69,58.6,2025,April,30
30-04-2025,Manipur,136,Moderate,56.3,102.4,21.5,7.5,0.76,54.7,2025,April,30
30-04-2025,Meghalaya,121,Moderate,47,89.3,20.3,6.6,0.7,64.2,2025,April,30
30-04-2025,Mizoram,165,Moderate,72.9,113.9,25.4,8.6,0.89,56.6,2025,April,30
30-04-2025,Nagaland,136,Moderate,53.9,107.8,19.7,6.5,0.75,61.7,2025,April,30
30-04-2025,Odisha,115,Moderate,48.1,77,16,5.4,0.61,58,2025,April,30
30-04-2025,Punjab,180,Moderate,76.9,121.7,26.1,10,1.02,52.5,2025,April,30
30-04-2025,Rajasthan,80,Satisfactory,29.8,59.7,12.1,3.8,0.53,59,2025,April,30
30-04-2025,Sikkim,164,Moderate,74.8,109.7,25,8.1,1,60.3,2025,April,30
30-04-2025,Tamil Nadu,139,Moderate,54.7,95.4,19.6,6.3,0.72,63.8,2025,April,30
30-04-2025,Telangana,133,Moderate,60.9,104.3,21.3,7.5,0.73,55.7,2025,April,30
30-04-2025,Tripura,160,Moderate,71.5,108.5,26,7.3,0.81,53.6,2025,April,30
30-04-2025,Uttar Pradesh,158,Moderate,65,107.3,25.3,8.4,0.84,60.9,2025,April,30
30-04-2025,Uttarakhand,112,Moderate,45.9,78,16.8,6.4,0.54,57,2025,April,30
30-04-2025,West Bengal,105,Moderate,47.9,72.5,19.1,5.5,0.63,58.2,2025,April,30
01-05-2025,Andhra Pradesh,136,Moderate,61.7,95.6,20.3,6.2,0.83,63.4,2025,May,1
01-05-2025,Arunachal Pradesh,88,Satisfactory,36,58.6,14.1,4,0.48,64.1,2025,May,1
01-05-2025,Assam,129,Moderate,50.1,86.9,17.9,5.5,0.7,62.8,2025,May,1
01-05-2025,Bihar,119,Moderate,49.3,87.1,20.8,6,0.76,61.5,2025,May,1
01-05-2025,Chhattisgarh,129,Moderate,59.8,83,22.1,7.3,0.63,57.6,2025,May,1
01-05-2025,Goa,107,Moderate,45.5,80.2,16,6.1,0.63,65.4,2025,May,1
01-05-2025,Gujarat,129,Moderate,52.5,98.9,23.4,5.6,0.64,56.8,2025,May,1
01-05-2025,Haryana,97,Satisfactory,35,60.5,18.3,5.6,0.56,61.5,2025,May,1
01-05-2025,Himachal Pradesh,173,Moderate,75,116.4,28.1,9.4,0.91,55.5,2025,May,1
01-05-2025,Jharkhand,162,Moderate,70.3,123.8,27.5,7.8,0.84,59.6,2025,May,1
01-05-2025,Karnataka,118,Moderate,48,90.9,20,6,0.7,63,2025,May,1
01-05-2025,Kerala,160,Moderate,70,122.8,28,8.9,0.98,58.5,2025,May,1
01-05-2025,Madhya Pradesh,71,Satisfactory,25.3,45.1,9.7,2.6,0.41,67.6,2025,May,1
01-05-2025,Maharashtra,169,Moderate,65.3,117.8,27.4,8.6,0.93,60.4,2025,May,1
01-05-2025,Manipur,177,Moderate,78.3,119.4,27.9,8.7,1.05,57.4,2025,May,1
01-05-2025,Meghalaya,119,Moderate,55.6,94,20.7,5.9,0.66,64.9,2025,May,1
01-05-2025,Mizoram,165,Moderate,69.6,125.7,25.2,8.5,0.88,52.6,2025,May,1
01-05-2025,Nagaland,174,Moderate,70.4,128.8,28.6,7.8,0.99,57.8,2025,May,1
01-05-2025,Odisha,118,Moderate,52.2,82.4,19.3,6.8,0.71,58.8,2025,May,1
01-05-2025,Punjab,184,Moderate,79.9,135.6,31.1,9.5,1,57.5,2025,May,1
01-05-2025,Rajasthan,99,Satisfactory,39.2,69.8,15.7,4,0.57,66.2,2025,May,1
01-05-2025,Sikkim,134,Moderate,52.3,103.6,20.5,6.5,0.75,60.5,2025,May,1
01-05-2025,Tamil Nadu,146,Moderate,56.8,109.3,24.3,8.1,0.9,58.7,2025,May,1
01-05-2025,Telangana,108,Moderate,47.7,86.1,17.7,5.7,0.69,63.6,2025,May,1
01-05-2025,Tripura,140,Moderate,61.6,103.1,24.1,6.1,0.69,59.9,2025,May,1
01-05-2025,Uttar Pradesh,183,Moderate,80.9,137.4,28.2,9,1.04,58.9,2025,May,1
01-05-2025,Uttarakhand,84,Satisfactory,36.1,60,16,4.3,0.47,63.2,2025,May,1
01-05-2025,West Bengal,68,Satisfactory,31.7,44.6,9.5,4.1,0.47,62,2025,May,1
02-05-2025,Andhra Pradesh,132,Moderate,57,85.6,23.8,6.5,0.79,63.1,2025,May,2
02-05-2025,Arunachal Pradesh,85,Satisfactory,33.9,66.2,11,4.5,0.47,66.4,2025,May,2
02-05-2025,Assam,171,Moderate,73.8,125.5,26.4,8.9,0.87,51.5,2025,May,2
02-05-2025,Bihar,134,Moderate,52,90.8,21.5,6.9,0.76,56.1,2025,May,2
02-05-2025,Chhattisgarh,134,Moderate,55.6,98,20.6,7.7,0.67,60.4,2025,May,2
02-05-2025,Goa,132,Moderate,59.4,97.4,21,6.6,0.68,55.5,2025,May,2
02-05-2025,Gujarat,96,Satisfactory,42.8,66.8,13.3,4.6,0.44,59.3,2025,May,2
02-05-2025,Haryana,74,Satisfactory,33.7,45.7,14.8,4.3,0.41,67.9,2025,May,2
02-05-2025,Himachal Pradesh,189,Moderate,76.1,133.3,32.1,8.8,1.12,53.4,2025,May,2
02-05-2025,Jharkhand,155,Moderate,69,106.9,26.6,7.5,0.79,59.6,2025,May,2
02-05-2025,Karnataka,127,Moderate,58.7,91.6,21,5.4,0.62,55.4,2025,May,2
02-05-2025,Kerala,174,Moderate,76.7,130.6,27.5,8.4,0.94,58.3,2025,May,2
02-05-2025,Madhya Pradesh,99,Satisfactory,43.3,71.8,18.2,5.5,0.57,65,2025,May,2
02-05-2025,Maharashtra,157,Moderate,68.3,121.5,24.9,8.4,0.96,58.5,2025,May,2
02-05-2025,Manipur,180,Moderate,79,126.9,27.8,9.2,0.99,54,2025,May,2
02-05-2025,Meghalaya,139,Moderate,59.9,97,24.9,7.9,0.83,57,2025,May,2
02-05-2025,Mizoram,126,Moderate,51,92.6,18.5,6.1,0.73,62.8,2025,May,2
02-05-2025,Nagaland,173,Moderate,69.7,125,25.1,8.8,0.89,58.1,2025,May,2
02-05-2025,Odisha,132,Moderate,51.5,102.3,18.8,7.1,0.77,58.8,2025,May,2
02-05-2025,Punjab,163,Moderate,70.3,121.2,27.3,7.9,0.98,60.8,2025,May,2
02-05-2025,Rajasthan,86,Satisfactory,34,68.2,14.9,3.6,0.44,61.3,2025,May,2
02-05-2025,Sikkim,160,Moderate,66.9,123.5,27,8.7,0.92,57.9,2025,May,2
02-05-2025,Tamil Nadu,114,Moderate,47.4,73.4,15.3,6.2,0.71,58.4,2025,May,2
02-05-2025,Telangana,104,Moderate,49,76,18.7,4.9,0.58,58.8,2025,May,2
02-05-2025,Tripura,139,Moderate,56.4,93.7,20.1,6.6,0.8,61.6,2025,May,2
02-05-2025,Uttar Pradesh,153,Moderate,64,100.2,23.2,7.7,0.89,54.1,2025,May,2
02-05-2025,Uttarakhand,130,Moderate,53.8,92.6,20,6.3,0.63,57.6,2025,May,2
02-05-2025,West Bengal,94,Satisfactory,40.7,68.3,12.2,5.5,0.48,60.6,2025,May,2
03-05-2025,Andhra Pradesh,160,Moderate,71.1,121.5,23,8.7,0.83,57.1,2025,May,3
03-05-2025,Arunachal Pradesh,106,Moderate,46.1,82.7,14.3,6.2,0.61,63.5,2025,May,3
03-05-2025,Assam,145,Moderate,58.5,107.2,21.8,6.3,0.79,60.4,2025,May,3
03-05-2025,Bihar,105,Moderate,41.1,70.1,16.1,6.2,0.68,58.1,2025,May,3
03-05-2025,Chhattisgarh,125,Moderate,57,80.2,22.4,6.7,0.79,61.5,2025,May,3
03-05-2025,Goa,90,Satisfactory,32.7,65.1,11.5,5.4,0.42,66.3,2025,May,3
03-05-2025,Gujarat,105,Moderate,45,77.9,15.7,5.8,0.55,58,2025,May,3
03-05-2025,Haryana,104,Moderate,48.9,79.2,15.7,5.2,0.55,56.8,2025,May,3
03-05-2025,Himachal Pradesh,151,Moderate,59.8,117.9,24.7,7.3,0.84,55.5,2025,May,3
03-05-2025,Jharkhand,194,Moderate,81.7,130.1,33.6,8.8,1.1,57.8,2025,May,3
03-05-2025,Karnataka,132,Moderate,52.3,93.3,20.9,6.9,0.7,62.7,2025,May,3
03-05-2025,Kerala,160,Moderate,66.3,124.9,28.5,7.9,0.93,59,2025,May,3
03-05-2025,Madhya Pradesh,104,Moderate,38.6,73.3,19.5,5.6,0.49,66.5,2025,May,3
03-05-2025,Maharashtra,149,Moderate,64.1,109.6,23.4,6.9,0.74,59.2,2025,May,3
03-05-2025,Manipur,143,Moderate,63.9,94,22.9,7.9,0.73,57.2,2025,May,3
03-05-2025,Meghalaya,108,Moderate,46.7,80.6,19,5.6,0.6,61.5,2025,May,3
03-05-2025,Mizoram,146,Moderate,61.5,97.8,21.8,8,0.82,57.4,2025,May,3
03-05-2025,Nagaland,141,Moderate,58.3,104.2,20.1,6.9,0.87,63,2025,May,3
03-05-2025,Odisha,159,Moderate,62.4,104.8,24.4,8.3,0.82,62,2025,May,3
03-05-2025,Punjab,157,Moderate,65.6,119.1,25.5,7.4,0.89,62,2025,May,3
03-05-2025,Rajasthan,96,Satisfactory,35.9,77.4,12.7,4,0.47,66.1,2025,May,3
03-05-2025,Sikkim,130,Moderate,54.8,94.7,21.4,6.2,0.74,62.7,2025,May,3
03-05-2025,Tamil Nadu,126,Moderate,57.6,92.4,17.5,5.3,0.61,63.7,2025,May,3
03-05-2025,Telangana,138,Moderate,59.6,104,21.7,7.7,0.81,60.8,2025,May,3
03-05-2025,Tripura,154,Moderate,62.6,120.3,22.9,7.6,0.9,62.4,2025,May,3
03-05-2025,Uttar Pradesh,184,Moderate,78.3,122.9,30.6,8.9,1.11,57.6,2025,May,3
03-05-2025,Uttarakhand,85,Satisfactory,38,65.3,15.9,5,0.42,60.9,2025,May,3
03-05-2025,West Bengal,84,Satisfactory,35.7,64.8,12.4,3.3,0.4,66.2,2025,May,3
04-05-2025,Andhra Pradesh,142,Moderate,61.7,98,25.5,7.8,0.75,61.6,2025,May,4
04-05-2025,Arunachal Pradesh,114,Moderate,51.8,85.6,21.1,6,0.72,61.9,2025,May,4
04-05-2025,Assam,149,Moderate,67.8,99.5,26.6,6.9,0.92,56.9,2025,May,4
04-05-2025,Bihar,126,Moderate,56.6,87.2,20.9,6.4,0.71,61.9,2025,May,4
04-05-2025,Chhattisgarh,126,Moderate,53.2,97.2,20.8,5.5,0.61,60.9,2025,May,4
04-05-2025,Goa,131,Moderate,54.3,91.6,18,6,0.78,56.5,2025,May,4
04-05-2025,Gujarat,113,Moderate,46.4,89.3,19.8,5.3,0.55,60.3,2025,May,4
04-05-2025,Haryana,103,Moderate,47.3,73.1,14.6,4.3,0.59,63,2025,May,4
04-05-2025,Himachal Pradesh,179,Moderate,73,134.6,28,8.7,1.06,58,2025,May,4
04-05-2025,Jharkhand,151,Moderate,67.8,102.1,25.3,8.1,0.88,62.7,2025,May,4
04-05-2025,Karnataka,121,Moderate,51.7,86.2,21.1,5.8,0.76,61.5,2025,May,4
04-05-2025,Kerala,173,Moderate,68.6,117.5,25.6,8,0.88,51.8,2025,May,4
04-05-2025,Madhya Pradesh,95,Satisfactory,38.9,60.5,16.9,4,0.59,62.3,2025,May,4
04-05-2025,Maharashtra,166,Moderate,66.9,129.2,27,7.9,0.93,58.6,2025,May,4
04-05-2025,Manipur,177,Moderate,77.6,133.5,30.7,8,1.01,57.7,2025,May,4
04-05-2025,Meghalaya,99,Satisfactory,46.4,69.1,17.7,4.3,0.54,66.6,2025,May,4
04-05-2025,Mizoram,124,Moderate,54,94.1,21.4,5.8,0.6,58.1,2025,May,4
04-05-2025,Nagaland,170,Moderate,68.5,116,25.1,9,1.01,56.6,2025,May,4
04-05-2025,Odisha,162,Moderate,64.9,115,24.7,7.7,0.9,57.4,2025,May,4
04-05-2025,Punjab,182,Moderate,79.8,134.5,27.5,9.9,1.06,58.7,2025,May,4
04-05-2025,Rajasthan,116,Moderate,51.6,91.9,20.6,5,0.74,63,2025,May,4
04-05-2025,Sikkim,136,Moderate,55.2,96.5,22.1,7.1,0.79,57.3,2025,May,4
04-05-2025,Tamil Nadu,142,Moderate,62.8,93.6,24,6.7,0.71,55.7,2025,May,4
04-05-2025,Telangana,95,Satisfactory,34.6,73.2,14,3.8,0.6,61.6,2025,May,4
04-05-2025,Tripura,149,Moderate,64.9,105.1,22.2,6.9,0.79,61.4,2025,May,4
04-05-2025,Uttar Pradesh,190,Moderate,76.7,144.9,32.1,10.2,0.99,57.2,2025,May,4
04-05-2025,Uttarakhand,131,Moderate,57.9,102.1,23.1,5.8,0.76,59.9,2025,May,4
04-05-2025,West Bengal,91,Satisfactory,36.8,60,16.4,4.3,0.57,60.7,2025,May,4
05-05-2025,Andhra Pradesh,152,Moderate,65,118.5,25.3,7,0.8,62.5,2025,May,5
05-05-2025,Arunachal Pradesh,105,Moderate,48.1,75,17.7,5.7,0.6,62.6,2025,May,5
05-05-2025,Assam,166,Moderate,68.5,113.7,23.8,7.8,0.99,52.9,2025,May,5
05-05-2025,Bihar,118,Moderate,49.9,88.4,20.2,5,0.58,63.1,2025,May,5
05-05-2025,Chhattisgarh,103,Moderate,48.9,76.4,14.6,6.1,0.54,59.4,2025,May,5
05-05-2025,Goa,131,Moderate,53,98.9,22.6,6,0.67,56.9,2025,May,5
05-05-2025,Gujarat,99,Satisfactory,41.5,79.7,18,5,0.46,59.2,2025,May,5
05-05-2025,Haryana,79,Satisfactory,36.6,47.1,14.9,4.1,0.5,61.2,2025,May,5
05-05-2025,Himachal Pradesh,184,Moderate,81.6,141.8,27.2,8.8,1.03,57.7,2025,May,5
05-05-2025,Jharkhand,184,Moderate,80.9,140.1,29.8,8.5,1.03,51.2,2025,May,5
05-05-2025,Karnataka,98,Satisfactory,36.8,69.5,18.5,3.9,0.53,60.3,2025,May,5
05-05-2025,Kerala,180,Moderate,74.9,120,28.3,9.4,1.09,57.4,2025,May,5
05-05-2025,Madhya Pradesh,94,Satisfactory,36.6,63.9,16.7,4.5,0.51,60.3,2025,May,5
05-05-2025,Maharashtra,130,Moderate,49.4,85.3,23.6,7.4,0.73,63.1,2025,May,5
05-05-2025,Manipur,176,Moderate,76,128.9,30.2,8.4,0.93,60.6,2025,May,5
05-05-2025,Meghalaya,97,Satisfactory,38.6,65.1,15.7,5.1,0.55,62.4,2025,May,5
05-05-2025,Mizoram,118,Moderate,45.4,78.4,20.8,6.6,0.71,58.4,2025,May,5
05-05-2025,Nagaland,157,Moderate,62.3,122.6,27.6,8,0.93,53.6,2025,May,5
05-05-2025,Odisha,155,Moderate,64.1,117.7,23,7.1,0.86,60.5,2025,May,5
05-05-2025,Punjab,144,Moderate,55.4,101.2,24.2,8.1,0.86,54.6,2025,May,5
05-05-2025,Rajasthan,90,Satisfactory,38.6,69.4,14.4,4.8,0.49,60.2,2025,May,5
05-05-2025,Sikkim,158,Moderate,71.6,112.7,24.1,7.6,0.84,58.5,2025,May,5
05-05-2025,Tamil Nadu,134,Moderate,60.8,93.5,22,5.9,0.79,55,2025,May,5
05-05-2025,Telangana,97,Satisfactory,35.4,73.2,12.6,5,0.5,59.2,2025,May,5
05-05-2025,Tripura,175,Moderate,72.3,130.5,28.6,8.6,1,52.9,2025,May,5
05-05-2025,Uttar Pradesh,173,Moderate,73.6,129.7,26.1,8.1,0.9,58.9,2025,May,5
05-05-2025,Uttarakhand,130,Moderate,52.7,85.5,19.3,6,0.73,59.8,2025,May,5
05-05-2025,West Bengal,110,Moderate,45.6,81.5,14.8,5.4,0.69,63,2025,May,5
06-05-2025,Andhra Pradesh,160,Moderate,67.6,112.6,25.8,8.6,0.8,55.7,2025,May,6
06-05-2025,Arunachal Pradesh,102,Moderate,42.5,83,16.1,6,0.58,66.4,2025,May,6
06-05-2025,Assam,177,Moderate,71.2,121.7,26.3,9.8,1.03,53.6,2025,May,6
06-05-2025,Bihar,99,Satisfactory,43.4,76.2,17.2,4.2,0.52,65.9,2025,May,6
06-05-2025,Chhattisgarh,141,Moderate,54.1,96.3,22.9,7.3,0.79,62.4,2025,May,6
06-05-2025,Goa,128,Moderate,59.1,85.4,20,6.7,0.78,62.8,2025,May,6
06-05-2025,Gujarat,104,Moderate,40.7,72.9,17.8,5.1,0.61,56.7,2025,May,6
06-05-2025,Haryana,97,Satisfactory,41.4,71.7,14.2,4.4,0.48,59.6,2025,May,6
06-05-2025,Himachal Pradesh,187,Moderate,77.1,135.3,27.7,10,1.05,52.4,2025,May,6
06-05-2025,Jharkhand,164,Moderate,64.9,113.2,28.8,7.8,0.94,60.1,2025,May,6
06-05-2025,Karnataka,92,Satisfactory,42.8,67.9,13.4,4.4,0.45,59.1,2025,May,6
06-05-2025,Kerala,166,Moderate,71,129.5,26.1,7.8,0.89,54,2025,May,6
06-05-2025,Madhya Pradesh,76,Satisfactory,31.6,62.6,15,4.6,0.5,66.4,2025,May,6
06-05-2025,Maharashtra,170,Moderate,72.7,117.6,29.1,9,0.88,55.3,2025,May,6
06-05-2025,Manipur,154,Moderate,59.6,116.1,23.3,8.1,0.82,61.6,2025,May,6
06-05-2025,Meghalaya,123,Moderate,53.2,81.4,18.1,7,0.63,64.1,2025,May,6
06-05-2025,Mizoram,131,Moderate,49.1,96.4,20.8,6.6,0.8,62.8,2025,May,6
06-05-2025,Nagaland,153,Moderate,69.9,111.3,25.1,8.1,0.8,56.5,2025,May,6
06-05-2025,Odisha,125,Moderate,57.1,96.5,20.8,5.4,0.75,64.7,2025,May,6
06-05-2025,Punjab,176,Moderate,71.2,123.4,27.9,8.6,0.95,53.6,2025,May,6
06-05-2025,Rajasthan,89,Satisfactory,42.1,67,11.4,4.4,0.55,64.2,2025,May,6
06-05-2025,Sikkim,136,Moderate,53.7,90.8,21.4,6.8,0.79,57.6,2025,May,6
06-05-2025,Tamil Nadu,121,Moderate,52.8,82.3,17.4,5.5,0.67,62.2,2025,May,6
06-05-2025,Telangana,102,Moderate,40.7,73.6,17.3,4.6,0.67,62.2,2025,May,6
06-05-2025,Tripura,160,Moderate,64.8,109.2,24.4,8.2,0.87,58.6,2025,May,6
06-05-2025,Uttar Pradesh,189,Moderate,74.8,137.8,32,10.3,1.09,50,2025,May,6
06-05-2025,Uttarakhand,101,Moderate,37,75.5,15.2,5.1,0.54,60,2025,May,6
06-05-2025,West Bengal,93,Satisfactory,35.8,59.2,14.5,5.2,0.48,61.9,2025,May,6
07-05-2025,Andhra Pradesh,165,Moderate,72.5,125.6,24.6,8.6,0.88,51.9,2025,May,7
07-05-2025,Arunachal Pradesh,73,Satisfactory,28.3,43.5,14.1,3.7,0.44,64.6,2025,May,7
07-05-2025,Assam,128,Moderate,53,88,18.2,7.3,0.81,60.8,2025,May,7
07-05-2025,Bihar,141,Moderate,53.8,102.2,19.8,7.3,0.76,60.3,2025,May,7
07-05-2025,Chhattisgarh,105,Moderate,38.1,83.2,16.6,5.8,0.66,65.3,2025,May,7
07-05-2025,Goa,108,Moderate,44.8,73,19.9,5.1,0.51,57.2,2025,May,7
07-05-2025,Gujarat,120,Moderate,53.9,79.7,16.7,6,0.73,56.6,2025,May,7
07-05-2025,Haryana,91,Satisfactory,40.5,74.2,11.8,4.6,0.43,62.6,2025,May,7
07-05-2025,Himachal Pradesh,186,Moderate,74.4,126.5,29.9,8.6,0.98,59.4,2025,May,7
07-05-2025,Jharkhand,193,Moderate,83.6,136.3,29.8,10.5,1.14,50.8,2025,May,7
07-05-2025,Karnataka,89,Satisfactory,42.5,65.1,15.8,3.5,0.57,58.7,2025,May,7
07-05-2025,Kerala,147,Moderate,59,108.3,22.9,7.2,0.76,63.2,2025,May,7
07-05-2025,Madhya Pradesh,90,Satisfactory,32.3,70.1,13.3,4.3,0.59,58.5,2025,May,7
07-05-2025,Maharashtra,129,Moderate,54.4,87.9,18.8,7.1,0.68,64.1,2025,May,7
07-05-2025,Manipur,175,Moderate,75.6,120.9,26.1,8.8,0.94,54.3,2025,May,7
07-05-2025,Meghalaya,105,Moderate,46.4,83.2,19.2,4.4,0.62,64.3,2025,May,7
07-05-2025,Mizoram,151,Moderate,63,118.1,23.9,7.5,0.74,62.5,2025,May,7
07-05-2025,Nagaland,167,Moderate,73,114.4,28.2,8.8,0.95,55.1,2025,May,7
07-05-2025,Odisha,123,Moderate,56.6,81.9,18.2,6.2,0.66,62,2025,May,7
07-05-2025,Punjab,155,Moderate,68.4,109.2,27.1,8,0.95,60.5,2025,May,7
07-05-2025,Rajasthan,117,Moderate,48.6,82.2,15.9,5.6,0.74,59.8,2025,May,7
07-05-2025,Sikkim,126,Moderate,53.8,92.9,18.5,5.8,0.6,62.1,2025,May,7
07-05-2025,Tamil Nadu,142,Moderate,58.7,111.9,21.7,8.1,0.86,54.9,2025,May,7
07-05-2025,Telangana,94,Satisfactory,37.1,63.4,16.7,5.3,0.6,59,2025,May,7
07-05-2025,Tripura,177,Moderate,71.9,131.3,28.6,8.7,0.96,57.1,2025,May,7
07-05-2025,Uttar Pradesh,144,Moderate,55.4,104.7,22.2,8,0.76,55.8,2025,May,7
07-05-2025,Uttarakhand,105,Moderate,46.2,82.2,18.8,4.4,0.55,65.6,2025,May,7
07-05-2025,West Bengal,107,Moderate,44.9,77.9,16.1,5.4,0.5,60.1,2025,May,7
08-05-2025,Andhra Pradesh,145,Moderate,56.7,99,24.2,6.5,0.75,62.9,2025,May,8
08-05-2025,Arunachal Pradesh,88,Satisfactory,31.1,68,11.2,4.6,0.45,67.2,2025,May,8
08-05-2025,Assam,150,Moderate,65.8,111.8,22.5,8.5,0.75,59.9,2025,May,8
08-05-2025,Bihar,117,Moderate,49.2,86.8,17.1,5.8,0.61,64.1,2025,May,8
08-05-2025,Chhattisgarh,101,Moderate,43.6,75.6,14,5.6,0.55,61.5,2025,May,8
08-05-2025,Goa,94,Satisfactory,44.2,72.4,14.5,5.3,0.59,66.1,2025,May,8
08-05-2025,Gujarat,105,Moderate,41.9,67.8,16.4,4.4,0.57,61.7,2025,May,8
08-05-2025,Haryana,114,Moderate,49.8,76.6,15.5,6.5,0.68,60.4,2025,May,8
08-05-2025,Himachal Pradesh,189,Moderate,77.4,139,32.3,9,0.96,52.6,2025,May,8
08-05-2025,Jharkhand,192,Moderate,84.5,135.1,27.7,8.9,1.06,55.6,2025,May,8
08-05-2025,Karnataka,100,Satisfactory,43.6,78.8,14.4,5,0.47,61,2025,May,8
08-05-2025,Kerala,169,Moderate,67.8,115.9,27,8.8,0.87,58.7,2025,May,8
08-05-2025,Madhya Pradesh,69,Satisfactory,29.5,45,12.5,2.5,0.36,66.1,2025,May,8
08-05-2025,Maharashtra,127,Moderate,57.5,86.7,21.7,6.2,0.69,63,2025,May,8
08-05-2025,Manipur,164,Moderate,63.9,125.6,26.3,8.4,0.98,61.3,2025,May,8
08-05-2025,Meghalaya,93,Satisfactory,34.2,64.1,17.1,4.3,0.58,67.4,2025,May,8
08-05-2025,Mizoram,134,Moderate,54.6,99.7,19.6,6.4,0.79,63.1,2025,May,8
08-05-2025,Nagaland,145,Moderate,59.9,110.3,23.7,6.3,0.73,57.7,2025,May,8
08-05-2025,Odisha,138,Moderate,59.8,106.1,24.5,6.4,0.75,56.1,2025,May,8
08-05-2025,Punjab,173,Moderate,68.9,122.4,25.9,9.3,1.02,60.9,2025,May,8
08-05-2025,Rajasthan,97,Satisfactory,45.8,69.3,13.9,5.4,0.53,60.7,2025,May,8
08-05-2025,Sikkim,133,Moderate,51.8,99.2,19.4,6.3,0.73,57.9,2025,May,8
08-05-2025,Tamil Nadu,123,Moderate,54.5,93,19,5.4,0.78,61.1,2025,May,8
08-05-2025,Telangana,95,Satisfactory,41.8,73.7,17.9,5.1,0.43,63.4,2025,May,8
08-05-2025,Tripura,166,Moderate,72.4,123.9,29,8.7,1,58.6,2025,May,8
08-05-2025,Uttar Pradesh,172,Moderate,75.2,125.1,24.6,9,1.04,59.3,2025,May,8
08-05-2025,Uttarakhand,100,Satisfactory,46,68.1,14.4,5.5,0.48,65.5,2025,May,8
08-05-2025,West Bengal,77,Satisfactory,38.2,46.5,11.2,4.5,0.37,65.2,2025,May,8
09-05-2025,Andhra Pradesh,157,Moderate,71,108.4,23.6,8.8,0.94,57.6,2025,May,9
09-05-2025,Arunachal Pradesh,110,Moderate,41.7,75.5,20.4,5.1,0.57,56.5,2025,May,9
09-05-2025,Assam,147,Moderate,62,108,23.2,6.4,0.81,57.6,2025,May,9
09-05-2025,Bihar,111,Moderate,42,88.5,17.4,4.7,0.6,64,2025,May,9
09-05-2025,Chhattisgarh,124,Moderate,46.4,86,20.1,6.6,0.77,59.4,2025,May,9
09-05-2025,Goa,90,Satisfactory,42.8,61.9,13.4,4.3,0.47,62.4,2025,May,9
09-05-2025,Gujarat,118,Moderate,44.4,93.8,16.3,5.1,0.59,57.7,2025,May,9
09-05-2025,Haryana,114,Moderate,48.9,72.9,18.4,6.7,0.61,65.8,2025,May,9
09-05-2025,Himachal Pradesh,188,Moderate,81.5,138.9,27.3,8.7,1.1,50.7,2025,May,9
09-05-2025,Jharkhand,176,Moderate,69.3,132.1,30.7,8.5,0.95,60.1,2025,May,9
09-05-2025,Karnataka,123,Moderate,52.5,86.7,17.8,5.5,0.6,57.4,2025,May,9
09-05-2025,Kerala,137,Moderate,58.2,92.3,24.4,7.7,0.7,58.2,2025,May,9
09-05-2025,Madhya Pradesh,82,Satisfactory,34,62.6,12.1,4.4,0.51,63.2,2025,May,9
09-05-2025,Maharashtra,152,Moderate,65.7,111.7,24.5,7.1,0.78,59.1,2025,May,9
09-05-2025,Manipur,136,Moderate,55.6,102,19.1,6.4,0.75,63.1,2025,May,9
09-05-2025,Meghalaya,139,Moderate,60.9,91,24.9,7.7,0.87,61.5,2025,May,9
09-05-2025,Mizoram,127,Moderate,47.9,82.2,17.5,6.4,0.74,63.6,2025,May,9
09-05-2025,Nagaland,181,Moderate,72.3,138.2,28.7,8.4,0.92,53.1,2025,May,9
09-05-2025,Odisha,123,Moderate,46.1,90.8,19.7,6.4,0.62,57.4,2025,May,9
09-05-2025,Punjab,174,Moderate,74.8,126.3,28.6,8.2,0.88,56.5,2025,May,9
09-05-2025,Rajasthan,99,Satisfactory,44.1,65.2,16,5,0.51,62.3,2025,May,9
09-05-2025,Sikkim,132,Moderate,56.3,101.4,22,6.4,0.82,60.2,2025,May,9
09-05-2025,Tamil Nadu,129,Moderate,57.4,84.7,18.1,7.2,0.66,60.4,2025,May,9
09-05-2025,Telangana,104,Moderate,43.5,69.5,13.9,5,0.53,57.7,2025,May,9
09-05-2025,Tripura,144,Moderate,63.2,103.5,22.9,7.8,0.87,54.1,2025,May,9
09-05-2025,Uttar Pradesh,150,Moderate,59,110.2,25.5,7.5,0.93,56.8,2025,May,9
09-05-2025,Uttarakhand,125,Moderate,57.6,87.5,17.8,5.3,0.69,61.4,2025,May,9
09-05-2025,West Bengal,97,Satisfactory,42.9,79,16.7,4.6,0.52,59.5,2025,May,9
10-05-2025,Andhra Pradesh,160,Moderate,62.6,124.8,27.8,8.6,0.83,57.8,2025,May,10
10-05-2025,Arunachal Pradesh,108,Moderate,40.1,67.8,20.2,5.7,0.51,61.1,2025,May,10
10-05-2025,Assam,130,Moderate,51.2,96.9,20,5.5,0.8,60.3,2025,May,10
10-05-2025,Bihar,122,Moderate,56.9,81,17.9,6.3,0.69,57.2,2025,May,10
10-05-2025,Chhattisgarh,140,Moderate,59.3,98,24.7,6.5,0.69,56,2025,May,10
10-05-2025,Goa,118,Moderate,44.1,89.3,20.5,5.1,0.65,62,2025,May,10
10-05-2025,Gujarat,131,Moderate,56.4,84.4,20.8,7.3,0.69,57.1,2025,May,10
10-05-2025,Haryana,85,Satisfactory,34.2,59.3,13.1,4.7,0.54,67.4,2025,May,10
10-05-2025,Himachal Pradesh,185,Moderate,81.6,134.2,27,10,1.08,58.8,2025,May,10
10-05-2025,Jharkhand,158,Moderate,68.8,117.5,24.1,8.4,0.82,61.5,2025,May,10
10-05-2025,Karnataka,110,Moderate,45.3,70.8,19.4,5.6,0.57,57.4,2025,May,10
10-05-2025,Kerala,140,Moderate,57.7,105,21.4,6.8,0.7,60.9,2025,May,10
10-05-2025,Madhya Pradesh,112,Moderate,41.6,84.7,17.7,5,0.63,56.6,2025,May,10
10-05-2025,Maharashtra,166,Moderate,73.3,117.5,29.5,7.5,0.89,59.1,2025,May,10
10-05-2025,Manipur,177,Moderate,74.8,119.4,29.5,8.9,0.96,58,2025,May,10
10-05-2025,Meghalaya,100,Satisfactory,42.7,65.7,18.3,4.7,0.56,57.5,2025,May,10
10-05-2025,Mizoram,118,Moderate,52.5,83.5,19.6,5.5,0.62,56.6,2025,May,10
10-05-2025,Nagaland,181,Moderate,78.2,133.3,26.5,8.4,0.94,51.3,2025,May,10
10-05-2025,Odisha,160,Moderate,66.3,119.2,23,8.8,0.8,54.8,2025,May,10
10-05-2025,Punjab,152,Moderate,69.7,105.5,26,7.3,0.89,57.6,2025,May,10
10-05-2025,Rajasthan,75,Satisfactory,33.1,51.3,9.7,3.9,0.37,61.4,2025,May,10
10-05-2025,Sikkim,158,Moderate,68.7,116,26.1,8.3,0.88,53.7,2025,May,10
10-05-2025,Tamil Nadu,156,Moderate,59.8,117.9,26.8,7.5,0.92,61.3,2025,May,10
10-05-2025,Telangana,125,Moderate,56.8,97.8,17,6.7,0.68,58.8,2025,May,10
10-05-2025,Tripura,177,Moderate,78.3,123,30,9.2,1.04,51.7,2025,May,10
10-05-2025,Uttar Pradesh,155,Moderate,67.2,104.5,25.6,7.3,0.79,60.9,2025,May,10
10-05-2025,Uttarakhand,84,Satisfactory,37.5,53.6,12.8,3.6,0.55,60.4,2025,May,10
10-05-2025,West Bengal,107,Moderate,39,81,14.7,4.9,0.6,65.5,2025,May,10
11-05-2025,Andhra Pradesh,158,Moderate,69.5,109.6,27.4,8.2,0.81,59.8,2025,May,11
11-05-2025,Arunachal Pradesh,79,Satisfactory,31.6,51.2,11.4,3.6,0.37,59.7,2025,May,11
11-05-2025,Assam,167,Moderate,69.5,126.6,26.7,9.1,0.92,55.9,2025,May,11
11-05-2025,Bihar,100,Satisfactory,36,68,17.4,4.5,0.5,65.1,2025,May,11
11-05-2025,Chhattisgarh,129,Moderate,54.3,83,19.8,6.5,0.81,58.9,2025,May,11
11-05-2025,Goa,116,Moderate,54.2,80.7,17.3,6.2,0.73,56.8,2025,May,11
11-05-2025,Gujarat,130,Moderate,51.5,88.6,20.7,6.9,0.74,57.1,2025,May,11
11-05-2025,Haryana,97,Satisfactory,39,68.1,15,4.8,0.47,61.2,2025,May,11
11-05-2025,Himachal Pradesh,157,Moderate,68.7,121.7,22.9,7.6,0.93,58,2025,May,11
11-05-2025,Jharkhand,169,Moderate,71.1,116,25.1,8.2,0.91,53.5,2025,May,11
11-05-2025,Karnataka,112,Moderate,53,75.3,18.1,5.2,0.55,57,2025,May,11
11-05-2025,Kerala,143,Moderate,57.8,100.9,22.1,7.5,0.77,56.3,2025,May,11
11-05-2025,Madhya Pradesh,94,Satisfactory,41.7,72.8,13.6,4.7,0.48,64.6,2025,May,11
11-05-2025,Maharashtra,148,Moderate,59.3,111.3,25,8.2,0.73,60.2,2025,May,11
11-05-2025,Manipur,145,Moderate,59.8,113.2,20.4,7.7,0.77,55.4,2025,May,11
11-05-2025,Meghalaya,114,Moderate,52,79.7,19,5.7,0.69,64.1,2025,May,11
11-05-2025,Mizoram,136,Moderate,58.4,105.1,23.1,7.1,0.7,54.6,2025,May,11
11-05-2025,Nagaland,167,Moderate,74.9,113.4,24.5,7.9,1,59,2025,May,11
11-05-2025,Odisha,160,Moderate,64.6,117,24.5,7.2,0.79,60.7,2025,May,11
11-05-2025,Punjab,170,Moderate,67.4,130.2,25.8,7.9,0.89,60.8,2025,May,11
11-05-2025,Rajasthan,107,Moderate,46.8,80.5,19.6,5,0.51,62,2025,May,11
11-05-2025,Sikkim,147,Moderate,66.2,99.7,20.6,8.3,0.73,59.4,2025,May,11
11-05-2025,Tamil Nadu,114,Moderate,48,81.1,16.7,5.6,0.63,59.1,2025,May,11
11-05-2025,Telangana,117,Moderate,48.3,74.6,19.2,6,0.7,60.2,2025,May,11
11-05-2025,Tripura,157,Moderate,71.9,111.5,26.3,7,0.78,55.7,2025,May,11
11-05-2025,Uttar Pradesh,186,Moderate,82.9,138.2,29.2,8.3,0.98,50.6,2025,May,11
11-05-2025,Uttarakhand,121,Moderate,52.2,86.3,22.1,6.3,0.65,56.1,2025,May,11
11-05-2025,West Bengal,87,Satisfactory,37.6,70.6,16.9,5.2,0.51,65.3,2025,May,11
12-05-2025,Andhra Pradesh,150,Moderate,60.2,116,24.2,6.6,0.78,62.2,2025,May,12
12-05-2025,Arunachal Pradesh,92,Satisfactory,42.7,57.8,14.1,3.9,0.54,65.8,2025,May,12
12-05-2025,Assam,143,Moderate,57,101.3,23,7.9,0.7,62.2,2025,May,12
12-05-2025,Bihar,128,Moderate,59.1,100.7,18.8,6.4,0.61,57.6,2025,May,12
12-05-2025,Chhattisgarh,131,Moderate,54.4,102.3,22.7,6,0.73,59.6,2025,May,12
12-05-2025,Goa,131,Moderate,51.6,89,19.3,6.9,0.65,61.8,2025,May,12
12-05-2025,Gujarat,90,Satisfactory,34.3,59,14.4,3.9,0.42,63.7,2025,May,12
12-05-2025,Haryana,76,Satisfactory,34.2,44.8,13.5,3.7,0.39,59.5,2025,May,12
12-05-2025,Himachal Pradesh,155,Moderate,59.8,118.4,26.2,7.2,0.82,59.3,2025,May,12
12-05-2025,Jharkhand,173,Moderate,71.8,132.6,29.6,7.8,0.98,55.8,2025,May,12
12-05-2025,Karnataka,91,Satisfactory,39.2,67.7,16.6,3.7,0.58,61.1,2025,May,12
12-05-2025,Kerala,151,Moderate,63.2,104.5,24,8.3,0.87,61,2025,May,12
12-05-2025,Madhya Pradesh,66,Satisfactory,31.3,49.6,12.2,2.5,0.4,64.9,2025,May,12
12-05-2025,Maharashtra,126,Moderate,50.4,84.8,22.2,5.8,0.64,64.6,2025,May,12
12-05-2025,Manipur,164,Moderate,69.6,116.4,25,9.1,0.9,52.3,2025,May,12
12-05-2025,Meghalaya,135,Moderate,58.7,105.4,18.7,7.5,0.74,60.8,2025,May,12
12-05-2025,Mizoram,134,Moderate,51,89.4,20.1,6.9,0.79,55.3,2025,May,12
12-05-2025,Nagaland,137,Moderate,63,89,20.2,6.2,0.75,58.7,2025,May,12
12-05-2025,Odisha,126,Moderate,56.8,88.1,18.1,6.8,0.8,56.6,2025,May,12
12-05-2025,Punjab,163,Moderate,63.9,124.4,26.8,8.5,0.85,59.2,2025,May,12
12-05-2025,Rajasthan,94,Satisfactory,43.4,60.7,16.1,5.7,0.59,66.3,2025,May,12
12-05-2025,Sikkim,145,Moderate,58.9,111.8,21.2,6.9,0.83,59.9,2025,May,12
12-05-2025,Tamil Nadu,146,Moderate,62.6,108.7,21.3,6.5,0.78,55.9,2025,May,12
12-05-2025,Telangana,99,Satisfactory,39.1,65,14.2,4.2,0.56,61.1,2025,May,12
12-05-2025,Tripura,176,Moderate,68.3,134.7,26.5,7.9,0.97,60.7,2025,May,12
12-05-2025,Uttar Pradesh,190,Moderate,75.2,134.2,27.8,9.8,1.04,50.8,2025,May,12
12-05-2025,Uttarakhand,93,Satisfactory,40.3,61.8,15.8,3.8,0.45,67,2025,May,12
12-05-2025,West Bengal,87,Satisfactory,33.3,63.7,13,4.7,0.47,67.6,2025,May,12
13-05-2025,Andhra Pradesh,166,Moderate,71.2,124.9,29.3,7.9,0.94,58,2025,May,13
13-05-2025,Arunachal Pradesh,111,Moderate,44,75.9,18.6,5.2,0.67,59.7,2025,May,13
13-05-2025,Assam,170,Moderate,68.5,114.8,26.3,8.6,0.85,59.4,2025,May,13
13-05-2025,Bihar,123,Moderate,55.8,92.5,16.7,6.3,0.78,62,2025,May,13
13-05-2025,Chhattisgarh,93,Satisfactory,43.9,62.2,17.3,3.7,0.42,64.4,2025,May,13
13-05-2025,Goa,127,Moderate,56.5,84.1,18.7,5.4,0.78,59.3,2025,May,13
13-05-2025,Gujarat,99,Satisfactory,39.6,65.4,18,5.4,0.5,63.4,2025,May,13
13-05-2025,Haryana,86,Satisfactory,33,54.9,13.4,3.5,0.38,59.6,2025,May,13
13-05-2025,Himachal Pradesh,165,Moderate,73.8,109.1,25.2,8,0.89,59.7,2025,May,13
13-05-2025,Jharkhand,179,Moderate,70.5,119.7,31.4,8.1,0.96,58.2,2025,May,13
13-05-2025,Karnataka,108,Moderate,41,79,17.1,4.9,0.67,62.3,2025,May,13
13-05-2025,Kerala,176,Moderate,70.1,119.1,27.9,8.7,1.06,53.7,2025,May,13
13-05-2025,Madhya Pradesh,81,Satisfactory,35.1,63.6,15.5,4.6,0.53,68.5,2025,May,13
13-05-2025,Maharashtra,168,Moderate,75.1,117.2,27.1,9.1,0.87,56,2025,May,13
13-05-2025,Manipur,172,Moderate,75.9,125.2,26.5,9.2,0.9,54.9,2025,May,13
13-05-2025,Meghalaya,133,Moderate,55.8,88.6,22.8,6,0.7,55.2,2025,May,13
13-05-2025,Mizoram,118,Moderate,48.1,75.6,21.9,5.6,0.75,57.6,2025,May,13
13-05-2025,Nagaland,143,Moderate,61.4,104.4,24.2,6.7,0.79,57,2025,May,13
13-05-2025,Odisha,157,Moderate,64,103.5,26.1,7.5,0.94,61.5,2025,May,13
13-05-2025,Punjab,172,Moderate,76.6,130.5,30,8,0.93,59.4,2025,May,13
13-05-2025,Rajasthan,93,Satisfactory,33.4,67.6,16.1,3.8,0.45,59.4,2025,May,13
13-05-2025,Sikkim,169,Moderate,74.3,116.7,24.5,8.3,1.04,60,2025,May,13
13-05-2025,Tamil Nadu,149,Moderate,65.9,115.7,25.7,7.8,0.79,55.2,2025,May,13
13-05-2025,Telangana,107,Moderate,45.4,71.9,20,4.7,0.61,58.8,2025,May,13
13-05-2025,Tripura,151,Moderate,62.1,105,25.6,7,0.83,58.7,2025,May,13
13-05-2025,Uttar Pradesh,168,Moderate,69.8,119.3,25.8,9,0.89,51.8,2025,May,13
13-05-2025,Uttarakhand,114,Moderate,51.8,74,18.7,5.9,0.65,59.4,2025,May,13
13-05-2025,West Bengal,114,Moderate,42.5,91,19,5.9,0.68,61.8,2025,May,13
14-05-2025,Andhra Pradesh,143,Moderate,61.8,93.2,23.9,6.2,0.7,61.7,2025,May,14
14-05-2025,Arunachal Pradesh,79,Satisfactory,37.2,62.5,14.2,4.7,0.37,66,2025,May,14
14-05-2025,Assam,128,Moderate,48.9,93.3,23,7,0.72,61.1,2025,May,14
14-05-2025,Bihar,140,Moderate,54.9,104.3,22.6,7.6,0.8,54.4,2025,May,14
14-05-2025,Chhattisgarh,126,Moderate,51.2,85,17.7,6.3,0.69,60.2,2025,May,14
14-05-2025,Goa,101,Moderate,45.1,82.5,18.5,4.5,0.62,57.5,2025,May,14
14-05-2025,Gujarat,111,Moderate,50.4,81.9,15.4,6.4,0.55,61.3,2025,May,14
14-05-2025,Haryana,115,Moderate,44.2,76.2,20.5,6.4,0.55,65.4,2025,May,14
14-05-2025,Himachal Pradesh,171,Moderate,66.9,113.7,24.5,9.1,0.88,54.2,2025,May,14
14-05-2025,Jharkhand,153,Moderate,59,100.4,23.8,8,0.92,57.7,2025,May,14
14-05-2025,Karnataka,114,Moderate,49.2,77.6,16.1,6.7,0.67,63,2025,May,14
14-05-2025,Kerala,179,Moderate,71.6,134.2,27.5,8.3,0.98,52.4,2025,May,14
14-05-2025,Madhya Pradesh,93,Satisfactory,43.2,62.6,14.6,5,0.44,64.7,2025,May,14
14-05-2025,Maharashtra,137,Moderate,56.1,90,20.8,6.5,0.85,63.2,2025,May,14
14-05-2025,Manipur,165,Moderate,64.1,112.7,26.2,7.5,0.99,54.1,2025,May,14
14-05-2025,Meghalaya,112,Moderate,49.7,83.5,20.7,5.8,0.65,56.9,2025,May,14
14-05-2025,Mizoram,163,Moderate,62.9,112.8,24.4,8.5,0.93,59.7,2025,May,14
14-05-2025,Nagaland,175,Moderate,73.4,116.1,27.4,8.5,0.91,57.4,2025,May,14
14-05-2025,Odisha,116,Moderate,45.8,87.6,20.8,5.1,0.6,59.9,2025,May,14
14-05-2025,Punjab,177,Moderate,74.9,133.7,28.2,8.5,1.01,54.9,2025,May,14
14-05-2025,Rajasthan,70,Satisfactory,33.6,43.7,11,3.2,0.29,69.3,2025,May,14
14-05-2025,Sikkim,137,Moderate,56.1,96.9,19.2,6.9,0.75,61.8,2025,May,14
14-05-2025,Tamil Nadu,146,Moderate,65.4,101.1,22.8,6.9,0.91,61.5,2025,May,14
14-05-2025,Telangana,107,Moderate,46.2,69,19.2,5.3,0.51,63.8,2025,May,14
14-05-2025,Tripura,133,Moderate,56.8,104.2,22.8,5.8,0.65,56,2025,May,14
14-05-2025,Uttar Pradesh,164,Moderate,69.4,124,24.7,8.5,0.98,57.4,2025,May,14
14-05-2025,Uttarakhand,118,Moderate,55.4,86.9,20,5.9,0.62,65,2025,May,14
14-05-2025,West Bengal,115,Moderate,43.5,79.6,18.7,6.2,0.56,57.8,2025,May,14
15-05-2025,Andhra Pradesh,124,Moderate,56.4,99.1,17.3,6.8,0.66,55.7,2025,May,15
15-05-2025,Arunachal Pradesh,79,Satisfactory,30.8,56.7,12.3,4.3,0.53,68.6,2025,May,15
15-05-2025,Assam,128,Moderate,52,84.7,18,6.7,0.74,63.1,2025,May,15
15-05-2025,Bihar,108,Moderate,43.2,75.2,18.5,4.6,0.56,58.6,2025,May,15
15-05-2025,Chhattisgarh,107,Moderate,45.3,73.4,17.9,6,0.63,56.8,2025,May,15
15-05-2025,Goa,130,Moderate,52.3,96.6,21.3,5.9,0.81,62.7,2025,May,15
15-05-2025,Gujarat,107,Moderate,45.5,69,16.8,4.4,0.64,62,2025,May,15
15-05-2025,Haryana,95,Satisfactory,38.3,66.6,12.8,4.1,0.46,63.1,2025,May,15
15-05-2025,Himachal Pradesh,145,Moderate,55.4,111,26.1,8.2,0.86,57.7,2025,May,15
15-05-2025,Jharkhand,173,Moderate,69.8,133.4,30.4,8.2,0.92,52.2,2025,May,15
15-05-2025,Karnataka,133,Moderate,57.5,92,21.1,6.5,0.72,56.5,2025,May,15
15-05-2025,Kerala,140,Moderate,60.1,97.1,23,7.8,0.75,55.8,2025,May,15
15-05-2025,Madhya Pradesh,85,Satisfactory,33.7,70.7,11.9,4.1,0.43,58.3,2025,May,15
15-05-2025,Maharashtra,131,Moderate,50.3,91,20.1,7.5,0.69,58.2,2025,May,15
15-05-2025,Manipur,176,Moderate,77.2,134.1,27.8,8.8,1,53.5,2025,May,15
15-05-2025,Meghalaya,139,Moderate,59,106,22,6.1,0.68,54,2025,May,15
15-05-2025,Mizoram,126,Moderate,47.1,97.3,20.6,7,0.62,58.2,2025,May,15
15-05-2025,Nagaland,140,Moderate,62.8,107.5,22.8,6.8,0.87,54,2025,May,15
15-05-2025,Odisha,138,Moderate,53.4,108.5,22.7,7.5,0.8,62,2025,May,15
15-05-2025,Punjab,140,Moderate,54.2,103.1,23.9,8,0.83,62.7,2025,May,15
15-05-2025,Rajasthan,73,Satisfactory,33.5,49.6,12.1,4.6,0.49,63.2,2025,May,15
15-05-2025,Sikkim,152,Moderate,62.7,100.8,26.8,8.1,0.81,61.2,2025,May,15
15-05-2025,Tamil Nadu,147,Moderate,65.9,96.8,25.4,8,0.75,54.4,2025,May,15
15-05-2025,Telangana,123,Moderate,56.8,81.9,22.6,6.5,0.62,62.2,2025,May,15
15-05-2025,Tripura,177,Moderate,73,129.8,31.3,8,0.92,57.8,2025,May,15
15-05-2025,Uttar Pradesh,168,Moderate,73,126.5,29.7,9.2,0.91,59,2025,May,15
15-05-2025,Uttarakhand,111,Moderate,41.1,71.1,18.6,5.8,0.68,59.2,2025,May,15
15-05-2025,West Bengal,116,Moderate,54.6,75,20.9,5.5,0.7,63.2,2025,May,15
16-05-2025,Andhra Pradesh,152,Moderate,67.6,114.7,26.8,7.2,0.77,58,2025,May,16
16-05-2025,Arunachal Pradesh,99,Satisfactory,46.3,79.1,15.9,4.1,0.48,61.7,2025,May,16
16-05-2025,Assam,174,Moderate,76.8,123.7,25.1,8.7,0.93,56.6,2025,May,16
16-05-2025,Bihar,100,Satisfactory,37.5,77.9,16.9,5.5,0.47,57.3,2025,May,16
16-05-2025,Chhattisgarh,116,Moderate,51.4,91,16.6,5.6,0.68,59,2025,May,16
16-05-2025,Goa,123,Moderate,51.7,82.9,20.5,5.6,0.69,55.9,2025,May,16
16-05-2025,Gujarat,116,Moderate,49.4,83,20.4,6.6,0.56,60.9,2025,May,16
16-05-2025,Haryana,94,Satisfactory,36.9,57.8,17.2,5.2,0.48,62.3,2025,May,16
16-05-2025,Himachal Pradesh,153,Moderate,63.6,102.6,25.9,8.1,0.91,55.4,2025,May,16
16-05-2025,Jharkhand,155,Moderate,66.8,103.6,27.8,8.7,0.78,62,2025,May,16
16-05-2025,Karnataka,135,Moderate,56.5,94.6,19.7,6,0.84,62.8,2025,May,16
16-05-2025,Kerala,142,Moderate,62.1,103.8,20.8,7.7,0.78,62.3,2025,May,16
16-05-2025,Madhya Pradesh,111,Moderate,45.6,72.3,15.1,6.1,0.56,65.8,2025,May,16
16-05-2025,Maharashtra,134,Moderate,56.5,104,23.8,7.3,0.71,63,2025,May,16
16-05-2025,Manipur,170,Moderate,65.4,116.2,26.8,8.9,0.89,61.2,2025,May,16
16-05-2025,Meghalaya,122,Moderate,50.4,92,20.3,7,0.68,62.1,2025,May,16
16-05-2025,Mizoram,156,Moderate,63.1,103,24.4,8.4,0.81,57.3,2025,May,16
16-05-2025,Nagaland,155,Moderate,65.8,121.4,23.3,8.3,0.81,59.8,2025,May,16
16-05-2025,Odisha,136,Moderate,53.3,95.8,21.8,6,0.74,57.4,2025,May,16
16-05-2025,Punjab,157,Moderate,65.2,121.3,24.2,7,0.87,60.7,2025,May,16
16-05-2025,Rajasthan,86,Satisfactory,33.8,54.1,16.2,4.1,0.49,66.2,2025,May,16
16-05-2025,Sikkim,151,Moderate,62.7,110.1,25.1,7,0.76,56.6,2025,May,16
16-05-2025,Tamil Nadu,124,Moderate,50.7,86.7,18.9,6.7,0.7,62,2025,May,16
16-05-2025,Telangana,111,Moderate,42.4,88.1,18.3,4.6,0.57,63,2025,May,16
16-05-2025,Tripura,158,Moderate,64.4,121.1,25.4,8.6,0.85,55.1,2025,May,16
16-05-2025,Uttar Pradesh,160,Moderate,69.2,108.3,24.4,7.3,0.85,62,2025,May,16
16-05-2025,Uttarakhand,124,Moderate,53.9,98.3,20.6,6.3,0.63,61.4,2025,May,16
16-05-2025,West Bengal,107,Moderate,47.5,76.2,16.6,4.8,0.51,59.8,2025,May,16
17-05-2025,Andhra Pradesh,161,Moderate,66.8,115.4,25.9,7.6,0.86,60.4,2025,May,17
17-05-2025,Arunachal Pradesh,87,Satisfactory,36.6,64.9,12.3,3.8,0.54,65.5,2025,May,17
17-05-2025,Assam,152,Moderate,63.4,109.1,26.6,7.1,0.84,60.6,2025,May,17
17-05-2025,Bihar,135,Moderate,52.7,90.2,22,7.4,0.7,63.5,2025,May,17
17-05-2025,Chhattisgarh,129,Moderate,54.6,91.1,21.4,6.6,0.64,61.4,2025,May,17
17-05-2025,Goa,94,Satisfactory,44.9,58.2,15.2,4.2,0.44,58.6,2025,May,17
17-05-2025,Gujarat,114,Moderate,50,88.9,16.6,5.1,0.59,65.5,2025,May,17
17-05-2025,Haryana,111,Moderate,50.5,72.1,20.5,5.4,0.58,65.1,2025,May,17
17-05-2025,Himachal Pradesh,192,Moderate,80,137.2,28.5,10.1,1,56.5,2025,May,17
17-05-2025,Jharkhand,177,Moderate,69,118.8,30.3,9.2,0.89,53.2,2025,May,17
17-05-2025,Karnataka,100,Satisfactory,45.6,73,15.4,4.3,0.65,64.5,2025,May,17
17-05-2025,Kerala,144,Moderate,55.7,98.6,21.9,6.5,0.87,60.8,2025,May,17
17-05-2025,Madhya Pradesh,93,Satisfactory,43,65.9,13.3,5.5,0.55,62.4,2025,May,17
17-05-2025,Maharashtra,132,Moderate,59.9,96.7,22,6,0.73,58.8,2025,May,17
17-05-2025,Manipur,157,Moderate,62.4,119.6,25.2,7,0.84,57.8,2025,May,17
17-05-2025,Meghalaya,106,Moderate,46.2,82.7,15.6,4.9,0.63,63.7,2025,May,17
17-05-2025,Mizoram,120,Moderate,52.3,79.5,18,6.6,0.72,56.4,2025,May,17
17-05-2025,Nagaland,171,Moderate,66.5,121.8,24.6,9.4,0.98,56.9,2025,May,17
17-05-2025,Odisha,124,Moderate,55.6,89.1,22.7,6.6,0.67,58.8,2025,May,17
17-05-2025,Punjab,154,Moderate,66.9,107.9,27.2,7.4,0.83,54.1,2025,May,17
17-05-2025,Rajasthan,70,Satisfactory,29.3,50.8,10.3,2.8,0.29,62.4,2025,May,17
17-05-2025,Sikkim,154,Moderate,67.2,113.7,26.3,7.6,0.86,53.8,2025,May,17
17-05-2025,Tamil Nadu,138,Moderate,62.8,97,23.7,7.5,0.71,60.3,2025,May,17
17-05-2025,Telangana,93,Satisfactory,35.7,64.7,17,4.5,0.58,64.2,2025,May,17
17-05-2025,Tripura,172,Moderate,68.9,119.1,25.4,9.3,0.9,57.1,2025,May,17
17-05-2025,Uttar Pradesh,167,Moderate,74.7,112,25.9,8.8,0.98,53,2025,May,17
17-05-2025,Uttarakhand,118,Moderate,52,82.2,17.8,6.1,0.64,64.9,2025,May,17
17-05-2025,West Bengal,74,Satisfactory,33.1,60.7,9.3,2.8,0.5,64.1,2025,May,17
18-05-2025,Andhra Pradesh,141,Moderate,54.6,110.8,19.6,6.3,0.74,57.9,2025,May,18
18-05-2025,Arunachal Pradesh,94,Satisfactory,43.4,72.9,17.9,5.6,0.43,62.7,2025,May,18
18-05-2025,Assam,137,Moderate,63.3,90.5,23.8,7.2,0.69,57.8,2025,May,18
18-05-2025,Bihar,93,Satisfactory,40.5,63.2,15.9,4.4,0.58,62.7,2025,May,18
18-05-2025,Chhattisgarh,111,Moderate,51.8,76.5,17.4,6.4,0.6,57.3,2025,May,18
18-05-2025,Goa,108,Moderate,39.5,80.4,16.4,5.6,0.62,64.8,2025,May,18
18-05-2025,Gujarat,92,Satisfactory,42.6,76,15.5,4.3,0.6,61.2,2025,May,18
18-05-2025,Haryana,70,Satisfactory,27.1,52.8,9.3,3,0.41,67.8,2025,May,18
18-05-2025,Himachal Pradesh,176,Moderate,72.3,132.3,25.5,9,1.07,51.1,2025,May,18
18-05-2025,Jharkhand,183,Moderate,73.1,124.9,31.9,8.8,0.93,57.5,2025,May,18
18-05-2025,Karnataka,106,Moderate,44.5,82,14.8,5.3,0.54,63.6,2025,May,18
18-05-2025,Kerala,178,Moderate,76.8,120.7,26,9.6,1.04,58.5,2025,May,18
18-05-2025,Madhya Pradesh,111,Moderate,48.9,81.4,20.1,4.8,0.54,61.1,2025,May,18
18-05-2025,Maharashtra,166,Moderate,64,123.8,25,9.3,1.01,55.7,2025,May,18
18-05-2025,Manipur,145,Moderate,56.7,108.4,24,7.1,0.84,58.1,2025,May,18
18-05-2025,Meghalaya,103,Moderate,40.9,77.2,14.6,5.6,0.61,62.2,2025,May,18
18-05-2025,Mizoram,122,Moderate,55.9,91.8,18.9,6.7,0.74,60.2,2025,May,18
18-05-2025,Nagaland,183,Moderate,79.1,124.9,28.6,9.6,0.99,60.1,2025,May,18
18-05-2025,Odisha,155,Moderate,63.7,107.1,26.4,8.6,0.85,52.8,2025,May,18
18-05-2025,Punjab,147,Moderate,57.2,112.4,22.4,8,0.78,60.7,2025,May,18
18-05-2025,Rajasthan,99,Satisfactory,45.9,73.5,15.3,5.3,0.64,65.7,2025,May,18
18-05-2025,Sikkim,129,Moderate,53.3,101.9,20.5,6.5,0.72,57.3,2025,May,18
18-05-2025,Tamil Nadu,153,Moderate,60.8,102.9,23.2,7.8,0.93,58.9,2025,May,18
18-05-2025,Telangana,135,Moderate,51.6,101.1,18.9,6.6,0.68,57.9,2025,May,18
18-05-2025,Tripura,150,Moderate,65.6,116,23.9,7.7,0.92,59.4,2025,May,18
18-05-2025,Uttar Pradesh,147,Moderate,59,115.3,25.4,8.2,0.89,62.5,2025,May,18
18-05-2025,Uttarakhand,103,Moderate,43.2,67.6,15.1,5.6,0.6,57.6,2025,May,18
18-05-2025,West Bengal,80,Satisfactory,32.6,48,13.4,3.7,0.48,60.6,2025,May,18
19-05-2025,Andhra Pradesh,155,Moderate,59.3,112.7,23.9,7.1,0.78,56.8,2025,May,19
19-05-2025,Arunachal Pradesh,82,Satisfactory,33.5,58.5,14,4.6,0.48,66.3,2025,May,19
19-05-2025,Assam,175,Moderate,78.6,125.9,26.9,9.5,0.96,53,2025,May,19
19-05-2025,Bihar,132,Moderate,56.2,86.1,18.4,7.3,0.68,57.2,2025,May,19
19-05-2025,Chhattisgarh,142,Moderate,60.4,102.2,21.4,7.3,0.71,59.5,2025,May,19
19-05-2025,Goa,98,Satisfactory,37.6,63.8,17.9,4.9,0.5,65.2,2025,May,19
19-05-2025,Gujarat,107,Moderate,44.6,67.5,19.4,5.3,0.56,63.8,2025,May,19
19-05-2025,Haryana,95,Satisfactory,40.5,63.1,16.1,5.3,0.56,65.6,2025,May,19
19-05-2025,Himachal Pradesh,188,Moderate,76.6,129.3,32.1,9.3,1.12,54.2,2025,May,19
19-05-2025,Jharkhand,177,Moderate,76,125.2,31.2,9.6,0.99,51.7,2025,May,19
19-05-2025,Karnataka,107,Moderate,45.5,80,19.7,5.3,0.64,65.9,2025,May,19
19-05-2025,Kerala,137,Moderate,52.6,108.1,23.4,7.4,0.78,63.3,2025,May,19
19-05-2025,Madhya Pradesh,71,Satisfactory,27.9,56.4,11,3.5,0.37,61.8,2025,May,19
19-05-2025,Maharashtra,164,Moderate,63,120.6,23.6,8.7,0.84,57.9,2025,May,19
19-05-2025,Manipur,151,Moderate,59.6,111.5,22.8,6.9,0.88,56.9,2025,May,19
19-05-2025,Meghalaya,103,Moderate,39.6,72,14.9,4.8,0.5,64,2025,May,19
19-05-2025,Mizoram,144,Moderate,56.6,102.9,22.6,6.9,0.82,56.7,2025,May,19
19-05-2025,Nagaland,176,Moderate,78.2,123.8,25.4,9.5,1.06,57.9,2025,May,19
19-05-2025,Odisha,164,Moderate,72.1,111.4,28.9,7.4,0.99,55.5,2025,May,19
19-05-2025,Punjab,165,Moderate,67.2,112.9,27.8,9.2,0.86,53.2,2025,May,19
19-05-2025,Rajasthan,82,Satisfactory,37,55,10.4,4.7,0.38,60,2025,May,19
19-05-2025,Sikkim,129,Moderate,56.4,90,18.9,5.6,0.71,57.7,2025,May,19
19-05-2025,Tamil Nadu,142,Moderate,62.6,94.2,22.7,6.3,0.71,58.9,2025,May,19
19-05-2025,Telangana,112,Moderate,49.6,87.8,18.9,5.7,0.63,57.9,2025,May,19
19-05-2025,Tripura,168,Moderate,74.7,130.5,24.2,8,0.89,55,2025,May,19
19-05-2025,Uttar Pradesh,191,Moderate,74.7,145.7,29.8,9.2,1.12,55.7,2025,May,19
19-05-2025,Uttarakhand,89,Satisfactory,43,65,16.7,3.6,0.48,61.4,2025,May,19
19-05-2025,West Bengal,73,Satisfactory,33.7,43.3,9.9,2.9,0.36,64.7,2025,May,19
20-05-2025,Andhra Pradesh,135,Moderate,53.5,91,21.3,6.4,0.74,57.8,2025,May,20
20-05-2025,Arunachal Pradesh,114,Moderate,42.8,73,20,6.4,0.6,56.4,2025,May,20
20-05-2025,Assam,134,Moderate,52.7,90.1,24.2,7.5,0.66,60.8,2025,May,20
20-05-2025,Bihar,142,Moderate,64.9,102,21.4,6.5,0.8,57.3,2025,May,20
20-05-2025,Chhattisgarh,100,Satisfactory,39.8,71.3,16.4,6,0.5,65.5,2025,May,20
20-05-2025,Goa,90,Satisfactory,43.3,63.6,16.6,4.6,0.57,62.2,2025,May,20
20-05-2025,Gujarat,123,Moderate,47.4,86.5,20.9,5.5,0.68,63.6,2025,May,20
20-05-2025,Haryana,95,Satisfactory,36.1,61.6,15.2,4,0.62,64.2,2025,May,20
20-05-2025,Himachal Pradesh,186,Moderate,78.2,140.6,31,8.6,1.01,56.6,2025,May,20
20-05-2025,Jharkhand,154,Moderate,61.4,101.7,21.8,7,0.81,57,2025,May,20
20-05-2025,Karnataka,127,Moderate,49.4,95.6,18.5,5.5,0.62,57.2,2025,May,20
20-05-2025,Kerala,130,Moderate,55.4,101.8,23.1,7.3,0.62,56.2,2025,May,20
20-05-2025,Madhya Pradesh,96,Satisfactory,45.8,66,17.7,4.6,0.46,64.7,2025,May,20
20-05-2025,Maharashtra,138,Moderate,52.2,95.4,23.5,6.4,0.79,60.1,2025,May,20
20-05-2025,Manipur,154,Moderate,66.1,106.1,23.6,7.7,0.88,55.6,2025,May,20
20-05-2025,Meghalaya,97,Satisfactory,40.9,71.4,15.1,4.6,0.64,58.6,2025,May,20
20-05-2025,Mizoram,119,Moderate,44.4,84.7,19.6,6.9,0.68,55.7,2025,May,20
20-05-2025,Nagaland,169,Moderate,76.2,125.8,24.6,9.4,0.96,60.6,2025,May,20
20-05-2025,Odisha,141,Moderate,58.1,108.4,22.5,6.9,0.69,57.4,2025,May,20
20-05-2025,Punjab,148,Moderate,57.2,104.4,25.6,8.2,0.81,60,2025,May,20
20-05-2025,Rajasthan,97,Satisfactory,46.7,70.1,15.1,5.4,0.5,64.8,2025,May,20
20-05-2025,Sikkim,144,Moderate,64.9,110,24,6.2,0.75,57.8,2025,May,20
20-05-2025,Tamil Nadu,132,Moderate,54.7,85.6,23.1,6.7,0.69,59.1,2025,May,20
20-05-2025,Telangana,126,Moderate,48.6,90.7,22.9,5.4,0.61,60.1,2025,May,20
20-05-2025,Tripura,146,Moderate,64.4,113.9,22.2,7,0.83,54.8,2025,May,20
20-05-2025,Uttar Pradesh,149,Moderate,67.6,104.5,21.1,6.7,0.92,60.3,2025,May,20
20-05-2025,Uttarakhand,126,Moderate,53.1,88.3,21.8,7.1,0.63,59.5,2025,May,20
20-05-2025,West Bengal,75,Satisfactory,34.8,50.6,11.6,4.1,0.38,68.1,2025,May,20
21-05-2025,Andhra Pradesh,131,Moderate,54.9,88.2,19.8,7.4,0.71,61.3,2025,May,21
21-05-2025,Arunachal Pradesh,115,Moderate,45.1,91.7,21.4,6.5,0.68,62.4,2025,May,21
21-05-2025,Assam,134,Moderate,62.2,102.1,24.2,6.6,0.77,63.1,2025,May,21
21-05-2025,Bihar,136,Moderate,54.8,88.6,23.7,7,0.68,59.9,2025,May,21
21-05-2025,Chhattisgarh,101,Moderate,37.6,79.5,18.8,4.5,0.47,65,2025,May,21
21-05-2025,Goa,106,Moderate,47.2,73.1,15.7,6.2,0.67,63.6,2025,May,21
21-05-2025,Gujarat,105,Moderate,44,78.8,19.8,4.4,0.63,57.2,2025,May,21
21-05-2025,Haryana,66,Satisfactory,31.4,38.7,12.4,3.2,0.35,67.2,2025,May,21
21-05-2025,Himachal Pradesh,186,Moderate,75,127.5,28.7,9.1,1.02,53,2025,May,21
21-05-2025,Jharkhand,146,Moderate,64.3,98.8,23.8,8,0.78,58.5,2025,May,21
21-05-2025,Karnataka,86,Satisfactory,38.2,67.1,15.5,4.8,0.51,63.5,2025,May,21
21-05-2025,Kerala,151,Moderate,62.9,113.1,21.3,6.8,0.9,62.4,2025,May,21
21-05-2025,Madhya Pradesh,66,Satisfactory,31.6,40.9,8.5,4.2,0.42,61.4,2025,May,21
21-05-2025,Maharashtra,131,Moderate,55.1,90.7,22.3,6,0.75,63.2,2025,May,21
21-05-2025,Manipur,172,Moderate,68.2,122.6,30.3,7.7,0.91,53.2,2025,May,21
21-05-2025,Meghalaya,94,Satisfactory,44.5,62.9,12.4,3.9,0.44,64.6,2025,May,21
21-05-2025,Mizoram,124,Moderate,56.7,90.4,20.8,5.4,0.71,58.6,2025,May,21
21-05-2025,Nagaland,141,Moderate,53.5,106.7,20.4,6.1,0.84,54,2025,May,21
21-05-2025,Odisha,122,Moderate,48.5,83.6,20.1,6.3,0.66,62.3,2025,May,21
21-05-2025,Punjab,187,Moderate,83.7,138.5,29.2,9.9,1.04,51.6,2025,May,21
21-05-2025,Rajasthan,91,Satisfactory,33.9,72.6,15.9,5,0.5,59.9,2025,May,21
21-05-2025,Sikkim,162,Moderate,69.5,107,27.1,8.5,0.83,61.4,2025,May,21
21-05-2025,Tamil Nadu,136,Moderate,53.6,104,21.5,7.2,0.73,55.2,2025,May,21
21-05-2025,Telangana,140,Moderate,59.1,103.6,25,6.5,0.86,57.9,2025,May,21
21-05-2025,Tripura,131,Moderate,55,97.2,23.6,7.2,0.74,61.2,2025,May,21
21-05-2025,Uttar Pradesh,158,Moderate,66.5,115.1,24.3,7,0.92,55.2,2025,May,21
21-05-2025,Uttarakhand,88,Satisfactory,32.4,70.6,17,3.9,0.46,61.8,2025,May,21
21-05-2025,West Bengal,68,Satisfactory,24.5,55.7,11.8,2.8,0.29,64.5,2025,May,21
22-05-2025,Andhra Pradesh,147,Moderate,61.2,107.1,25.8,7.2,0.76,57,2025,May,22
22-05-2025,Arunachal Pradesh,72,Satisfactory,31.4,53.6,10.8,2.7,0.48,66.2,2025,May,22
22-05-2025,Assam,153,Moderate,69.5,112.9,24.4,8.5,0.78,58,2025,May,22
22-05-2025,Bihar,119,Moderate,44.3,85.8,21.8,6.6,0.71,55.7,2025,May,22
22-05-2025,Chhattisgarh,126,Moderate,50,95.1,20,6.4,0.79,63.1,2025,May,22
22-05-2025,Goa,102,Moderate,37.5,79.7,18.4,5,0.62,62.5,2025,May,22
22-05-2025,Gujarat,107,Moderate,40.8,70.3,16.9,4.5,0.5,58.2,2025,May,22
22-05-2025,Haryana,98,Satisfactory,40.3,63.5,14.1,4.9,0.64,61.4,2025,May,22
22-05-2025,Himachal Pradesh,179,Moderate,75.8,136.4,25.9,9.4,0.97,55.1,2025,May,22
22-05-2025,Jharkhand,179,Moderate,72.1,126.8,30.9,8.8,0.91,58.2,2025,May,22
22-05-2025,Karnataka,85,Satisfactory,39,63.6,13.3,4,0.43,59,2025,May,22
22-05-2025,Kerala,170,Moderate,75.3,119.7,28.9,8.8,0.95,53.4,2025,May,22
22-05-2025,Madhya Pradesh,70,Satisfactory,23.9,41.2,9.8,3.9,0.33,61.3,2025,May,22
22-05-2025,Maharashtra,174,Moderate,78.3,116.4,30.4,8.3,0.87,53.4,2025,May,22
22-05-2025,Manipur,138,Moderate,59.1,103.3,24.7,7.6,0.73,54.1,2025,May,22
22-05-2025,Meghalaya,130,Moderate,54.3,87,20.5,6.3,0.71,57.4,2025,May,22
22-05-2025,Mizoram,160,Moderate,65,121.1,27.6,8.1,0.87,62.1,2025,May,22
22-05-2025,Nagaland,143,Moderate,54.7,100.1,21.1,8.1,0.87,56.1,2025,May,22
22-05-2025,Odisha,123,Moderate,57.3,87.4,18.2,5.8,0.63,63,2025,May,22
22-05-2025,Punjab,179,Moderate,70.9,119.6,26.1,9.1,1,54.6,2025,May,22
22-05-2025,Rajasthan,114,Moderate,51.8,85,21,5.7,0.7,64.7,2025,May,22
22-05-2025,Sikkim,159,Moderate,70,120.7,28.3,7,0.85,56.8,2025,May,22
22-05-2025,Tamil Nadu,136,Moderate,54.1,100.6,20.7,6.8,0.81,59.5,2025,May,22
22-05-2025,Telangana,117,Moderate,54.9,81.8,18.5,5,0.58,56,2025,May,22
22-05-2025,Tripura,137,Moderate,51.8,91.6,22.9,7.2,0.82,54.1,2025,May,22
22-05-2025,Uttar Pradesh,182,Moderate,80.4,127.6,28.1,9.1,1.09,54.3,2025,May,22
22-05-2025,Uttarakhand,104,Moderate,43,73.6,15.9,4.7,0.64,65.3,2025,May,22
22-05-2025,West Bengal,91,Satisfactory,39.6,66.7,17.5,4.9,0.44,57.8,2025,May,22
23-05-2025,Andhra Pradesh,130,Moderate,55.3,92.4,23.3,5.9,0.73,63.6,2025,May,23
23-05-2025,Arunachal Pradesh,107,Moderate,43.5,78,19.9,5.4,0.59,61.9,2025,May,23
23-05-2025,Assam,160,Moderate,70.9,106.6,27.6,8.7,0.89,58.8,2025,May,23
23-05-2025,Bihar,134,Moderate,50.9,101.5,23,7.4,0.84,56.4,2025,May,23
23-05-2025,Chhattisgarh,138,Moderate,59,102.3,21.1,7.2,0.72,60.4,2025,May,23
23-05-2025,Goa,121,Moderate,48.3,82.3,21.2,6.2,0.65,61.1,2025,May,23
23-05-2025,Gujarat,98,Satisfactory,44.6,65.5,18.1,4.6,0.54,61.3,2025,May,23
23-05-2025,Haryana,70,Satisfactory,34,43.6,10.9,4.4,0.38,63,2025,May,23
23-05-2025,Himachal Pradesh,180,Moderate,77.4,136,25.9,9.9,0.92,56.8,2025,May,23
23-05-2025,Jharkhand,156,Moderate,69.2,120.7,27.1,7.4,0.82,55.4,2025,May,23
23-05-2025,Karnataka,90,Satisfactory,34,68.6,14.6,4.7,0.59,58.6,2025,May,23
23-05-2025,Kerala,165,Moderate,74,121.9,25.4,8.5,0.84,55.4,2025,May,23
23-05-2025,Madhya Pradesh,87,Satisfactory,38.4,58.1,14.9,3.8,0.56,63.1,2025,May,23
23-05-2025,Maharashtra,135,Moderate,57.5,102.9,19.8,6,0.72,62.7,2025,May,23
23-05-2025,Manipur,156,Moderate,63.8,117,22.3,8.6,0.82,56.9,2025,May,23
23-05-2025,Meghalaya,141,Moderate,59,104.8,24,7.5,0.73,58.8,2025,May,23
23-05-2025,Mizoram,152,Moderate,62,104.6,23.9,7.9,0.88,62.8,2025,May,23
23-05-2025,Nagaland,159,Moderate,70.3,118,23.9,7.4,0.94,61.2,2025,May,23
23-05-2025,Odisha,115,Moderate,45.9,91.1,19.8,6,0.55,60.7,2025,May,23
23-05-2025,Punjab,177,Moderate,72.7,133.7,26.3,9,1.04,56.9,2025,May,23
23-05-2025,Rajasthan,80,Satisfactory,34.2,59.8,12.3,3.9,0.54,63.7,2025,May,23
23-05-2025,Sikkim,153,Moderate,67,108.8,26.4,7.8,0.87,62.3,2025,May,23
23-05-2025,Tamil Nadu,131,Moderate,59.3,95.9,21.7,6.8,0.72,55,2025,May,23
23-05-2025,Telangana,121,Moderate,51.3,78.7,20.1,6.1,0.61,60.4,2025,May,23
23-05-2025,Tripura,166,Moderate,69.9,112.5,27.2,8,0.9,56,2025,May,23
23-05-2025,Uttar Pradesh,182,Moderate,78.5,139.1,31.6,8.3,1.04,51.6,2025,May,23
23-05-2025,Uttarakhand,123,Moderate,53.6,85,22.5,6.3,0.66,59.1,2025,May,23
23-05-2025,West Bengal,75,Satisfactory,35.1,56.1,13.9,4.7,0.49,63.4,2025,May,23
24-05-2025,Andhra Pradesh,131,Moderate,57.6,90.2,19.3,6.9,0.64,56.9,2025,May,24
24-05-2025,Arunachal Pradesh,71,Satisfactory,34.9,58.6,10.6,3.9,0.4,64.4,2025,May,24
24-05-2025,Assam,147,Moderate,59.2,115,22.5,7.3,0.74,57.4,2025,May,24
24-05-2025,Bihar,111,Moderate,42.7,80.2,20.7,5.6,0.6,61.8,2025,May,24
24-05-2025,Chhattisgarh,126,Moderate,51.1,100.1,19,6.2,0.73,54.9,2025,May,24
24-05-2025,Goa,105,Moderate,44.2,74,15.7,5.1,0.63,58.7,2025,May,24
24-05-2025,Gujarat,109,Moderate,51.4,81.5,19,5.1,0.55,64.5,2025,May,24
24-05-2025,Haryana,78,Satisfactory,29.1,50.4,12.3,4.3,0.34,65.4,2025,May,24
24-05-2025,Himachal Pradesh,148,Moderate,61.2,114.2,21.9,8.3,0.82,54.6,2025,May,24
24-05-2025,Jharkhand,189,Moderate,73.4,138.3,28.8,10.2,1.04,52.9,2025,May,24
24-05-2025,Karnataka,132,Moderate,49.6,87.4,18.5,6.9,0.78,59,2025,May,24
24-05-2025,Kerala,150,Moderate,62.5,105.9,22.4,6.9,0.77,55.2,2025,May,24
24-05-2025,Madhya Pradesh,110,Moderate,43,76.3,18.3,4.6,0.64,57,2025,May,24
24-05-2025,Maharashtra,152,Moderate,61.4,117.9,25.9,7.9,0.82,60.3,2025,May,24
24-05-2025,Manipur,139,Moderate,64.4,90.2,20.7,7.9,0.83,63.7,2025,May,24
24-05-2025,Meghalaya,134,Moderate,50.8,87.6,23.4,5.7,0.79,58.3,2025,May,24
24-05-2025,Mizoram,158,Moderate,63.3,118.5,24.1,8.8,0.92,61.4,2025,May,24
24-05-2025,Nagaland,158,Moderate,68.2,116.1,26.7,7.1,0.91,56.8,2025,May,24
24-05-2025,Odisha,122,Moderate,54,93.6,18,5.3,0.68,60.4,2025,May,24
24-05-2025,Punjab,152,Moderate,60.1,109.8,23.5,6.7,0.75,60.8,2025,May,24
24-05-2025,Rajasthan,86,Satisfactory,33,70.9,16.1,4.9,0.48,58.7,2025,May,24
24-05-2025,Sikkim,173,Moderate,71,129,30.5,9,0.91,57,2025,May,24
24-05-2025,Tamil Nadu,111,Moderate,46,74.7,19.9,5.4,0.58,65.6,2025,May,24
24-05-2025,Telangana,139,Moderate,53.1,109.9,23.5,7.6,0.71,56.1,2025,May,24
24-05-2025,Tripura,174,Moderate,73.3,124.4,29.4,8.5,0.89,53.6,2025,May,24
24-05-2025,Uttar Pradesh,187,Moderate,79,136.6,29.6,8.7,1.04,55.2,2025,May,24
24-05-2025,Uttarakhand,106,Moderate,41.2,79.5,18,5.5,0.53,65.9,2025,May,24
24-05-2025,West Bengal,83,Satisfactory,35.2,59.1,13.9,4,0.46,60.9,2025,May,24
25-05-2025,Andhra Pradesh,160,Moderate,69,119.1,26.4,8.6,0.9,53.5,2025,May,25
25-05-2025,Arunachal Pradesh,71,Satisfactory,25.3,55.3,9.5,4.3,0.34,61.5,2025,May,25
25-05-2025,Assam,139,Moderate,54.8,107.1,22.3,6.6,0.78,57.8,2025,May,25
25-05-2025,Bihar,119,Moderate,49.1,91.8,19.8,5.8,0.71,65.4,2025,May,25
25-05-2025,Chhattisgarh,106,Moderate,46.4,77.2,14.8,6.2,0.6,56.7,2025,May,25
25-05-2025,Goa,102,Moderate,48.5,64.6,14.2,4.3,0.59,64.9,2025,May,25
25-05-2025,Gujarat,109,Moderate,39.9,79,17.4,5.4,0.51,56.3,2025,May,25
25-05-2025,Haryana,110,Moderate,43.8,78.7,18.2,6.4,0.57,64.9,2025,May,25
25-05-2025,Himachal Pradesh,181,Moderate,80.1,129.1,28.8,8.2,1.08,60.2,2025,May,25
25-05-2025,Jharkhand,186,Moderate,80.3,132.4,29.7,8.5,0.99,56.9,2025,May,25
25-05-2025,Karnataka,122,Moderate,46.2,97.3,21.3,5.5,0.71,55.7,2025,May,25
25-05-2025,Kerala,180,Moderate,81.5,131.3,29.5,9.5,1.03,57.8,2025,May,25
25-05-2025,Madhya Pradesh,89,Satisfactory,35.8,69.6,16.6,4.1,0.51,62.7,2025,May,25
25-05-2025,Maharashtra,131,Moderate,58.4,93.7,22.5,5.8,0.73,57.6,2025,May,25
25-05-2025,Manipur,140,Moderate,63.4,100.6,21.1,6.2,0.79,57,2025,May,25
25-05-2025,Meghalaya,129,Moderate,56.4,88.2,20.3,6.4,0.8,59,2025,May,25
25-05-2025,Mizoram,128,Moderate,55.9,90.4,20.9,6.2,0.72,57.4,2025,May,25
25-05-2025,Nagaland,181,Moderate,72.6,126.2,31.6,10,1.08,57.8,2025,May,25
25-05-2025,Odisha,127,Moderate,56.7,92.8,19.7,5.4,0.69,62.5,2025,May,25
25-05-2025,Punjab,155,Moderate,61.5,101.8,26,8.3,0.81,56.7,2025,May,25
25-05-2025,Rajasthan,109,Moderate,44,84.8,16.1,4.6,0.69,62.6,2025,May,25
25-05-2025,Sikkim,148,Moderate,58.4,115.1,25.8,7.1,0.92,62.4,2025,May,25
25-05-2025,Tamil Nadu,127,Moderate,49.1,100.8,18.1,5.9,0.77,63.2,2025,May,25
25-05-2025,Telangana,139,Moderate,56.4,108.6,20,6.4,0.87,61.9,2025,May,25
25-05-2025,Tripura,177,Moderate,77.4,126.3,28.5,8.2,1.04,51.6,2025,May,25
25-05-2025,Uttar Pradesh,161,Moderate,62.4,108.3,28.7,7.1,0.91,58.5,2025,May,25
25-05-2025,Uttarakhand,116,Moderate,46.4,86.6,21.4,6.4,0.72,61.2,2025,May,25
25-05-2025,West Bengal,94,Satisfactory,33.9,76.8,16.7,4.2,0.56,66.1,2025,May,25
26-05-2025,Andhra Pradesh,121,Moderate,54.9,79,20.3,6.3,0.58,62.9,2025,May,26
26-05-2025,Arunachal Pradesh,113,Moderate,41.7,87.4,15.6,5.3,0.7,60.7,2025,May,26
26-05-2025,Assam,155,Moderate,64.9,114.8,27.1,7,0.82,52.9,2025,May,26
26-05-2025,Bihar,140,Moderate,57.9,94,22.2,7.9,0.8,60.1,2025,May,26
26-05-2025,Chhattisgarh,104,Moderate,46.3,73.7,14,5.7,0.52,63.6,2025,May,26
26-05-2025,Goa,95,Satisfactory,36,63.7,16.8,3.9,0.43,66.3,2025,May,26
26-05-2025,Gujarat,83,Satisfactory,29.4,68.3,11.9,4.3,0.38,67.2,2025,May,26
26-05-2025,Haryana,73,Satisfactory,33.4,58,11.9,4.3,0.34,64.3,2025,May,26
26-05-2025,Himachal Pradesh,191,Moderate,78.5,144.8,30.6,9.8,1,56.3,2025,May,26
26-05-2025,Jharkhand,178,Moderate,76.7,125.6,29.9,9.8,0.99,53.4,2025,May,26
26-05-2025,Karnataka,122,Moderate,48.9,86.5,22.3,5.4,0.74,61.8,2025,May,26
26-05-2025,Kerala,161,Moderate,68.6,125.2,23.9,8.8,0.88,57.9,2025,May,26
26-05-2025,Madhya Pradesh,109,Moderate,47.3,79.3,17.7,6,0.57,59.2,2025,May,26
26-05-2025,Maharashtra,126,Moderate,52.1,82,18.8,7.2,0.67,55.2,2025,May,26
26-05-2025,Manipur,179,Moderate,73.4,135.2,28.4,8.7,1.03,58,2025,May,26
26-05-2025,Meghalaya,92,Satisfactory,38.9,68.2,14.7,3.6,0.47,66.4,2025,May,26
26-05-2025,Mizoram,167,Moderate,69.4,122,27.8,7.6,0.92,58.6,2025,May,26
26-05-2025,Nagaland,144,Moderate,54.8,113.4,21.7,6.3,0.86,54.1,2025,May,26
26-05-2025,Odisha,164,Moderate,62.9,108.9,28.3,8.7,0.9,57.1,2025,May,26
26-05-2025,Punjab,176,Moderate,70.5,132,27.5,8,1.01,57.7,2025,May,26
26-05-2025,Rajasthan,86,Satisfactory,30.4,55.1,15.4,4.5,0.46,64.6,2025,May,26
26-05-2025,Sikkim,165,Moderate,70.3,117.9,25.4,7.6,0.85,59.5,2025,May,26
26-05-2025,Tamil Nadu,148,Moderate,64.8,116.4,21.8,7.8,0.8,54.7,2025,May,26
26-05-2025,Telangana,121,Moderate,48.8,93.4,19.9,6.7,0.64,57.3,2025,May,26
26-05-2025,Tripura,162,Moderate,62.6,117.2,26.2,7.1,0.89,61,2025,May,26
26-05-2025,Uttar Pradesh,142,Moderate,59.7,96.9,19.9,6.3,0.73,57.5,2025,May,26
26-05-2025,Uttarakhand,91,Satisfactory,40.9,59.9,12.4,4,0.59,66.1,2025,May,26
26-05-2025,West Bengal,116,Moderate,51,77.1,15.6,6,0.59,56.9,2025,May,26
27-05-2025,Andhra Pradesh,148,Moderate,61.5,112.7,22.4,6.6,0.79,60,2025,May,27
27-05-2025,Arunachal Pradesh,86,Satisfactory,38.5,52.2,10.9,5.3,0.51,59.7,2025,May,27
27-05-2025,Assam,155,Moderate,65.4,115.4,23.5,8.3,0.93,53.7,2025,May,27
27-05-2025,Bihar,105,Moderate,40.3,85,15.3,5.5,0.68,62,2025,May,27
27-05-2025,Chhattisgarh,115,Moderate,47.3,91.3,20.3,6.3,0.64,60.3,2025,May,27
27-05-2025,Goa,132,Moderate,60.7,90.3,23.1,7.3,0.67,58.4,2025,May,27
27-05-2025,Gujarat,104,Moderate,39.8,79.1,17.6,6,0.52,64.7,2025,May,27
27-05-2025,Haryana,105,Moderate,47.5,73.3,15.3,5.5,0.6,58.7,2025,May,27
27-05-2025,Himachal Pradesh,191,Moderate,82.8,145.7,30.5,9.9,1.01,57,2025,May,27
27-05-2025,Jharkhand,147,Moderate,57,98.3,24.4,6.9,0.73,58.2,2025,May,27
27-05-2025,Karnataka,115,Moderate,47.9,78.4,21,6.1,0.54,60.4,2025,May,27
27-05-2025,Kerala,144,Moderate,64.4,106.7,21.9,6.9,0.85,54.6,2025,May,27
27-05-2025,Madhya Pradesh,113,Moderate,42.7,82.1,18,5.9,0.67,57.7,2025,May,27
27-05-2025,Maharashtra,136,Moderate,56.4,98.6,22.1,7.2,0.78,55,2025,May,27
27-05-2025,Manipur,143,Moderate,63.8,105.7,24.6,7.2,0.89,60,2025,May,27
27-05-2025,Meghalaya,103,Moderate,38.7,68.1,16.4,5.8,0.51,65.3,2025,May,27
27-05-2025,Mizoram,141,Moderate,54.1,108.4,20.2,8,0.87,54.3,2025,May,27
27-05-2025,Nagaland,150,Moderate,64.7,113.5,24.2,6.6,0.82,62.8,2025,May,27
27-05-2025,Odisha,137,Moderate,60.1,88.9,23.3,7.7,0.82,58.3,2025,May,27
27-05-2025,Punjab,172,Moderate,74.1,123.3,29.5,9.2,1.01,56.3,2025,May,27
27-05-2025,Rajasthan,89,Satisfactory,31.6,72.7,11.9,3.8,0.47,63.3,2025,May,27
27-05-2025,Sikkim,139,Moderate,53.9,108.1,22.4,6.8,0.85,54.5,2025,May,27
27-05-2025,Tamil Nadu,154,Moderate,67,110.8,22.2,7.1,0.92,58.6,2025,May,27
27-05-2025,Telangana,125,Moderate,46.7,84.2,18.2,5.9,0.79,55.9,2025,May,27
27-05-2025,Tripura,160,Moderate,64.3,106.4,24.1,8.4,0.89,61.6,2025,May,27
27-05-2025,Uttar Pradesh,156,Moderate,66.5,106,23.3,6.8,0.77,58.5,2025,May,27
27-05-2025,Uttarakhand,113,Moderate,44.2,89.6,19.6,6.1,0.71,63.1,2025,May,27
27-05-2025,West Bengal,98,Satisfactory,40.4,73.6,18.2,4,0.58,66.4,2025,May,27
28-05-2025,Andhra Pradesh,129,Moderate,58.1,95.5,19.3,5.6,0.65,60.8,2025,May,28
28-05-2025,Arunachal Pradesh,104,Moderate,40.5,73.1,14.1,4.5,0.52,59.1,2025,May,28
28-05-2025,Assam,166,Moderate,69.4,128.8,28.6,8.7,0.84,57.6,2025,May,28
28-05-2025,Bihar,115,Moderate,46.5,92,18.5,6.1,0.65,62.5,2025,May,28
28-05-2025,Chhattisgarh,113,Moderate,48.6,86.3,17.1,5.6,0.68,64.3,2025,May,28
28-05-2025,Goa,129,Moderate,56.8,100.9,21.9,7.3,0.69,59.2,2025,May,28
28-05-2025,Gujarat,110,Moderate,47.7,79.7,17.2,5.7,0.55,64.9,2025,May,28
28-05-2025,Haryana,101,Moderate,36.8,66.6,17.3,5.5,0.47,65.2,2025,May,28
28-05-2025,Himachal Pradesh,166,Moderate,67.5,113.4,24.5,9.1,1.02,55,2025,May,28
28-05-2025,Jharkhand,190,Moderate,82,133.5,31.4,8.6,1.04,53.7,2025,May,28
28-05-2025,Karnataka,101,Moderate,37.1,67.6,17.9,5.7,0.5,63.3,2025,May,28
28-05-2025,Kerala,179,Moderate,74.8,122.4,27.1,8.3,0.9,59.9,2025,May,28
28-05-2025,Madhya Pradesh,66,Satisfactory,25.3,55.3,11.9,3,0.32,68.7,2025,May,28
28-05-2025,Maharashtra,130,Moderate,51.7,95.9,20.7,6.3,0.79,61.2,2025,May,28
28-05-2025,Manipur,135,Moderate,61.2,87.9,22.1,6.7,0.84,56.9,2025,May,28
28-05-2025,Meghalaya,142,Moderate,63.4,97,21.2,6.8,0.87,56.8,2025,May,28
28-05-2025,Mizoram,154,Moderate,65.9,103.5,25.5,8.1,0.77,58.9,2025,May,28
28-05-2025,Nagaland,182,Moderate,72.3,139.9,31.5,9.4,1.04,58.6,2025,May,28
28-05-2025,Odisha,128,Moderate,51.6,98.2,19.5,6.7,0.81,63.6,2025,May,28
28-05-2025,Punjab,145,Moderate,57.3,107.9,21.9,8.2,0.85,54.5,2025,May,28
28-05-2025,Rajasthan,101,Moderate,44.7,72.5,18.4,5.8,0.49,66.4,2025,May,28
28-05-2025,Sikkim,148,Moderate,67.4,108.3,24.7,7.1,0.8,61.5,2025,May,28
28-05-2025,Tamil Nadu,130,Moderate,51.5,86.8,22.5,6.9,0.8,62,2025,May,28
28-05-2025,Telangana,140,Moderate,63.3,93.7,23.6,6.1,0.84,55.8,2025,May,28
28-05-2025,Tripura,140,Moderate,58.1,110.3,22,7,0.87,56.6,2025,May,28
28-05-2025,Uttar Pradesh,152,Moderate,69.5,111.8,27.2,6.8,0.79,55.1,2025,May,28
28-05-2025,Uttarakhand,98,Satisfactory,44.4,70.4,17.6,4.6,0.63,66.9,2025,May,28
28-05-2025,West Bengal,109,Moderate,46.9,78.9,17.8,5.1,0.63,60,2025,May,28
29-05-2025,Andhra Pradesh,166,Moderate,68.5,114.2,25,8.8,0.93,54.9,2025,May,29
29-05-2025,Arunachal Pradesh,113,Moderate,42.1,81.4,19,5.3,0.63,65.7,2025,May,29
29-05-2025,Assam,140,Moderate,62.2,90.9,19.8,7.9,0.75,59.3,2025,May,29
29-05-2025,Bihar,114,Moderate,46.2,72.8,17.7,5.3,0.71,60.9,2025,May,29
29-05-2025,Chhattisgarh,99,Satisfactory,47.2,79,17.2,4.7,0.65,63.3,2025,May,29
29-05-2025,Goa,91,Satisfactory,33.8,74.6,15,4.2,0.5,59.7,2025,May,29
29-05-2025,Gujarat,88,Satisfactory,34.4,65.7,14.3,4,0.46,58.6,2025,May,29
29-05-2025,Haryana,107,Moderate,42.3,85.5,19.6,5.7,0.56,63.6,2025,May,29
29-05-2025,Himachal Pradesh,186,Moderate,73.4,131.5,32,10.3,1.13,53.5,2025,May,29
29-05-2025,Jharkhand,189,Moderate,73.5,143.6,29,9.2,1.09,55.3,2025,May,29
29-05-2025,Karnataka,98,Satisfactory,40.1,66.9,16.3,4.8,0.52,61.4,2025,May,29
29-05-2025,Kerala,157,Moderate,71.4,119.5,23.4,7.6,0.79,58,2025,May,29
29-05-2025,Madhya Pradesh,92,Satisfactory,36.3,63.8,15.3,4.9,0.55,62.7,2025,May,29
29-05-2025,Maharashtra,154,Moderate,63.3,119.7,22.7,8.2,0.94,61,2025,May,29
29-05-2025,Manipur,136,Moderate,52.7,92.3,19.7,6.7,0.66,57.3,2025,May,29
29-05-2025,Meghalaya,93,Satisfactory,38.5,69.3,12.7,5.6,0.43,65.4,2025,May,29
29-05-2025,Mizoram,164,Moderate,65.9,109.4,25,7.7,1,52.7,2025,May,29
29-05-2025,Nagaland,140,Moderate,57.4,110.6,19.5,6,0.74,58.4,2025,May,29
29-05-2025,Odisha,133,Moderate,61.4,93.6,20,5.7,0.66,58.6,2025,May,29
29-05-2025,Punjab,181,Moderate,81.5,134.5,28.8,9.6,0.96,57.5,2025,May,29
29-05-2025,Rajasthan,83,Satisfactory,40.5,65.4,14.2,4.5,0.47,67.7,2025,May,29
29-05-2025,Sikkim,125,Moderate,54.5,86.4,20.7,7.1,0.78,61.7,2025,May,29
29-05-2025,Tamil Nadu,107,Moderate,44.8,84.2,14.7,5.2,0.63,63.1,2025,May,29
29-05-2025,Telangana,110,Moderate,40.9,70.6,18.2,4.8,0.62,64.9,2025,May,29
29-05-2025,Tripura,164,Moderate,68.1,125.3,24.9,8,0.89,59,2025,May,29
29-05-2025,Uttar Pradesh,144,Moderate,58.6,100.6,22.1,7.8,0.7,62.6,2025,May,29
29-05-2025,Uttarakhand,84,Satisfactory,36.5,61,14.1,5.1,0.4,67.7,2025,May,29
29-05-2025,West Bengal,91,Satisfactory,38.7,61.8,15.5,3.9,0.49,61.1,2025,May,29
30-05-2025,Andhra Pradesh,136,Moderate,58.2,99.8,20.2,7.2,0.69,62.8,2025,May,30
30-05-2025,Arunachal Pradesh,97,Satisfactory,45,78.1,18.5,5.2,0.45,63.3,2025,May,30
30-05-2025,Assam,128,Moderate,53.2,100,19.1,6.2,0.73,63.1,2025,May,30
30-05-2025,Bihar,138,Moderate,53.8,108.9,19.8,7.3,0.68,56.1,2025,May,30
30-05-2025,Chhattisgarh,126,Moderate,56,96.4,23,7.1,0.75,62.8,2025,May,30
30-05-2025,Goa,122,Moderate,53,87.7,18.8,5.2,0.72,63.1,2025,May,30
30-05-2025,Gujarat,96,Satisfactory,44.8,66,13,4.3,0.61,66.8,2025,May,30
30-05-2025,Haryana,69,Satisfactory,31.1,44.1,12.1,2.7,0.29,65.6,2025,May,30
30-05-2025,Himachal Pradesh,143,Moderate,54.5,104.3,25.1,7.9,0.88,60.4,2025,May,30
30-05-2025,Jharkhand,156,Moderate,63.7,113.6,25.2,7,0.85,56.7,2025,May,30
30-05-2025,Karnataka,115,Moderate,52.6,92.5,17.8,5.5,0.65,64.9,2025,May,30
30-05-2025,Kerala,144,Moderate,57.1,94,20.9,7.8,0.89,56.7,2025,May,30
30-05-2025,Madhya Pradesh,88,Satisfactory,34.8,59.5,15.5,3.5,0.54,63.5,2025,May,30
30-05-2025,Maharashtra,133,Moderate,54.1,93.2,21.5,6.3,0.71,61.1,2025,May,30
30-05-2025,Manipur,161,Moderate,71.1,124.7,26.4,8.8,0.92,52.7,2025,May,30
30-05-2025,Meghalaya,106,Moderate,39.7,78.7,14.7,6,0.61,57.9,2025,May,30
30-05-2025,Mizoram,162,Moderate,71.3,111.3,24.1,7.7,0.93,59.3,2025,May,30
30-05-2025,Nagaland,179,Moderate,70,123.2,26.3,8.3,0.96,59.4,2025,May,30
30-05-2025,Odisha,133,Moderate,60.7,95,18.7,5.9,0.71,64.1,2025,May,30
30-05-2025,Punjab,144,Moderate,65.6,97.1,23,7.4,0.85,60.1,2025,May,30
30-05-2025,Rajasthan,79,Satisfactory,29.2,53.7,13.2,3.9,0.45,64.5,2025,May,30
30-05-2025,Sikkim,154,Moderate,67.5,113.4,26.6,7.4,0.94,56.6,2025,May,30
30-05-2025,Tamil Nadu,115,Moderate,48.2,75.9,19.6,4.8,0.63,59.2,2025,May,30
30-05-2025,Telangana,119,Moderate,48.3,82.4,20.1,5.6,0.7,62.8,2025,May,30
30-05-2025,Tripura,135,Moderate,52.5,98.1,20.3,6.2,0.69,64,2025,May,30
30-05-2025,Uttar Pradesh,184,Moderate,72.5,126.9,26.7,8.8,1.11,58.9,2025,May,30
30-05-2025,Uttarakhand,123,Moderate,54.8,86.1,19.4,5.3,0.66,55.3,2025,May,30
30-05-2025,West Bengal,88,Satisfactory,33,56.3,14.8,3.7,0.56,64.1,2025,May,30
31-05-2025,Andhra Pradesh,123,Moderate,45.8,90.1,17.3,6.4,0.63,59.4,2025,May,31
31-05-2025,Arunachal Pradesh,75,Satisfactory,34.9,46.9,9.2,3.9,0.51,59.3,2025,May,31
31-05-2025,Assam,141,Moderate,62,111.1,20.8,6.1,0.87,59.2,2025,May,31
31-05-2025,Bihar,127,Moderate,52.5,89.6,18.4,5.8,0.65,62.2,2025,May,31
31-05-2025,Chhattisgarh,115,Moderate,47.5,84.3,18.3,6.7,0.72,65.7,2025,May,31
31-05-2025,Goa,129,Moderate,56.9,96.6,20.1,6.2,0.74,56.8,2025,May,31
31-05-2025,Gujarat,99,Satisfactory,41.6,75.6,18.5,4.1,0.63,57.9,2025,May,31
31-05-2025,Haryana,66,Satisfactory,26.7,47.2,9.2,3.9,0.37,66.6,2025,May,31
31-05-2025,Himachal Pradesh,150,Moderate,58,101.8,21.4,8.1,0.87,56.1,2025,May,31
31-05-2025,Jharkhand,150,Moderate,64.1,117.1,25.9,7.1,0.77,60.7,2025,May,31
31-05-2025,Karnataka,116,Moderate,53.7,87.7,16.9,5.6,0.62,57.3,2025,May,31
31-05-2025,Kerala,140,Moderate,59.9,104,23.7,7.9,0.71,60.5,2025,May,31
31-05-2025,Madhya Pradesh,92,Satisfactory,40.8,73.4,15.2,4.5,0.55,61.6,2025,May,31
31-05-2025,Maharashtra,156,Moderate,68.9,116.4,22.3,7.6,0.8,59,2025,May,31
31-05-2025,Manipur,135,Moderate,55.1,98.3,21.8,7.3,0.71,62.5,2025,May,31
31-05-2025,Meghalaya,126,Moderate,47.9,88.2,21.4,5.9,0.74,60.1,2025,May,31
31-05-2025,Mizoram,119,Moderate,45,85.7,17.1,5.5,0.73,65.4,2025,May,31
31-05-2025,Nagaland,165,Moderate,66,121.7,25,9,0.88,59.5,2025,May,31
31-05-2025,Odisha,122,Moderate,52.6,84.3,20.6,6.2,0.73,56.2,2025,May,31
31-05-2025,Punjab,154,Moderate,67.2,119.8,27.1,8.3,0.93,62.3,2025,May,31
31-05-2025,Rajasthan,80,Satisfactory,34.8,49.1,15.6,4.1,0.42,67.7,2025,May,31
31-05-2025,Sikkim,165,Moderate,65.7,126.6,26.6,8.1,0.87,52.7,2025,May,31
31-05-2025,Tamil Nadu,110,Moderate,46.9,85.8,16.3,5,0.58,60.5,2025,May,31
31-05-2025,Telangana,117,Moderate,53.1,79.3,21.7,5.6,0.57,63.3,2025,May,31
31-05-2025,Tripura,128,Moderate,59.5,84.1,20.6,5.5,0.79,57.2,2025,May,31
31-05-2025,Uttar Pradesh,141,Moderate,54,99.4,22.5,6.7,0.71,62.7,2025,May,31
31-05-2025,Uttarakhand,97,Satisfactory,43.4,73.6,14.9,5.8,0.47,66.9,2025,May,31
31-05-2025,West Bengal,81,Satisfactory,34.1,53.8,12.5,3.2,0.42,61,2025,May,31
01-06-2025,Andhra Pradesh,152,Moderate,65.6,113.9,23.3,8.4,0.91,59.6,2025,June,1
01-06-2025,Arunachal Pradesh,65,Satisfactory,27.3,43.4,9.9,2.7,0.38,65.5,2025,June,1
01-06-2025,Assam,155,Moderate,70.4,110.2,27.4,7.9,0.81,60.6,2025,June,1
01-06-2025,Bihar,125,Moderate,57.4,99.7,22.5,5.7,0.78,58.3,2025,June,1
01-06-2025,Chhattisgarh,95,Satisfactory,40.1,75.2,18,5.3,0.51,66.2,2025,June,1
01-06-2025,Goa,86,Satisfactory,32.5,70.9,15.3,3.8,0.5,65.7,2025,June,1
01-06-2025,Gujarat,83,Satisfactory,35.8,64.5,14.4,4.7,0.38,59.4,2025,June,1
01-06-2025,Haryana,78,Satisfactory,38.6,63.8,14.4,3.4,0.47,67.1,2025,June,1
01-06-2025,Himachal Pradesh,144,Moderate,60.3,101.8,23.5,6.5,0.72,58.3,2025,June,1
01-06-2025,Jharkhand,184,Moderate,83.2,122.6,32.3,9,0.95,54.8,2025,June,1
01-06-2025,Karnataka,135,Moderate,52.6,94.8,24.3,6.8,0.77,58,2025,June,1
01-06-2025,Kerala,147,Moderate,61.1,99.3,20.7,7.7,0.87,58.8,2025,June,1
01-06-2025,Madhya Pradesh,85,Satisfactory,41.6,55,15.3,4,0.54,58.6,2025,June,1
01-06-2025,Maharashtra,132,Moderate,53.7,99.1,18.6,6.5,0.64,62.6,2025,June,1
01-06-2025,Manipur,146,Moderate,58.3,103.9,22.6,8.2,0.73,55.1,2025,June,1
01-06-2025,Meghalaya,115,Moderate,45.9,73.1,19.2,5.4,0.55,65.4,2025,June,1
01-06-2025,Mizoram,139,Moderate,59.7,97.1,23,7.5,0.78,57.1,2025,June,1
01-06-2025,Nagaland,140,Moderate,60.2,101.9,24.1,7.9,0.74,57.3,2025,June,1
01-06-2025,Odisha,162,Moderate,71.5,125,28.4,8.4,0.8,53.8,2025,June,1
01-06-2025,Punjab,185,Moderate,76.8,131.8,26.7,8.8,0.98,57.8,2025,June,1
01-06-2025,Rajasthan,72,Satisfactory,34.6,61.2,9.7,3.6,0.36,63.7,2025,June,1
01-06-2025,Sikkim,153,Moderate,64.5,109.4,23.9,6.8,0.84,54,2025,June,1
01-06-2025,Tamil Nadu,132,Moderate,60.7,103.3,18.9,5.8,0.83,59.8,2025,June,1
01-06-2025,Telangana,114,Moderate,43.3,90.7,20.3,5.8,0.57,60.3,2025,June,1
01-06-2025,Tripura,148,Moderate,58.8,107.1,25.6,7.6,0.86,60.2,2025,June,1
01-06-2025,Uttar Pradesh,141,Moderate,56.5,94.5,21.2,7.3,0.84,58.3,2025,June,1
01-06-2025,Uttarakhand,134,Moderate,55.8,106.4,24.1,5.8,0.8,56.1,2025,June,1
01-06-2025,West Bengal,71,Satisfactory,25.1,57.1,8.4,2.7,0.39,63.4,2025,June,1
02-06-2025,Andhra Pradesh,138,Moderate,59.8,105,24,7.7,0.73,55.6,2025,June,2
02-06-2025,Arunachal Pradesh,79,Satisfactory,28,48.2,9.7,3.7,0.39,64.7,2025,June,2
02-06-2025,Assam,153,Moderate,67.8,112.9,21.8,7.6,0.91,57.3,2025,June,2
02-06-2025,Bihar,118,Moderate,46.6,84.3,20.5,5.7,0.69,56.9,2025,June,2
02-06-2025,Chhattisgarh,131,Moderate,59.8,88.1,19,7,0.76,56,2025,June,2
02-06-2025,Goa,123,Moderate,50,93.1,20.3,5.4,0.6,61.6,2025,June,2
02-06-2025,Gujarat,99,Satisfactory,35.8,69.5,15.2,5.2,0.54,60.7,2025,June,2
02-06-2025,Haryana,93,Satisfactory,36.9,73.7,14,4.9,0.54,60.7,2025,June,2
02-06-2025,Himachal Pradesh,166,Moderate,64.5,117.4,26.5,8.2,0.9,53.5,2025,June,2
02-06-2025,Jharkhand,182,Moderate,73.1,132,28.8,8.4,1.09,57.7,2025,June,2
02-06-2025,Karnataka,126,Moderate,54.4,96.6,22.1,5.4,0.79,57.3,2025,June,2
02-06-2025,Kerala,174,Moderate,68,129.2,25,9.1,1,59.5,2025,June,2
02-06-2025,Madhya Pradesh,67,Satisfactory,33.2,47.4,13.4,3.2,0.39,62.5,2025,June,2
02-06-2025,Maharashtra,154,Moderate,70.4,110.4,23.2,7.3,0.8,60.6,2025,June,2
02-06-2025,Manipur,171,Moderate,68.6,123.8,24.6,8.2,1,54.4,2025,June,2
02-06-2025,Meghalaya,94,Satisfactory,42.9,68.9,17.2,4.1,0.54,62.4,2025,June,2
02-06-2025,Mizoram,127,Moderate,49.6,87.2,22,6.2,0.65,57.6,2025,June,2
02-06-2025,Nagaland,163,Moderate,68.6,112.2,23.8,8.8,0.94,54.2,2025,June,2
02-06-2025,Odisha,120,Moderate,49.5,93.6,20.2,6,0.7,65.1,2025,June,2
02-06-2025,Punjab,182,Moderate,80.3,140,29,9,1.09,58.4,2025,June,2
02-06-2025,Rajasthan,80,Satisfactory,33.3,61.8,11.6,4.4,0.44,64.9,2025,June,2
02-06-2025,Sikkim,126,Moderate,58.4,81.3,17.7,6,0.67,58.7,2025,June,2
02-06-2025,Tamil Nadu,134,Moderate,52.3,95.4,22.8,7.1,0.72,59.7,2025,June,2
02-06-2025,Telangana,140,Moderate,62.1,93.9,19.8,7.4,0.68,61.3,2025,June,2
02-06-2025,Tripura,167,Moderate,73.1,124.7,24.3,8.8,0.91,53.3,2025,June,2
02-06-2025,Uttar Pradesh,179,Moderate,71.3,124.3,25.7,9.3,0.9,54.2,2025,June,2
02-06-2025,Uttarakhand,116,Moderate,44.2,82.5,17.3,5.6,0.69,64.5,2025,June,2
02-06-2025,West Bengal,106,Moderate,40.5,82.4,14.2,4.9,0.6,57.1,2025,June,2
03-06-2025,Andhra Pradesh,171,Moderate,68,131.7,28.3,7.8,1.03,51.9,2025,June,3
03-06-2025,Arunachal Pradesh,108,Moderate,41.5,86.6,18.5,4.7,0.67,56.8,2025,June,3
03-06-2025,Assam,178,Moderate,77.6,136.4,27.2,8.5,0.96,59.7,2025,June,3
03-06-2025,Bihar,128,Moderate,53.2,92.9,20.6,7.3,0.79,62.2,2025,June,3
03-06-2025,Chhattisgarh,110,Moderate,42.6,86.1,20.3,6,0.67,63.9,2025,June,3
03-06-2025,Goa,102,Moderate,39.7,83.1,14.4,6.1,0.67,62.8,2025,June,3
03-06-2025,Gujarat,81,Satisfactory,38.6,49.9,13.6,3.5,0.5,63.1,2025,June,3
03-06-2025,Haryana,85,Satisfactory,39.9,68.3,14.3,5.2,0.44,59.3,2025,June,3
03-06-2025,Himachal Pradesh,154,Moderate,70.4,114.9,25,8.2,0.9,57.1,2025,June,3
03-06-2025,Jharkhand,193,Moderate,80.3,131.7,30.7,9.6,1.07,50.8,2025,June,3
03-06-2025,Karnataka,108,Moderate,51.1,73.6,15.4,5.8,0.54,59.3,2025,June,3
03-06-2025,Kerala,140,Moderate,54.3,109.3,20.2,6.6,0.8,63,2025,June,3
03-06-2025,Madhya Pradesh,113,Moderate,53.2,76.3,18.6,5.4,0.54,62.6,2025,June,3
03-06-2025,Maharashtra,141,Moderate,60.6,98.8,23.8,7.8,0.69,58.2,2025,June,3
03-06-2025,Manipur,185,Moderate,75.5,142.2,30.7,9.1,0.99,56.4,2025,June,3
03-06-2025,Meghalaya,109,Moderate,48.3,84.3,19.9,6.1,0.62,62.5,2025,June,3
03-06-2025,Mizoram,126,Moderate,58.8,99.7,18.8,7.2,0.67,56.9,2025,June,3
03-06-2025,Nagaland,156,Moderate,63.3,111.8,25.6,8.6,0.9,58.4,2025,June,3
03-06-2025,Odisha,147,Moderate,56.9,98.6,25.4,6.8,0.88,59.8,2025,June,3
03-06-2025,Punjab,177,Moderate,71.4,134.5,30.8,9.8,0.93,54.7,2025,June,3
03-06-2025,Rajasthan,72,Satisfactory,31.3,57.5,14.1,2.7,0.46,59.5,2025,June,3
03-06-2025,Sikkim,155,Moderate,62.8,113.4,27.7,8.3,0.95,60.8,2025,June,3
03-06-2025,Tamil Nadu,128,Moderate,49.8,86.4,17.7,5.4,0.78,62.5,2025,June,3
03-06-2025,Telangana,142,Moderate,56.9,97.1,24.4,8,0.72,59.7,2025,June,3
03-06-2025,Tripura,176,Moderate,71.9,116.7,26.9,9.4,0.91,57.6,2025,June,3
03-06-2025,Uttar Pradesh,178,Moderate,74.5,122.6,29.3,8.5,1.02,54.1,2025,June,3
03-06-2025,Uttarakhand,117,Moderate,46.3,82.4,17.2,6.2,0.6,63.5,2025,June,3
03-06-2025,West Bengal,93,Satisfactory,35.5,61.3,16.9,5.2,0.59,61.3,2025,June,3
04-06-2025,Andhra Pradesh,139,Moderate,52.5,109.9,20.6,6.3,0.74,62.3,2025,June,4
04-06-2025,Arunachal Pradesh,94,Satisfactory,45,63.9,17,5.6,0.53,63.8,2025,June,4
04-06-2025,Assam,162,Moderate,63.5,125,23.6,8.2,0.94,52.4,2025,June,4
04-06-2025,Bihar,128,Moderate,58.8,89.9,17.6,6.1,0.62,56.1,2025,June,4
04-06-2025,Chhattisgarh,123,Moderate,50.8,86.4,22.5,5.8,0.74,58.4,2025,June,4
04-06-2025,Goa,100,Satisfactory,42.4,63.2,14.3,4.5,0.52,61.9,2025,June,4
04-06-2025,Gujarat,102,Moderate,42.4,76.7,16.6,4.2,0.59,58.2,2025,June,4
04-06-2025,Haryana,102,Moderate,43.7,65,18.9,5.1,0.55,58.6,2025,June,4
04-06-2025,Himachal Pradesh,160,Moderate,65.3,124.4,23.9,7.8,0.96,58.6,2025,June,4
04-06-2025,Jharkhand,184,Moderate,78,130.5,30.5,8.7,0.94,57.7,2025,June,4
04-06-2025,Karnataka,101,Moderate,40.9,72.5,18.8,4.7,0.58,62.1,2025,June,4
04-06-2025,Kerala,134,Moderate,58.6,98.2,22.4,6.4,0.72,54.8,2025,June,4
04-06-2025,Madhya Pradesh,93,Satisfactory,36.3,70.8,15.5,4.3,0.52,58,2025,June,4
04-06-2025,Maharashtra,146,Moderate,57.4,99.5,25.1,6.9,0.76,61.5,2025,June,4
04-06-2025,Manipur,166,Moderate,74.6,121.1,26.8,7.9,0.86,55.6,2025,June,4
04-06-2025,Meghalaya,132,Moderate,58.2,92.1,22.8,5.7,0.78,63.1,2025,June,4
04-06-2025,Mizoram,157,Moderate,68.1,119.9,26.1,8.5,0.85,59.3,2025,June,4
04-06-2025,Nagaland,179,Moderate,74.1,127.3,31.5,8.4,0.94,57.6,2025,June,4
04-06-2025,Odisha,118,Moderate,50.5,83.4,17.9,6.6,0.59,55.7,2025,June,4
04-06-2025,Punjab,167,Moderate,66.2,129.2,24.8,7.7,0.83,56.9,2025,June,4
04-06-2025,Rajasthan,79,Satisfactory,30.9,65.8,11.7,4.3,0.45,60.1,2025,June,4
04-06-2025,Sikkim,171,Moderate,75.6,132.5,29.3,7.8,1.05,58.8,2025,June,4
04-06-2025,Tamil Nadu,121,Moderate,49.5,84.3,16.5,5.8,0.65,60.9,2025,June,4
04-06-2025,Telangana,139,Moderate,62.5,105.6,21,6.3,0.82,63.5,2025,June,4
04-06-2025,Tripura,131,Moderate,59.3,99.7,21.7,6.3,0.66,54.5,2025,June,4
04-06-2025,Uttar Pradesh,146,Moderate,61.8,109.2,23.9,6.4,0.73,55.5,2025,June,4
04-06-2025,Uttarakhand,134,Moderate,62.3,89.8,18.8,6.2,0.8,61.4,2025,June,4
04-06-2025,West Bengal,109,Moderate,40.3,73,18.5,6.2,0.52,61.7,2025,June,4
05-06-2025,Andhra Pradesh,124,Moderate,56.9,95.7,19.3,5.9,0.59,57.1,2025,June,5
05-06-2025,Arunachal Pradesh,95,Satisfactory,40.8,71.8,13,5,0.62,58.1,2025,June,5
05-06-2025,Assam,138,Moderate,54.8,95.2,20.3,6.4,0.84,57.3,2025,June,5
05-06-2025,Bihar,129,Moderate,49.9,87.5,19.9,5.9,0.8,58.3,2025,June,5
05-06-2025,Chhattisgarh,130,Moderate,49.9,89.3,23.4,6.9,0.63,57.9,2025,June,5
05-06-2025,Goa,88,Satisfactory,40.9,72.8,17,3.7,0.45,64.4,2025,June,5
05-06-2025,Gujarat,90,Satisfactory,39.2,66.7,12.1,4.4,0.43,60.9,2025,June,5
05-06-2025,Haryana,86,Satisfactory,34.9,58.4,15.3,4.2,0.48,62.7,2025,June,5
05-06-2025,Himachal Pradesh,177,Moderate,71.8,131.9,30.2,9.8,0.91,52.1,2025,June,5
05-06-2025,Jharkhand,172,Moderate,68.7,115,29.6,8.9,0.88,59.9,2025,June,5
05-06-2025,Karnataka,119,Moderate,52.7,95.5,21.5,6.5,0.57,64.6,2025,June,5
05-06-2025,Kerala,139,Moderate,60,98.4,21.5,6.6,0.84,60.6,2025,June,5
05-06-2025,Madhya Pradesh,108,Moderate,49.3,76.9,15.2,5.2,0.62,59.2,2025,June,5
05-06-2025,Maharashtra,164,Moderate,63,108.3,25.1,8.2,1.01,53.7,2025,June,5
05-06-2025,Manipur,152,Moderate,69.8,100.3,27.2,7,0.85,60.2,2025,June,5
05-06-2025,Meghalaya,142,Moderate,58,93,24.3,7.5,0.85,55.6,2025,June,5
05-06-2025,Mizoram,168,Moderate,69.6,116.7,24.1,7.7,0.96,56.7,2025,June,5
05-06-2025,Nagaland,150,Moderate,68,113,26.2,7.2,0.9,59.8,2025,June,5
05-06-2025,Odisha,145,Moderate,59.3,95.3,24.7,8,0.78,61.1,2025,June,5
05-06-2025,Punjab,147,Moderate,61.9,115.1,22.4,6.8,0.76,56.2,2025,June,5
05-06-2025,Rajasthan,102,Moderate,40.7,72.9,17.2,5.6,0.51,57.6,2025,June,5
05-06-2025,Sikkim,128,Moderate,50.6,88.5,23.1,6.8,0.77,54.8,2025,June,5
05-06-2025,Tamil Nadu,117,Moderate,44.7,79,19.2,6.8,0.71,58.8,2025,June,5
05-06-2025,Telangana,137,Moderate,61.4,96,23.3,7.3,0.72,60.6,2025,June,5
05-06-2025,Tripura,173,Moderate,67.9,126.3,27.6,8,1.03,60.9,2025,June,5
05-06-2025,Uttar Pradesh,141,Moderate,61.3,106.5,24.2,6.4,0.7,55.6,2025,June,5
05-06-2025,Uttarakhand,108,Moderate,42.6,67.9,16.3,6.3,0.64,57.8,2025,June,5
05-06-2025,West Bengal,93,Satisfactory,43.9,62.8,12.6,5,0.43,67.2,2025,June,5
06-06-2025,Andhra Pradesh,159,Moderate,66.1,111.5,26.5,8.3,0.84,57.1,2025,June,6
06-06-2025,Arunachal Pradesh,68,Satisfactory,28.8,53,12.3,3.9,0.45,68.7,2025,June,6
06-06-2025,Assam,151,Moderate,57.6,116.8,21.5,7.8,0.89,62.5,2025,June,6
06-06-2025,Bihar,121,Moderate,54.6,94.2,17.7,6.6,0.71,63.6,2025,June,6
06-06-2025,Chhattisgarh,113,Moderate,46.2,81.1,21,6,0.71,56.6,2025,June,6
06-06-2025,Goa,97,Satisfactory,42,74.7,14.1,4,0.6,64.4,2025,June,6
06-06-2025,Gujarat,81,Satisfactory,30.4,51.2,14.7,4.8,0.46,61.1,2025,June,6
06-06-2025,Haryana,98,Satisfactory,36.6,66.6,14.7,5.9,0.61,63.1,2025,June,6
06-06-2025,Himachal Pradesh,143,Moderate,54.1,108.6,23.2,7.5,0.83,56.2,2025,June,6
06-06-2025,Jharkhand,177,Moderate,74.7,130.4,26.6,9.7,0.93,58.9,2025,June,6
06-06-2025,Karnataka,127,Moderate,56.4,97.5,20.5,5.8,0.69,56.9,2025,June,6
06-06-2025,Kerala,157,Moderate,69.7,110.7,25.8,8.8,0.94,59.9,2025,June,6
06-06-2025,Madhya Pradesh,98,Satisfactory,37,71.7,15.9,5.4,0.61,65.6,2025,June,6
06-06-2025,Maharashtra,124,Moderate,52.1,83,19.6,6.3,0.72,60.2,2025,June,6
06-06-2025,Manipur,154,Moderate,69,105.9,26.4,7,0.76,55.1,2025,June,6
06-06-2025,Meghalaya,140,Moderate,53.4,96.8,23.6,6.4,0.7,63.2,2025,June,6
06-06-2025,Mizoram,150,Moderate,60.4,99.8,26.8,8.5,0.79,57.4,2025,June,6
06-06-2025,Nagaland,175,Moderate,74.2,128.3,30.9,9.2,0.96,56.8,2025,June,6
06-06-2025,Odisha,136,Moderate,53.3,88.6,21.9,6.4,0.78,55.9,2025,June,6
06-06-2025,Punjab,160,Moderate,63.1,119.1,23.3,7.5,0.83,55.9,2025,June,6
06-06-2025,Rajasthan,69,Satisfactory,32.1,44.9,10.6,2.6,0.43,67.9,2025,June,6
06-06-2025,Sikkim,133,Moderate,53.3,97.5,21.6,6.5,0.8,56,2025,June,6
06-06-2025,Tamil Nadu,137,Moderate,63.3,107.3,19.8,7.5,0.72,62.8,2025,June,6
06-06-2025,Telangana,125,Moderate,54.4,91,17,6.5,0.62,63.1,2025,June,6
06-06-2025,Tripura,156,Moderate,62.9,121.7,26,7.4,0.87,60.9,2025,June,6
06-06-2025,Uttar Pradesh,170,Moderate,74.3,122.5,28.3,8,0.88,51.5,2025,June,6
06-06-2025,Uttarakhand,129,Moderate,59,85.2,22.7,7.3,0.66,62.4,2025,June,6
06-06-2025,West Bengal,94,Satisfactory,33.6,75,16.5,4.2,0.48,66.3,2025,June,6
07-06-2025,Andhra Pradesh,131,Moderate,55.7,86.9,21.7,6.4,0.82,62.9,2025,June,7
07-06-2025,Arunachal Pradesh,93,Satisfactory,37.8,72.6,16.4,3.8,0.43,58.5,2025,June,7
07-06-2025,Assam,162,Moderate,64.3,121.4,25.7,7.8,0.82,54,2025,June,7
07-06-2025,Bihar,125,Moderate,57.2,95.3,19.7,6.7,0.75,60.1,2025,June,7
07-06-2025,Chhattisgarh,132,Moderate,50.7,88.4,19.9,6.3,0.82,63.5,2025,June,7
07-06-2025,Goa,123,Moderate,46.8,92.7,19.9,7,0.74,62.6,2025,June,7
07-06-2025,Gujarat,99,Satisfactory,43.9,76.6,15.8,4.1,0.57,59.8,2025,June,7
07-06-2025,Haryana,69,Satisfactory,24.3,44.5,9.2,2.8,0.44,64,2025,June,7
07-06-2025,Himachal Pradesh,180,Moderate,70.4,119.7,26.5,8.1,1,60.5,2025,June,7
07-06-2025,Jharkhand,188,Moderate,77.2,143.9,32.3,10,1.1,57.5,2025,June,7
07-06-2025,Karnataka,120,Moderate,51.2,88.2,16.3,5,0.61,59.2,2025,June,7
07-06-2025,Kerala,156,Moderate,64.4,109.4,27.7,7.9,0.87,59.1,2025,June,7
07-06-2025,Madhya Pradesh,85,Satisfactory,39.2,71,11.5,3.6,0.5,62.8,2025,June,7
07-06-2025,Maharashtra,126,Moderate,49.3,83,19.6,7,0.61,55.6,2025,June,7
07-06-2025,Manipur,145,Moderate,63.2,103.1,22.9,7.9,0.87,57.6,2025,June,7
07-06-2025,Meghalaya,128,Moderate,58.6,88.8,19.1,5.6,0.79,56,2025,June,7
07-06-2025,Mizoram,158,Moderate,71.7,123.1,24,7.2,0.93,61,2025,June,7
07-06-2025,Nagaland,159,Moderate,69.1,114.8,25.1,7.9,0.87,62.1,2025,June,7
07-06-2025,Odisha,141,Moderate,62.3,98.3,22.6,7.8,0.81,54.5,2025,June,7
07-06-2025,Punjab,165,Moderate,67.2,114.1,24.2,8,0.99,57.9,2025,June,7
07-06-2025,Rajasthan,86,Satisfactory,30.8,64,13.9,4.9,0.45,60.6,2025,June,7
07-06-2025,Sikkim,157,Moderate,67,114.8,25.8,8.6,0.93,58.8,2025,June,7
07-06-2025,Tamil Nadu,121,Moderate,50.3,90.7,20.4,6.7,0.61,64.4,2025,June,7
07-06-2025,Telangana,111,Moderate,44,82.2,19.4,4.6,0.54,64.8,2025,June,7
07-06-2025,Tripura,131,Moderate,56.5,101.3,22.4,6.2,0.79,58.9,2025,June,7
07-06-2025,Uttar Pradesh,182,Moderate,77.5,129.2,30,8.6,1.05,56.9,2025,June,7
07-06-2025,Uttarakhand,102,Moderate,47.8,65.7,15.3,4.5,0.62,59.4,2025,June,7
07-06-2025,West Bengal,77,Satisfactory,31.4,46.8,10.2,4.8,0.48,59.6,2025,June,7
08-06-2025,Andhra Pradesh,163,Moderate,67,115.7,27.5,7.2,0.84,58.2,2025,June,8
08-06-2025,Arunachal Pradesh,91,Satisfactory,35.5,75.1,12.5,5.1,0.46,59.6,2025,June,8
08-06-2025,Assam,145,Moderate,59.7,101.7,22.3,7.7,0.9,54.3,2025,June,8
08-06-2025,Bihar,135,Moderate,57.3,99.6,24.4,6.9,0.66,63.4,2025,June,8
08-06-2025,Chhattisgarh,113,Moderate,46,86.6,17.1,5.2,0.66,64.8,2025,June,8
08-06-2025,Goa,102,Moderate,40,68.3,16.8,6.1,0.57,59.9,2025,June,8
08-06-2025,Gujarat,96,Satisfactory,35.5,60.1,12.7,5.8,0.58,59.3,2025,June,8
08-06-2025,Haryana,97,Satisfactory,42.6,66.4,13.9,4.4,0.62,57.3,2025,June,8
08-06-2025,Himachal Pradesh,143,Moderate,56,99.5,20.9,7.5,0.71,58.4,2025,June,8
08-06-2025,Jharkhand,149,Moderate,62.6,109.2,22.5,7.4,0.73,54,2025,June,8
08-06-2025,Karnataka,131,Moderate,58.6,91.3,18.3,6.5,0.64,55.4,2025,June,8
08-06-2025,Kerala,132,Moderate,56.6,100.2,18.3,6,0.71,58,2025,June,8
08-06-2025,Madhya Pradesh,114,Moderate,43.5,85.1,18.7,6.5,0.59,65.2,2025,June,8
08-06-2025,Maharashtra,134,Moderate,60.3,94.2,19.7,7.6,0.82,54.7,2025,June,8
08-06-2025,Manipur,163,Moderate,65.2,113.2,28.5,7.8,0.82,58.7,2025,June,8
08-06-2025,Meghalaya,117,Moderate,52.7,75,17.5,5.8,0.68,57.8,2025,June,8
08-06-2025,Mizoram,162,Moderate,73.5,120.5,28.9,8.4,0.87,55.6,2025,June,8
08-06-2025,Nagaland,180,Moderate,76.2,127.9,30.3,8.3,1.09,52.4,2025,June,8
08-06-2025,Odisha,165,Moderate,73.2,122.4,24.3,7.6,0.94,57.7,2025,June,8
08-06-2025,Punjab,163,Moderate,71.5,119.6,25.2,8.4,0.88,57.5,2025,June,8
08-06-2025,Rajasthan,90,Satisfactory,38.7,70.8,15.9,3.8,0.52,67.4,2025,June,8
08-06-2025,Sikkim,152,Moderate,68.6,106.2,23.8,7,0.92,58.9,2025,June,8
08-06-2025,Tamil Nadu,142,Moderate,58.9,104.9,21.9,7.2,0.75,63,2025,June,8
08-06-2025,Telangana,139,Moderate,53.6,102.4,21.2,6.1,0.83,54.7,2025,June,8
08-06-2025,Tripura,172,Moderate,77.2,114.1,26,8.7,0.96,56,2025,June,8
08-06-2025,Uttar Pradesh,164,Moderate,73.5,113.6,28.7,7.5,0.91,56.9,2025,June,8
08-06-2025,Uttarakhand,96,Satisfactory,40.7,74.9,15.4,5.1,0.5,62.9,2025,June,8
08-06-2025,West Bengal,102,Moderate,46.7,81.5,16.6,4.3,0.62,66,2025,June,8
09-06-2025,Andhra Pradesh,146,Moderate,58.6,111.7,22.8,7,0.74,60.2,2025,June,9
09-06-2025,Arunachal Pradesh,66,Satisfactory,32,56.3,10,3,0.41,67.3,2025,June,9
09-06-2025,Assam,174,Moderate,70.6,134.5,29.3,9.4,0.92,59.7,2025,June,9
09-06-2025,Bihar,119,Moderate,50,95.4,22,6.2,0.7,58.6,2025,June,9
09-06-2025,Chhattisgarh,143,Moderate,59.5,107.1,23.2,7.3,0.8,54.3,2025,June,9
09-06-2025,Goa,128,Moderate,59.6,96.8,20.4,5.8,0.74,62.6,2025,June,9
09-06-2025,Gujarat,86,Satisfactory,31.1,55,14.6,5,0.54,63.6,2025,June,9
09-06-2025,Haryana,67,Satisfactory,31.7,42.7,10.1,4,0.33,68,2025,June,9
09-06-2025,Himachal Pradesh,168,Moderate,74.3,116.7,23.9,7.7,0.85,56.8,2025,June,9
09-06-2025,Jharkhand,164,Moderate,69.2,117.9,24.4,7.7,0.99,55.6,2025,June,9
09-06-2025,Karnataka,127,Moderate,57.1,81.8,19.9,5.9,0.62,59.7,2025,June,9
09-06-2025,Kerala,161,Moderate,68.5,121.8,23.2,7.6,0.84,57.9,2025,June,9
09-06-2025,Madhya Pradesh,73,Satisfactory,31.1,62.1,9.7,2.9,0.39,67.7,2025,June,9
09-06-2025,Maharashtra,159,Moderate,62.5,115,24.7,7.8,0.83,61,2025,June,9
09-06-2025,Manipur,142,Moderate,63.4,100.3,19.8,6.6,0.85,55.7,2025,June,9
09-06-2025,Meghalaya,142,Moderate,57.3,107.1,21.1,6.5,0.7,59.6,2025,June,9
09-06-2025,Mizoram,167,Moderate,67.5,127.8,24.2,8,0.86,59.5,2025,June,9
09-06-2025,Nagaland,136,Moderate,52.5,106.5,24.2,7.6,0.71,54.7,2025,June,9
09-06-2025,Odisha,125,Moderate,48.1,92.8,18.7,6.8,0.72,61.3,2025,June,9
09-06-2025,Punjab,186,Moderate,81,124,32.2,9.5,1,53.2,2025,June,9
09-06-2025,Rajasthan,110,Moderate,52.1,73.4,15.6,5.2,0.56,65.5,2025,June,9
09-06-2025,Sikkim,128,Moderate,59.5,94.5,21.8,7.2,0.8,61.1,2025,June,9
09-06-2025,Tamil Nadu,121,Moderate,50.4,94.1,19.9,6.6,0.59,58.4,2025,June,9
09-06-2025,Telangana,108,Moderate,43.4,69.7,17.9,6,0.66,65.9,2025,June,9
09-06-2025,Tripura,137,Moderate,58,95.3,22.7,7.3,0.78,61,2025,June,9
09-06-2025,Uttar Pradesh,177,Moderate,71.9,126,27.8,7.9,0.92,54.1,2025,June,9
09-06-2025,Uttarakhand,107,Moderate,44.2,68.1,18.7,6,0.67,62.6,2025,June,9
09-06-2025,West Bengal,82,Satisfactory,38.8,61.1,12.4,4,0.41,67.2,2025,June,9
10-06-2025,Andhra Pradesh,155,Moderate,63.6,114.4,26.6,8,0.94,57.9,2025,June,10
10-06-2025,Arunachal Pradesh,94,Satisfactory,40.5,66.3,15.1,5.2,0.55,58.7,2025,June,10
10-06-2025,Assam,159,Moderate,67.7,116.7,24.5,7.1,0.81,55.7,2025,June,10
10-06-2025,Bihar,98,Satisfactory,43.7,78,17.3,4.9,0.53,63.4,2025,June,10
10-06-2025,Chhattisgarh,93,Satisfactory,38.4,72.5,16.7,5.1,0.43,61.4,2025,June,10
10-06-2025,Goa,128,Moderate,56.1,86,18.4,6.1,0.74,61.9,2025,June,10
10-06-2025,Gujarat,120,Moderate,51.3,80.9,17.2,6.7,0.65,62.8,2025,June,10
10-06-2025,Haryana,83,Satisfactory,38.3,67.5,10.7,4.2,0.4,61.1,2025,June,10
10-06-2025,Himachal Pradesh,178,Moderate,76.7,123,27.5,9.6,0.95,59,2025,June,10
10-06-2025,Jharkhand,156,Moderate,59.7,119.4,24.8,8.4,0.8,56.7,2025,June,10
10-06-2025,Karnataka,120,Moderate,52.3,95.3,16.6,5.7,0.75,61.1,2025,June,10
10-06-2025,Kerala,141,Moderate,55,107.5,22.9,6.6,0.82,62.8,2025,June,10
10-06-2025,Madhya Pradesh,99,Satisfactory,46.7,65.9,15.2,5.3,0.61,64.2,2025,June,10
10-06-2025,Maharashtra,170,Moderate,75.6,117.1,29.5,8,0.89,57.8,2025,June,10
10-06-2025,Manipur,158,Moderate,61.1,111.7,24.1,8.6,0.97,56.8,2025,June,10
10-06-2025,Meghalaya,100,Satisfactory,37.7,81.4,13.5,4,0.52,63.1,2025,June,10
10-06-2025,Mizoram,139,Moderate,62.5,90.8,22.4,6.9,0.84,60.9,2025,June,10
10-06-2025,Nagaland,171,Moderate,72.7,117.5,25.3,9.4,1.03,60.5,2025,June,10
10-06-2025,Odisha,131,Moderate,59.2,86.5,22.3,7.2,0.73,62.7,2025,June,10
10-06-2025,Punjab,157,Moderate,62.5,122.3,25.1,6.9,0.87,60.4,2025,June,10
10-06-2025,Rajasthan,88,Satisfactory,37.6,63.4,17,5.2,0.58,64.5,2025,June,10
10-06-2025,Sikkim,167,Moderate,69.6,126.5,25.6,7.5,0.86,60.8,2025,June,10
10-06-2025,Tamil Nadu,109,Moderate,45.9,79.8,17.6,5,0.58,63.2,2025,June,10
10-06-2025,Telangana,96,Satisfactory,34.4,75.1,14.1,4.4,0.55,67.3,2025,June,10
10-06-2025,Tripura,169,Moderate,76.2,126.1,29,9,0.87,52.2,2025,June,10
10-06-2025,Uttar Pradesh,171,Moderate,68.1,127.7,30.2,7.9,0.94,53.5,2025,June,10
10-06-2025,Uttarakhand,127,Moderate,58.4,82,20.6,6.7,0.64,57.6,2025,June,10
10-06-2025,West Bengal,66,Satisfactory,28.3,57,12.4,3.2,0.43,66.1,2025,June,10
11-06-2025,Andhra Pradesh,166,Moderate,69.5,110.3,25.7,7.9,0.97,53.5,2025,June,11
11-06-2025,Arunachal Pradesh,105,Moderate,38.5,84.2,16.8,4.9,0.55,57.9,2025,June,11
11-06-2025,Assam,153,Moderate,70.1,120,26,7.1,0.78,56,2025,June,11
11-06-2025,Bihar,127,Moderate,55.2,91.9,19,5.7,0.62,54.9,2025,June,11
11-06-2025,Chhattisgarh,140,Moderate,53,93,24.9,7.5,0.71,58.3,2025,June,11
11-06-2025,Goa,89,Satisfactory,34.6,71.6,13.6,4.7,0.46,66,2025,June,11
11-06-2025,Gujarat,101,Moderate,39.5,63.4,13.2,5.1,0.61,63,2025,June,11
11-06-2025,Haryana,113,Moderate,50.1,86.3,20.5,6.4,0.58,61.2,2025,June,11
11-06-2025,Himachal Pradesh,151,Moderate,63,99.2,21.4,7.5,0.8,55.4,2025,June,11
11-06-2025,Jharkhand,191,Moderate,76.9,143.3,27.6,9,1.03,54.4,2025,June,11
11-06-2025,Karnataka,91,Satisfactory,37.5,68.2,16.4,4.7,0.51,64,2025,June,11
11-06-2025,Kerala,146,Moderate,66.9,110.3,23.9,7.3,0.86,59.9,2025,June,11
11-06-2025,Madhya Pradesh,95,Satisfactory,45.5,72,15.1,5.6,0.6,58,2025,June,11
11-06-2025,Maharashtra,159,Moderate,62.8,116.3,22.7,8.3,0.83,56.1,2025,June,11
11-06-2025,Manipur,147,Moderate,57.8,103,23.8,7.8,0.89,62.2,2025,June,11
11-06-2025,Meghalaya,109,Moderate,41.7,69.1,17,5.8,0.62,63,2025,June,11
11-06-2025,Mizoram,126,Moderate,47.7,98.8,21.6,6.2,0.66,60.1,2025,June,11
11-06-2025,Nagaland,163,Moderate,64.5,120.8,24,9.1,0.98,60.5,2025,June,11
11-06-2025,Odisha,163,Moderate,67,109,28.2,8.2,0.99,55.9,2025,June,11
11-06-2025,Punjab,147,Moderate,66.4,112.8,21.3,7.1,0.89,54.6,2025,June,11
11-06-2025,Rajasthan,100,Satisfactory,44,79.6,17.5,6,0.53,58.5,2025,June,11
11-06-2025,Sikkim,144,Moderate,64.5,101.7,25.9,6.7,0.88,61.9,2025,June,11
11-06-2025,Tamil Nadu,143,Moderate,57.8,105.1,24.8,7.7,0.81,54,2025,June,11
11-06-2025,Telangana,94,Satisfactory,41.6,75.3,14.8,3.9,0.57,65.9,2025,June,11
11-06-2025,Tripura,166,Moderate,65.7,122.2,26.3,9.1,1.01,56.4,2025,June,11
11-06-2025,Uttar Pradesh,143,Moderate,57.1,96.4,24.2,7.7,0.72,57.7,2025,June,11
11-06-2025,Uttarakhand,131,Moderate,52.4,87.5,20,5.7,0.81,63.9,2025,June,11
11-06-2025,West Bengal,108,Moderate,39.5,73.7,14.9,5.9,0.5,65.8,2025,June,11
12-06-2025,Andhra Pradesh,133,Moderate,59.2,103.4,21.1,5.7,0.84,57.5,2025,June,12
12-06-2025,Arunachal Pradesh,108,Moderate,42.1,75.6,17.4,6.2,0.61,58.7,2025,June,12
12-06-2025,Assam,163,Moderate,72.4,111.2,28.6,8.1,0.91,54.6,2025,June,12
12-06-2025,Bihar,122,Moderate,56.2,80.4,22.5,6,0.72,58.8,2025,June,12
12-06-2025,Chhattisgarh,125,Moderate,55.9,84.6,18.1,6.2,0.72,57.5,2025,June,12
12-06-2025,Goa,109,Moderate,51.6,87.4,20.1,4.8,0.71,61.6,2025,June,12
12-06-2025,Gujarat,116,Moderate,50.5,81.6,18.2,5.3,0.74,65.3,2025,June,12
12-06-2025,Haryana,115,Moderate,46.3,91.4,18.6,5.5,0.59,62.3,2025,June,12
12-06-2025,Himachal Pradesh,151,Moderate,64.9,112,23.7,8.2,0.83,62.5,2025,June,12
12-06-2025,Jharkhand,185,Moderate,72.8,142.1,26.6,8.9,1.02,59.5,2025,June,12
12-06-2025,Karnataka,107,Moderate,46.7,71,16.3,5.4,0.59,61.7,2025,June,12
12-06-2025,Kerala,132,Moderate,56.3,98,18.3,7.4,0.72,54.9,2025,June,12
12-06-2025,Madhya Pradesh,114,Moderate,49,72.1,19.8,6.2,0.68,65.8,2025,June,12
12-06-2025,Maharashtra,141,Moderate,58.4,103.5,21.6,7.7,0.86,60.1,2025,June,12
12-06-2025,Manipur,175,Moderate,72.2,128,29.9,8.2,0.97,57.6,2025,June,12
12-06-2025,Meghalaya,105,Moderate,42.6,79.5,14.1,4.3,0.63,65.2,2025,June,12
12-06-2025,Mizoram,163,Moderate,67.8,126.7,26.2,8.4,0.87,60.4,2025,June,12
12-06-2025,Nagaland,172,Moderate,72.1,118.6,30.4,8.4,1.05,56.8,2025,June,12
12-06-2025,Odisha,126,Moderate,50.3,90.8,18.3,5.9,0.63,62.1,2025,June,12
12-06-2025,Punjab,168,Moderate,74.7,124.8,28.8,7.7,0.91,55.1,2025,June,12
12-06-2025,Rajasthan,68,Satisfactory,25.9,50.5,13.4,3.4,0.33,67.1,2025,June,12
12-06-2025,Sikkim,165,Moderate,74.3,125.1,29.3,7.5,0.97,52.9,2025,June,12
12-06-2025,Tamil Nadu,157,Moderate,63.7,109.3,26.1,8.5,0.84,55,2025,June,12
12-06-2025,Telangana,106,Moderate,44.9,77.3,15.1,5.3,0.57,63.5,2025,June,12
12-06-2025,Tripura,140,Moderate,56.1,95.8,25,6.6,0.79,58.6,2025,June,12
12-06-2025,Uttar Pradesh,180,Moderate,81.5,119.9,29.3,9.5,1.07,52.6,2025,June,12
12-06-2025,Uttarakhand,121,Moderate,50.2,82.4,19.3,5.8,0.6,65.2,2025,June,12
12-06-2025,West Bengal,116,Moderate,43.4,79.8,15.8,5.5,0.57,58.5,2025,June,12
13-06-2025,Andhra Pradesh,170,Moderate,67.8,123.9,29,8.2,1.02,59.1,2025,June,13
13-06-2025,Arunachal Pradesh,65,Satisfactory,23.9,40.5,9.6,3.7,0.33,66.2,2025,June,13
13-06-2025,Assam,135,Moderate,58.1,104.8,19.7,6.2,0.69,55.2,2025,June,13
13-06-2025,Bihar,112,Moderate,49.6,78.7,15.6,5.4,0.71,59.5,2025,June,13
13-06-2025,Chhattisgarh,142,Moderate,58.8,92.9,24.4,7.1,0.78,60.4,2025,June,13
13-06-2025,Goa,120,Moderate,49.9,78,19.4,5.1,0.61,64.7,2025,June,13
13-06-2025,Gujarat,111,Moderate,50.9,75.2,17.6,5.9,0.7,61.5,2025,June,13
13-06-2025,Haryana,107,Moderate,46.9,70.8,16.3,4.4,0.53,65,2025,June,13
13-06-2025,Himachal Pradesh,155,Moderate,66.6,106.2,24.8,7.6,0.87,56.1,2025,June,13
13-06-2025,Jharkhand,193,Moderate,86.1,145,32.8,9.1,1,56.2,2025,June,13
13-06-2025,Karnataka,112,Moderate,52.3,83.5,17.6,5.2,0.67,56.2,2025,June,13
13-06-2025,Kerala,167,Moderate,75.7,113.1,27,7.7,0.92,59.7,2025,June,13
13-06-2025,Madhya Pradesh,80,Satisfactory,35.1,61.8,14.1,3.8,0.53,58.7,2025,June,13
13-06-2025,Maharashtra,167,Moderate,65.3,125.3,26.1,7.9,1.01,60.2,2025,June,13
13-06-2025,Manipur,158,Moderate,69.4,117.7,24,7.7,0.81,53.4,2025,June,13
13-06-2025,Meghalaya,142,Moderate,57.7,100.7,23.9,6.8,0.85,63,2025,June,13
13-06-2025,Mizoram,136,Moderate,51.5,99,19.6,6.7,0.71,59.8,2025,June,13
13-06-2025,Nagaland,162,Moderate,65.6,108.8,28.7,7.4,0.88,56.2,2025,June,13
13-06-2025,Odisha,116,Moderate,54.2,74.2,16,5.6,0.58,60.8,2025,June,13
13-06-2025,Punjab,173,Moderate,71.4,121.8,29.7,7.8,0.97,55.7,2025,June,13
13-06-2025,Rajasthan,86,Satisfactory,36.6,52.5,16.7,4.4,0.38,58.4,2025,June,13
13-06-2025,Sikkim,124,Moderate,47.3,95.5,18,6.4,0.78,57.9,2025,June,13
13-06-2025,Tamil Nadu,109,Moderate,46.5,88.4,16.3,4.6,0.62,59.9,2025,June,13
13-06-2025,Telangana,130,Moderate,59.8,89,18.4,5.8,0.73,56.1,2025,June,13
13-06-2025,Tripura,159,Moderate,63.2,122.5,25,7.8,0.86,60.6,2025,June,13
13-06-2025,Uttar Pradesh,144,Moderate,64.9,108.3,21.6,6.8,0.76,56.6,2025,June,13
13-06-2025,Uttarakhand,110,Moderate,43.5,83.3,17.7,5.4,0.53,65.6,2025,June,13
13-06-2025,West Bengal,85,Satisfactory,37.9,66.8,11.9,3.3,0.41,67.1,2025,June,13
14-06-2025,Andhra Pradesh,156,Moderate,67.7,108.5,25.3,6.9,0.91,56.4,2025,June,14
14-06-2025,Arunachal Pradesh,85,Satisfactory,30.5,52.9,14.4,4.1,0.39,61.4,2025,June,14
14-06-2025,Assam,157,Moderate,68.2,103.1,25.9,8.1,0.82,55.3,2025,June,14
14-06-2025,Bihar,115,Moderate,46.5,86.6,19,4.8,0.6,65.1,2025,June,14
14-06-2025,Chhattisgarh,116,Moderate,53.8,78.6,18.3,5.8,0.63,64.5,2025,June,14
14-06-2025,Goa,131,Moderate,59.3,100.5,18,6,0.74,64,2025,June,14
14-06-2025,Gujarat,115,Moderate,45,81.2,15.5,5.9,0.59,57.5,2025,June,14
14-06-2025,Haryana,103,Moderate,44,66.6,17.3,5.1,0.65,65.9,2025,June,14
14-06-2025,Himachal Pradesh,180,Moderate,81.5,133.8,27.7,9.6,1.04,58.8,2025,June,14
14-06-2025,Jharkhand,180,Moderate,77.3,133.6,28,9,1.01,57.6,2025,June,14
14-06-2025,Karnataka,103,Moderate,41.1,67.1,18.1,6.1,0.63,60.2,2025,June,14
14-06-2025,Kerala,130,Moderate,55.8,93.9,19.6,5.5,0.71,59.7,2025,June,14
14-06-2025,Madhya Pradesh,112,Moderate,52.4,78.6,19.2,6.3,0.61,65.7,2025,June,14
14-06-2025,Maharashtra,160,Moderate,66.9,112.1,25.8,7.6,0.92,58.8,2025,June,14
14-06-2025,Manipur,141,Moderate,57.5,106.4,25.1,6.4,0.81,55.1,2025,June,14
14-06-2025,Meghalaya,140,Moderate,55.1,108.2,19.6,6.1,0.8,59.8,2025,June,14
14-06-2025,Mizoram,131,Moderate,51.5,92.8,18.6,6.7,0.76,62.4,2025,June,14
14-06-2025,Nagaland,148,Moderate,60.9,114,22.2,8,0.8,55.5,2025,June,14
14-06-2025,Odisha,122,Moderate,45.8,86.4,19,6,0.68,62,2025,June,14
14-06-2025,Punjab,187,Moderate,74.7,141.9,29.7,8.4,1.09,50.1,2025,June,14
14-06-2025,Rajasthan,108,Moderate,41.9,87.1,16.7,5.4,0.52,64.7,2025,June,14
14-06-2025,Sikkim,140,Moderate,59.3,109.9,25.2,7.2,0.78,58.9,2025,June,14
14-06-2025,Tamil Nadu,155,Moderate,67.1,114.3,25.2,7.6,0.77,54.7,2025,June,14
14-06-2025,Telangana,119,Moderate,52.8,89.2,17.9,6.5,0.66,58.2,2025,June,14
14-06-2025,Tripura,128,Moderate,53,91.7,19.4,5.5,0.69,63.3,2025,June,14
14-06-2025,Uttar Pradesh,170,Moderate,71.5,117,27.4,8.8,1.02,55,2025,June,14
14-06-2025,Uttarakhand,94,Satisfactory,41.5,60.5,15.1,5,0.52,60.4,2025,June,14
14-06-2025,West Bengal,75,Satisfactory,29.8,62.9,13.3,3.1,0.39,65.1,2025,June,14
15-06-2025,Andhra Pradesh,136,Moderate,61.3,89.7,23.9,6,0.77,60.7,2025,June,15
15-06-2025,Arunachal Pradesh,65,Satisfactory,24.4,49.1,8.6,3.9,0.41,67.3,2025,June,15
15-06-2025,Assam,151,Moderate,63.5,118.1,23,7.6,0.91,62.1,2025,June,15
15-06-2025,Bihar,134,Moderate,54.8,106.1,21.2,6.3,0.77,59.9,2025,June,15
15-06-2025,Chhattisgarh,108,Moderate,48.5,70.7,14.6,4.9,0.53,63.1,2025,June,15
15-06-2025,Goa,85,Satisfactory,37.7,54.4,10.8,3.8,0.5,59.4,2025,June,15
15-06-2025,Gujarat,115,Moderate,48.9,79.3,18.8,5,0.64,61.1,2025,June,15
15-06-2025,Haryana,113,Moderate,42.5,90.1,18.7,5.6,0.6,61.7,2025,June,15
15-06-2025,Himachal Pradesh,150,Moderate,64.2,107.3,21.1,6.8,0.89,58.6,2025,June,15
15-06-2025,Jharkhand,150,Moderate,64.7,102.5,26.9,7.1,0.85,58.5,2025,June,15
15-06-2025,Karnataka,88,Satisfactory,33.5,67.6,15.9,3.5,0.54,64.6,2025,June,15
15-06-2025,Kerala,176,Moderate,68.9,121.9,30,7.8,0.98,57.1,2025,June,15
15-06-2025,Madhya Pradesh,84,Satisfactory,35.5,61.2,16.1,3.5,0.56,58.7,2025,June,15
15-06-2025,Maharashtra,161,Moderate,69.1,110.2,28.3,7.3,0.82,60.2,2025,June,15
15-06-2025,Manipur,136,Moderate,61.1,96.8,23.5,6.1,0.67,55.5,2025,June,15
15-06-2025,Meghalaya,138,Moderate,57.3,93.9,20.9,6.7,0.75,63.1,2025,June,15
15-06-2025,Mizoram,149,Moderate,67.8,99.5,21.8,8.4,0.76,61.7,2025,June,15
15-06-2025,Nagaland,161,Moderate,64.4,115.2,28.6,8.8,0.81,60.7,2025,June,15
15-06-2025,Odisha,119,Moderate,54.7,87.8,19.5,6.4,0.68,64.3,2025,June,15
15-06-2025,Punjab,183,Moderate,79.7,135.2,26.3,8.6,0.96,50.7,2025,June,15
15-06-2025,Rajasthan,98,Satisfactory,46.5,72.4,17.3,4.3,0.47,59.9,2025,June,15
15-06-2025,Sikkim,133,Moderate,59.5,101.6,21,6.8,0.8,54.9,2025,June,15
15-06-2025,Tamil Nadu,108,Moderate,47.1,85.7,17.8,6.2,0.69,58.5,2025,June,15
15-06-2025,Telangana,139,Moderate,56.4,105.6,21.5,6.5,0.77,54.9,2025,June,15
15-06-2025,Tripura,132,Moderate,59.7,95.7,20.7,7.3,0.66,55.3,2025,June,15
15-06-2025,Uttar Pradesh,157,Moderate,66,118.8,24.7,7.1,0.86,56.5,2025,June,15
15-06-2025,Uttarakhand,88,Satisfactory,35.6,66.2,11.1,4.2,0.55,62.3,2025,June,15
15-06-2025,West Bengal,81,Satisfactory,39.5,68.1,10.4,4.7,0.4,62.9,2025,June,15
16-06-2025,Andhra Pradesh,159,Moderate,70.7,106.1,25.7,8.4,0.88,60.9,2025,June,16
16-06-2025,Arunachal Pradesh,76,Satisfactory,35.7,59.7,13.6,3.3,0.35,64.4,2025,June,16
16-06-2025,Assam,145,Moderate,64.1,94.9,20.3,7.7,0.88,54,2025,June,16
16-06-2025,Bihar,142,Moderate,60.6,109.2,20.5,7.9,0.8,53.9,2025,June,16
16-06-2025,Chhattisgarh,109,Moderate,44.9,87.7,20,6,0.52,60.8,2025,June,16
16-06-2025,Goa,133,Moderate,60.3,86,21.2,7.5,0.84,59.1,2025,June,16
16-06-2025,Gujarat,92,Satisfactory,44.1,61.6,15.1,4.8,0.58,60.4,2025,June,16
16-06-2025,Haryana,78,Satisfactory,31.7,57.7,12.7,4.8,0.49,65.5,2025,June,16
16-06-2025,Himachal Pradesh,144,Moderate,65.8,112.9,25.2,7.6,0.88,54.3,2025,June,16
16-06-2025,Jharkhand,170,Moderate,68,125.2,25,8.9,0.86,59.4,2025,June,16
16-06-2025,Karnataka,108,Moderate,46.2,72,15,5.9,0.51,59.9,2025,June,16
16-06-2025,Kerala,167,Moderate,72.1,112.6,29.6,8.1,0.97,59.3,2025,June,16
16-06-2025,Madhya Pradesh,100,Satisfactory,37.6,67.9,18.3,5.8,0.54,57.3,2025,June,16
16-06-2025,Maharashtra,165,Moderate,67.1,109.8,26.2,8.4,0.82,54.6,2025,June,16
16-06-2025,Manipur,144,Moderate,64.1,102.1,22.1,6.9,0.88,59.6,2025,June,16
16-06-2025,Meghalaya,108,Moderate,42,78.2,17.4,5.1,0.68,64,2025,June,16
16-06-2025,Mizoram,144,Moderate,62.4,105,23.9,7.1,0.89,63,2025,June,16
16-06-2025,Nagaland,162,Moderate,70.5,111.6,24.1,8.3,0.84,58.6,2025,June,16
16-06-2025,Odisha,127,Moderate,56.8,95.5,19.5,5.9,0.63,61.3,2025,June,16
16-06-2025,Punjab,179,Moderate,76.9,122.7,27.5,8,1.04,55.4,2025,June,16
16-06-2025,Rajasthan,88,Satisfactory,34.4,72,15.7,3.6,0.39,60,2025,June,16
16-06-2025,Sikkim,156,Moderate,69.3,110.4,24.6,7.4,0.83,59.3,2025,June,16
16-06-2025,Tamil Nadu,148,Moderate,61.9,108.5,24.3,7.1,0.92,58.1,2025,June,16
16-06-2025,Telangana,94,Satisfactory,34.7,74.7,16.1,4.2,0.54,64.4,2025,June,16
16-06-2025,Tripura,145,Moderate,55.1,96.4,24.9,7.7,0.87,60.7,2025,June,16
16-06-2025,Uttar Pradesh,169,Moderate,65.1,122.2,24.3,9.2,1,57.9,2025,June,16
16-06-2025,Uttarakhand,113,Moderate,42.7,76.7,19,4.7,0.53,63.2,2025,June,16
16-06-2025,West Bengal,113,Moderate,52.6,89.3,15.5,6.3,0.6,61.9,2025,June,16
17-06-2025,Andhra Pradesh,133,Moderate,59.9,90.6,20.6,7.1,0.67,54.9,2025,June,17
17-06-2025,Arunachal Pradesh,68,Satisfactory,29.8,51.7,10,3,0.39,61.4,2025,June,17
17-06-2025,Assam,148,Moderate,62.9,105.3,23.2,7.7,0.74,61.2,2025,June,17
17-06-2025,Bihar,122,Moderate,51,96.9,16.5,6,0.66,59,2025,June,17
17-06-2025,Chhattisgarh,114,Moderate,50.6,78.3,17.2,4.9,0.71,56.5,2025,June,17
17-06-2025,Goa,123,Moderate,52.6,96.6,21.9,6.5,0.65,59.1,2025,June,17
17-06-2025,Gujarat,102,Moderate,46.6,76.5,13.5,4.5,0.62,59.4,2025,June,17
17-06-2025,Haryana,75,Satisfactory,31,55.9,12.5,4.2,0.51,62.5,2025,June,17
17-06-2025,Himachal Pradesh,179,Moderate,75.7,128.5,29.4,9.9,1,57.7,2025,June,17
17-06-2025,Jharkhand,161,Moderate,73.3,121.2,24.5,8,0.81,61.6,2025,June,17
17-06-2025,Karnataka,89,Satisfactory,38.9,60.6,14.3,5.1,0.46,59.2,2025,June,17
17-06-2025,Kerala,164,Moderate,72.7,121.2,24.3,7.6,0.82,52,2025,June,17
17-06-2025,Madhya Pradesh,105,Moderate,41.4,68.9,14.5,4.9,0.62,56.8,2025,June,17
17-06-2025,Maharashtra,124,Moderate,56,89.6,18.4,5.5,0.74,58.9,2025,June,17
17-06-2025,Manipur,168,Moderate,75.3,123.7,27.1,9.1,0.96,58.5,2025,June,17
17-06-2025,Meghalaya,110,Moderate,42.3,86.2,19.3,5.8,0.61,62.2,2025,June,17
17-06-2025,Mizoram,138,Moderate,63.1,107.6,22.9,6.4,0.78,57.1,2025,June,17
17-06-2025,Nagaland,174,Moderate,67.3,131.2,30.4,8.1,0.98,54.9,2025,June,17
17-06-2025,Odisha,135,Moderate,53.3,87.2,23.8,7.4,0.76,57.6,2025,June,17
17-06-2025,Punjab,176,Moderate,69.6,121.4,27.4,8.4,1.04,51,2025,June,17
17-06-2025,Rajasthan,76,Satisfactory,35.1,44.9,12.8,3.9,0.45,66.5,2025,June,17
17-06-2025,Sikkim,138,Moderate,54.6,108.2,23.1,7.3,0.67,57.4,2025,June,17
17-06-2025,Tamil Nadu,148,Moderate,68,102,25.7,6.5,0.88,60.3,2025,June,17
17-06-2025,Telangana,113,Moderate,43.8,84.7,20.5,6.5,0.69,65.4,2025,June,17
17-06-2025,Tripura,138,Moderate,55.8,90.4,22.6,6.6,0.74,63.2,2025,June,17
17-06-2025,Uttar Pradesh,146,Moderate,65.3,104.3,23,6.7,0.82,58.7,2025,June,17
17-06-2025,Uttarakhand,88,Satisfactory,31.2,68.1,14.9,3.8,0.51,58.3,2025,June,17
17-06-2025,West Bengal,88,Satisfactory,37.2,69.4,16.9,3.7,0.51,61.9,2025,June,17
18-06-2025,Andhra Pradesh,171,Moderate,70.3,126.1,29.7,7.9,0.88,60.8,2025,June,18
18-06-2025,Arunachal Pradesh,91,Satisfactory,39.1,67.8,15,5.3,0.52,63.5,2025,June,18
18-06-2025,Assam,146,Moderate,64.2,114,24.2,6.6,0.74,56.5,2025,June,18
18-06-2025,Bihar,97,Satisfactory,44.9,77.9,17.9,5,0.46,61.2,2025,June,18
18-06-2025,Chhattisgarh,134,Moderate,61.4,90.5,18.9,6.9,0.84,56,2025,June,18
18-06-2025,Goa,133,Moderate,57.6,102,19.4,5.7,0.83,57.5,2025,June,18
18-06-2025,Gujarat,123,Moderate,56.2,88.2,21.1,6.9,0.76,58.9,2025,June,18
18-06-2025,Haryana,68,Satisfactory,28.6,47.4,11.2,3.6,0.29,61.7,2025,June,18
18-06-2025,Himachal Pradesh,180,Moderate,73.8,131.9,31.7,8.7,0.96,54.1,2025,June,18
18-06-2025,Jharkhand,163,Moderate,63.7,127.3,26,8.5,0.94,53.2,2025,June,18
18-06-2025,Karnataka,117,Moderate,52.7,77.3,20.9,5.1,0.57,61.5,2025,June,18
18-06-2025,Kerala,153,Moderate,66.6,112.9,26.5,8.3,0.9,53.9,2025,June,18
18-06-2025,Madhya Pradesh,107,Moderate,40.6,68.9,18.8,6.1,0.67,59.1,2025,June,18
18-06-2025,Maharashtra,173,Moderate,69,128.2,29.5,8.9,0.94,52.8,2025,June,18
18-06-2025,Manipur,147,Moderate,58.9,112.1,25.7,7.9,0.85,62.5,2025,June,18
18-06-2025,Meghalaya,128,Moderate,59.3,100.7,19.4,6.3,0.66,57.2,2025,June,18
18-06-2025,Mizoram,151,Moderate,65.7,105.6,22.5,7.9,0.9,60.1,2025,June,18
18-06-2025,Nagaland,152,Moderate,64,119.1,25,7.6,0.82,60.9,2025,June,18
18-06-2025,Odisha,122,Moderate,52,85,19.4,6.6,0.72,59.4,2025,June,18
18-06-2025,Punjab,177,Moderate,71.1,125.2,26,8.8,0.97,56.3,2025,June,18
18-06-2025,Rajasthan,78,Satisfactory,38.1,63.9,12.1,3.6,0.44,64.2,2025,June,18
18-06-2025,Sikkim,156,Moderate,66.5,116,26.9,8.7,0.89,61,2025,June,18
18-06-2025,Tamil Nadu,135,Moderate,61.8,93.7,20.7,7.3,0.75,57.6,2025,June,18
18-06-2025,Telangana,128,Moderate,59.4,93.5,18.8,5.7,0.75,58,2025,June,18
18-06-2025,Tripura,150,Moderate,67.1,115.1,23.5,7.1,0.84,59.2,2025,June,18
18-06-2025,Uttar Pradesh,149,Moderate,68.3,101.6,25,7.3,0.84,55.7,2025,June,18
18-06-2025,Uttarakhand,126,Moderate,50.3,87.2,22.1,7.1,0.69,58.4,2025,June,18
18-06-2025,West Bengal,72,Satisfactory,26.8,43.4,12,3.8,0.35,63,2025,June,18
19-06-2025,Andhra Pradesh,145,Moderate,57.1,110.2,22.5,7.1,0.72,61.8,2025,June,19
19-06-2025,Arunachal Pradesh,68,Satisfactory,25.3,56,10.4,2.6,0.38,63.6,2025,June,19
19-06-2025,Assam,164,Moderate,66.5,111.9,27.9,8.6,0.84,54,2025,June,19
19-06-2025,Bihar,118,Moderate,46.1,87.3,16.2,5.1,0.7,61.1,2025,June,19
19-06-2025,Chhattisgarh,114,Moderate,45.4,77.6,16.3,6.1,0.54,59.8,2025,June,19
19-06-2025,Goa,121,Moderate,52.2,88.4,20,5.9,0.66,61.8,2025,June,19
19-06-2025,Gujarat,116,Moderate,54.3,86.5,18,5.5,0.71,63.5,2025,June,19
19-06-2025,Haryana,113,Moderate,47.4,86.6,18.4,5.1,0.72,62.3,2025,June,19
19-06-2025,Himachal Pradesh,182,Moderate,79.9,138.6,28.2,8.9,0.99,58.7,2025,June,19
19-06-2025,Jharkhand,182,Moderate,71.8,127.6,30,9.2,1.06,53.8,2025,June,19
19-06-2025,Karnataka,134,Moderate,59.2,102.9,23.1,7.4,0.81,59.5,2025,June,19
19-06-2025,Kerala,157,Moderate,63.6,106.4,23.5,8.3,0.92,59.9,2025,June,19
19-06-2025,Madhya Pradesh,114,Moderate,51.1,87.2,16.7,4.7,0.69,64.8,2025,June,19
19-06-2025,Maharashtra,137,Moderate,58,100.1,24.2,7,0.73,63.7,2025,June,19
19-06-2025,Manipur,164,Moderate,70.1,108.5,27,8.4,0.98,57.9,2025,June,19
19-06-2025,Meghalaya,137,Moderate,54.8,99.3,20.2,6.2,0.66,61.2,2025,June,19
19-06-2025,Mizoram,158,Moderate,61,122,22.5,7.7,0.8,52.6,2025,June,19
19-06-2025,Nagaland,150,Moderate,65.1,109.8,24.7,7,0.85,60.5,2025,June,19
19-06-2025,Odisha,121,Moderate,44.9,82.8,20.4,5.4,0.66,57.7,2025,June,19
19-06-2025,Punjab,175,Moderate,79.1,127.4,28,9.5,1.04,51.2,2025,June,19
19-06-2025,Rajasthan,109,Moderate,47.7,88.2,18.8,5.3,0.61,62.6,2025,June,19
19-06-2025,Sikkim,157,Moderate,67.1,122.1,24.7,7.8,0.92,59.2,2025,June,19
19-06-2025,Tamil Nadu,143,Moderate,57.4,95.6,22.1,6.6,0.87,53.6,2025,June,19
19-06-2025,Telangana,137,Moderate,54.7,97.3,19.4,7.6,0.85,61.1,2025,June,19
19-06-2025,Tripura,139,Moderate,56.8,98.9,22.1,7,0.86,56.7,2025,June,19
19-06-2025,Uttar Pradesh,168,Moderate,65.3,113.1,28,8.3,1.01,58.5,2025,June,19
19-06-2025,Uttarakhand,123,Moderate,52.6,81.3,17.4,6.1,0.78,60.7,2025,June,19
19-06-2025,West Bengal,111,Moderate,50.5,78.3,16.4,6.3,0.53,58.8,2025,June,19
20-06-2025,Andhra Pradesh,136,Moderate,54.2,90.7,22,6.3,0.74,58.2,2025,June,20
20-06-2025,Arunachal Pradesh,98,Satisfactory,39.9,74,13.4,4.9,0.48,62.3,2025,June,20
20-06-2025,Assam,144,Moderate,56.6,105,24.8,7.6,0.72,56.7,2025,June,20
20-06-2025,Bihar,113,Moderate,52.8,86.9,18.1,5.7,0.64,64.4,2025,June,20
20-06-2025,Chhattisgarh,100,Satisfactory,37.2,65.8,17.8,5.4,0.62,65.3,2025,June,20
20-06-2025,Goa,127,Moderate,54.2,83.6,23.2,5.9,0.62,58.6,2025,June,20
20-06-2025,Gujarat,108,Moderate,46.6,71.1,14.5,6.3,0.65,59.8,2025,June,20
20-06-2025,Haryana,80,Satisfactory,29.4,60,14.1,3.9,0.42,64.8,2025,June,20
20-06-2025,Himachal Pradesh,167,Moderate,72.1,126.8,24.3,9.2,0.88,60.7,2025,June,20
20-06-2025,Jharkhand,182,Moderate,75.7,138.2,30.2,8.9,1.01,54.1,2025,June,20
20-06-2025,Karnataka,100,Satisfactory,43,69,16.9,4.5,0.6,57.9,2025,June,20
20-06-2025,Kerala,160,Moderate,66.6,124.3,24.4,9,0.85,54.4,2025,June,20
20-06-2025,Madhya Pradesh,100,Satisfactory,41.7,68.8,15.4,4.7,0.64,57.8,2025,June,20
20-06-2025,Maharashtra,143,Moderate,57.3,100.6,22.2,7.2,0.76,62.2,2025,June,20
20-06-2025,Manipur,171,Moderate,71.2,129.1,27.4,9.2,0.96,60.2,2025,June,20
20-06-2025,Meghalaya,133,Moderate,59,90.1,19.1,6.8,0.69,61.8,2025,June,20
20-06-2025,Mizoram,152,Moderate,66.1,106.7,24.6,7,0.75,53.3,2025,June,20
20-06-2025,Nagaland,164,Moderate,64.8,118.9,27.1,9.1,1.01,53.2,2025,June,20
20-06-2025,Odisha,157,Moderate,70.3,108.3,22.4,8.2,0.91,56.2,2025,June,20
20-06-2025,Punjab,159,Moderate,70.5,108.8,27.6,8.4,0.9,60.6,2025,June,20
20-06-2025,Rajasthan,70,Satisfactory,30.7,51.5,12.3,2.7,0.33,69.2,2025,June,20
20-06-2025,Sikkim,151,Moderate,60.6,109.6,22.8,7.3,0.75,57.8,2025,June,20
20-06-2025,Tamil Nadu,133,Moderate,59.2,90.7,23.8,7.2,0.79,61.9,2025,June,20
20-06-2025,Telangana,124,Moderate,50.9,82.7,18.5,5.8,0.71,56.8,2025,June,20
20-06-2025,Tripura,138,Moderate,63,98.7,21.9,7,0.79,58.8,2025,June,20
20-06-2025,Uttar Pradesh,142,Moderate,62.5,96.8,19.9,7.6,0.8,56.2,2025,June,20
20-06-2025,Uttarakhand,115,Moderate,46,87.9,18.7,5.7,0.6,61.7,2025,June,20
20-06-2025,West Bengal,74,Satisfactory,27.7,45.9,11.1,4.5,0.42,62.2,2025,June,20
21-06-2025,Andhra Pradesh,127,Moderate,51.6,90.6,22.7,7.1,0.69,55.6,2025,June,21
21-06-2025,Arunachal Pradesh,104,Moderate,43.4,65.8,14.5,4.4,0.51,63,2025,June,21
21-06-2025,Assam,146,Moderate,65.5,101.1,22.1,7,0.91,57.6,2025,June,21
21-06-2025,Bihar,119,Moderate,46.6,83.5,17.9,5.6,0.66,55.9,2025,June,21
21-06-2025,Chhattisgarh,123,Moderate,54.7,87.8,19,5.6,0.63,60.1,2025,June,21
21-06-2025,Goa,103,Moderate,43.7,72.3,19.2,4.9,0.52,59,2025,June,21
21-06-2025,Gujarat,110,Moderate,47.6,70.5,20.1,4.9,0.59,57.1,2025,June,21
21-06-2025,Haryana,104,Moderate,42.9,73,17.7,5.2,0.58,57,2025,June,21
21-06-2025,Himachal Pradesh,187,Moderate,82.3,133.5,28.8,9.9,1.08,50.4,2025,June,21
21-06-2025,Jharkhand,190,Moderate,79.6,127.1,32.6,9.5,1.14,50.3,2025,June,21
21-06-2025,Karnataka,87,Satisfactory,37.9,63.7,12.1,3.7,0.39,67.2,2025,June,21
21-06-2025,Kerala,167,Moderate,72.9,130.2,28.3,8.7,0.91,51.7,2025,June,21
21-06-2025,Madhya Pradesh,78,Satisfactory,33.1,66,12.7,4.4,0.36,63.3,2025,June,21
21-06-2025,Maharashtra,133,Moderate,56,91.9,20.8,6.6,0.68,57.4,2025,June,21
21-06-2025,Manipur,171,Moderate,68.4,121,30.3,8.3,0.97,53.8,2025,June,21
21-06-2025,Meghalaya,128,Moderate,54.2,85.7,21,6.9,0.65,57.7,2025,June,21
21-06-2025,Mizoram,122,Moderate,48.7,81.3,16.9,6.2,0.69,57.7,2025,June,21
21-06-2025,Nagaland,181,Moderate,75.1,122.6,30.9,10,1.09,51.1,2025,June,21
21-06-2025,Odisha,146,Moderate,61.5,107.5,23.5,7.7,0.91,57.3,2025,June,21
21-06-2025,Punjab,163,Moderate,64.8,123.3,29,8.3,0.81,59.8,2025,June,21
21-06-2025,Rajasthan,95,Satisfactory,39.4,65.6,17.3,4.6,0.49,65.6,2025,June,21
21-06-2025,Sikkim,156,Moderate,60.4,117.1,26.9,6.9,0.88,58,2025,June,21
21-06-2025,Tamil Nadu,118,Moderate,49,91,16.6,5,0.69,60.4,2025,June,21
21-06-2025,Telangana,117,Moderate,45.7,92,19,5.8,0.71,55.7,2025,June,21
21-06-2025,Tripura,177,Moderate,77.2,129.9,30.6,9.5,0.99,52.8,2025,June,21
21-06-2025,Uttar Pradesh,188,Moderate,73.4,144.3,28.4,10.3,1.01,57.7,2025,June,21
21-06-2025,Uttarakhand,89,Satisfactory,33,71.5,13.8,5.3,0.5,62.8,2025,June,21
21-06-2025,West Bengal,99,Satisfactory,42.1,76.4,13.6,4.9,0.65,60.7,2025,June,21
22-06-2025,Andhra Pradesh,163,Moderate,63.5,116.3,24.8,7.2,0.89,56.1,2025,June,22
22-06-2025,Arunachal Pradesh,115,Moderate,46.8,81.2,19.4,6.2,0.71,56.6,2025,June,22
22-06-2025,Assam,163,Moderate,66.8,120.5,28.6,7.2,0.91,55.8,2025,June,22
22-06-2025,Bihar,100,Satisfactory,44.9,69,15.6,4.4,0.53,60.6,2025,June,22
22-06-2025,Chhattisgarh,116,Moderate,52.8,83.5,19,5.5,0.59,60.6,2025,June,22
22-06-2025,Goa,102,Moderate,37.3,66.2,18.6,4.5,0.65,56.9,2025,June,22
22-06-2025,Gujarat,124,Moderate,48.6,87.3,18.7,5.8,0.7,59,2025,June,22
22-06-2025,Haryana,77,Satisfactory,26.8,55.7,14.7,3.9,0.45,62.9,2025,June,22
22-06-2025,Himachal Pradesh,167,Moderate,74.4,115.6,25.8,8.9,1,54.9,2025,June,22
22-06-2025,Jharkhand,148,Moderate,56.2,98.3,24.2,6.7,0.89,59.3,2025,June,22
22-06-2025,Karnataka,89,Satisfactory,43.2,66.7,16.2,3.7,0.51,64.3,2025,June,22
22-06-2025,Kerala,172,Moderate,69.5,131.7,29.7,8.8,0.95,60.7,2025,June,22
22-06-2025,Madhya Pradesh,103,Moderate,38.3,81,17.8,5.9,0.57,65,2025,June,22
22-06-2025,Maharashtra,162,Moderate,67.8,111.9,24.1,8.7,0.84,57.3,2025,June,22
22-06-2025,Manipur,164,Moderate,70.6,115.7,24.5,8.7,0.98,55.1,2025,June,22
22-06-2025,Meghalaya,142,Moderate,55.7,107.8,22.1,7.4,0.8,55.3,2025,June,22
22-06-2025,Mizoram,160,Moderate,61.4,105.8,27.8,7.2,0.88,53.6,2025,June,22
22-06-2025,Nagaland,159,Moderate,72.3,110.9,27.4,8.9,0.98,58.8,2025,June,22
22-06-2025,Odisha,140,Moderate,57.2,100.3,23.2,7.8,0.75,62.3,2025,June,22
22-06-2025,Punjab,177,Moderate,79.4,122.2,27.9,8.6,1.05,60.5,2025,June,22
22-06-2025,Rajasthan,86,Satisfactory,36.4,70.9,16.2,3.7,0.56,62.9,2025,June,22
22-06-2025,Sikkim,140,Moderate,59.6,108.8,23.1,6,0.69,61.2,2025,June,22
22-06-2025,Tamil Nadu,122,Moderate,54.1,81.9,19.9,6,0.67,59.4,2025,June,22
22-06-2025,Telangana,140,Moderate,58,100.6,21.3,6.9,0.73,55.3,2025,June,22
22-06-2025,Tripura,140,Moderate,53.5,99.8,24.3,6.5,0.82,58.7,2025,June,22
22-06-2025,Uttar Pradesh,172,Moderate,75.7,115.6,29.3,9.3,0.99,52.9,2025,June,22
22-06-2025,Uttarakhand,112,Moderate,50.5,85.7,16.1,5.5,0.72,64.1,2025,June,22
22-06-2025,West Bengal,86,Satisfactory,31.4,63.9,15.3,3.7,0.51,64.8,2025,June,22
23-06-2025,Andhra Pradesh,146,Moderate,58.3,100.3,25.1,7.1,0.84,57.1,2025,June,23
23-06-2025,Arunachal Pradesh,106,Moderate,47,74.4,17.4,4.6,0.55,62,2025,June,23
23-06-2025,Assam,144,Moderate,65.9,98.3,24.3,7.1,0.75,54.4,2025,June,23
23-06-2025,Bihar,111,Moderate,52.3,70.7,19,4.6,0.69,61.7,2025,June,23
23-06-2025,Chhattisgarh,122,Moderate,54.2,78.2,17.6,7,0.62,61.9,2025,June,23
23-06-2025,Goa,125,Moderate,51.8,87.5,22.8,6.5,0.66,60.7,2025,June,23
23-06-2025,Gujarat,117,Moderate,44.1,83,16.6,5.5,0.73,61.2,2025,June,23
23-06-2025,Haryana,89,Satisfactory,36.5,60.7,15.2,5.1,0.4,66.6,2025,June,23
23-06-2025,Himachal Pradesh,155,Moderate,61.3,104.3,22.9,8.5,0.92,60.2,2025,June,23
23-06-2025,Jharkhand,145,Moderate,56.9,96.8,25.8,6.5,0.74,61.8,2025,June,23
23-06-2025,Karnataka,115,Moderate,48.4,86.7,15.5,5.9,0.57,64.3,2025,June,23
23-06-2025,Kerala,148,Moderate,61.7,116.2,24.8,7.9,0.89,59.3,2025,June,23
23-06-2025,Madhya Pradesh,66,Satisfactory,22.7,39.3,10.1,3.5,0.43,62.5,2025,June,23
23-06-2025,Maharashtra,133,Moderate,58.7,99,23.8,6.6,0.8,60.9,2025,June,23
23-06-2025,Manipur,185,Moderate,79.8,126,32.5,8.4,0.99,54.3,2025,June,23
23-06-2025,Meghalaya,102,Moderate,41.1,75.6,14,5.6,0.48,58.8,2025,June,23
23-06-2025,Mizoram,129,Moderate,52.2,95.6,22.9,6.1,0.69,62.4,2025,June,23
23-06-2025,Nagaland,160,Moderate,62.8,118.8,25.6,8,0.79,55.2,2025,June,23
23-06-2025,Odisha,161,Moderate,64.1,120.7,25.7,8,0.88,56.1,2025,June,23
23-06-2025,Punjab,173,Moderate,75,131.2,28.9,7.9,0.91,60.9,2025,June,23
23-06-2025,Rajasthan,78,Satisfactory,34.9,55.5,9.7,4.2,0.47,62.6,2025,June,23
23-06-2025,Sikkim,138,Moderate,61.9,96.2,21.7,7.5,0.74,55.4,2025,June,23
23-06-2025,Tamil Nadu,114,Moderate,53.3,86.7,21.1,6,0.73,60.5,2025,June,23
23-06-2025,Telangana,133,Moderate,50.9,105.5,23.7,7.4,0.76,58.5,2025,June,23
23-06-2025,Tripura,159,Moderate,63,108.1,27.3,8.4,0.83,55.4,2025,June,23
23-06-2025,Uttar Pradesh,165,Moderate,63.6,111.8,28.1,7.6,0.88,53.9,2025,June,23
23-06-2025,Uttarakhand,114,Moderate,51.8,73.1,18.6,6.7,0.54,64.9,2025,June,23
23-06-2025,West Bengal,80,Satisfactory,30,49.4,13.7,4,0.52,61.9,2025,June,23
24-06-2025,Andhra Pradesh,157,Moderate,70.8,105.5,24.8,8.1,0.85,53.1,2025,June,24
24-06-2025,Arunachal Pradesh,81,Satisfactory,31.2,63.2,14.9,4.1,0.42,67.9,2025,June,24
24-06-2025,Assam,166,Moderate,75.2,112.9,23.6,8,1.01,55.8,2025,June,24
24-06-2025,Bihar,125,Moderate,51.6,98.7,22.6,5.8,0.63,57.1,2025,June,24
24-06-2025,Chhattisgarh,135,Moderate,51.4,95.1,21.6,7,0.7,63.3,2025,June,24
24-06-2025,Goa,116,Moderate,50.1,78.4,15.7,6.4,0.56,56.2,2025,June,24
24-06-2025,Gujarat,119,Moderate,46.9,93.8,17.6,6.7,0.69,65.3,2025,June,24
24-06-2025,Haryana,87,Satisfactory,32.8,70.2,15.7,4,0.43,63.3,2025,June,24
24-06-2025,Himachal Pradesh,152,Moderate,68.5,105.5,25.4,8.4,0.87,53.6,2025,June,24
24-06-2025,Jharkhand,152,Moderate,69.7,106.3,22.4,6.7,0.92,62.2,2025,June,24
24-06-2025,Karnataka,121,Moderate,48.8,84.1,19.7,6.4,0.6,56.5,2025,June,24
24-06-2025,Kerala,133,Moderate,53.8,100.4,20.6,7.5,0.69,59,2025,June,24
24-06-2025,Madhya Pradesh,113,Moderate,45.3,73.5,17.8,5.2,0.53,58.5,2025,June,24
24-06-2025,Maharashtra,160,Moderate,62,118.6,26.8,7.1,0.98,61.6,2025,June,24
24-06-2025,Manipur,137,Moderate,57,100.6,21.7,7.7,0.78,60.4,2025,June,24
24-06-2025,Meghalaya,138,Moderate,61.6,106.3,21.3,6.1,0.69,58.1,2025,June,24
24-06-2025,Mizoram,137,Moderate,53.8,107.3,20.4,6.8,0.83,62.9,2025,June,24
24-06-2025,Nagaland,148,Moderate,66.9,107.1,25.6,6.6,0.8,60.3,2025,June,24
24-06-2025,Odisha,137,Moderate,55.8,108.2,20.6,7.1,0.71,63.8,2025,June,24
24-06-2025,Punjab,173,Moderate,73.6,115.9,29.9,8.1,0.98,56.5,2025,June,24
24-06-2025,Rajasthan,102,Moderate,43,70.7,16.9,5.9,0.59,58.3,2025,June,24
24-06-2025,Sikkim,128,Moderate,50.7,89.2,21,5.9,0.68,57.3,2025,June,24
24-06-2025,Tamil Nadu,152,Moderate,57.9,116.1,26.2,7.9,0.81,56.9,2025,June,24
24-06-2025,Telangana,119,Moderate,52,84.3,18.7,5.2,0.7,58.4,2025,June,24
24-06-2025,Tripura,154,Moderate,65.8,118.5,27.5,8.4,0.95,62.1,2025,June,24
24-06-2025,Uttar Pradesh,160,Moderate,62.2,105.4,23,7.2,0.83,55.9,2025,June,24
24-06-2025,Uttarakhand,133,Moderate,50.5,102.5,19.8,7.2,0.69,63.4,2025,June,24
24-06-2025,West Bengal,95,Satisfactory,45.8,74.8,17,4.7,0.62,61,2025,June,24
25-06-2025,Andhra Pradesh,161,Moderate,62.2,113.3,22.8,8.1,0.93,58.9,2025,June,25
25-06-2025,Arunachal Pradesh,104,Moderate,40,81,14.8,4.5,0.62,62.9,2025,June,25
25-06-2025,Assam,149,Moderate,63.6,97.5,24.2,7,0.78,62,2025,June,25
25-06-2025,Bihar,134,Moderate,60.3,102.8,19.2,7.6,0.68,55.9,2025,June,25
25-06-2025,Chhattisgarh,107,Moderate,50,85.7,16.9,4.7,0.58,60.6,2025,June,25
25-06-2025,Goa,123,Moderate,57,97.8,22,6.8,0.62,60.3,2025,June,25
25-06-2025,Gujarat,128,Moderate,54.1,97,19.4,6.6,0.66,58.7,2025,June,25
25-06-2025,Haryana,74,Satisfactory,31.1,57.3,12.6,3.5,0.36,64.9,2025,June,25
25-06-2025,Himachal Pradesh,173,Moderate,69.4,120.2,30,7.7,1,53.4,2025,June,25
25-06-2025,Jharkhand,193,Moderate,75.9,148.3,32.3,10.2,1.08,59.3,2025,June,25
25-06-2025,Karnataka,92,Satisfactory,41.4,58.8,13.6,3.7,0.56,62.4,2025,June,25
25-06-2025,Kerala,146,Moderate,56.3,106.6,24.2,7.8,0.86,53.6,2025,June,25
25-06-2025,Madhya Pradesh,92,Satisfactory,42.2,66.6,14.5,3.8,0.47,64.8,2025,June,25
25-06-2025,Maharashtra,150,Moderate,65.3,109.2,22.5,7.1,0.79,55.3,2025,June,25
25-06-2025,Manipur,174,Moderate,68.3,130.4,26.6,9.2,0.97,57.7,2025,June,25
25-06-2025,Meghalaya,133,Moderate,58.6,105.2,19.1,7.4,0.66,64,2025,June,25
25-06-2025,Mizoram,148,Moderate,59.7,97,23.1,7.4,0.81,59.4,2025,June,25
25-06-2025,Nagaland,183,Moderate,78,137.5,27.6,9.6,0.97,55.6,2025,June,25
25-06-2025,Odisha,156,Moderate,70.1,114.9,25.5,8.4,0.96,57,2025,June,25
25-06-2025,Punjab,142,Moderate,65.2,99.8,20.2,7.1,0.79,62.4,2025,June,25
25-06-2025,Rajasthan,77,Satisfactory,33.5,48.3,14.8,3.6,0.43,67.7,2025,June,25
25-06-2025,Sikkim,148,Moderate,63.7,111.5,24,8.3,0.73,56.2,2025,June,25
25-06-2025,Tamil Nadu,154,Moderate,70,115.6,22.7,7.7,0.77,52.7,2025,June,25
25-06-2025,Telangana,112,Moderate,41.7,75.4,16.3,6.3,0.63,61.2,2025,June,25
25-06-2025,Tripura,170,Moderate,69.7,112.9,29.4,7.7,0.98,57.7,2025,June,25
25-06-2025,Uttar Pradesh,189,Moderate,76.7,143.2,28.8,8.9,1.07,50.6,2025,June,25
25-06-2025,Uttarakhand,118,Moderate,50,87.6,19,5.8,0.73,58.8,2025,June,25
25-06-2025,West Bengal,114,Moderate,52.1,90.1,19.2,6.2,0.63,63.4,2025,June,25
26-06-2025,Andhra Pradesh,138,Moderate,57.1,105.1,21.1,7.4,0.69,61.2,2025,June,26
26-06-2025,Arunachal Pradesh,103,Moderate,45.9,79.5,17.4,4.2,0.67,59.6,2025,June,26
26-06-2025,Assam,169,Moderate,76.6,130.2,26.6,9,0.84,51.6,2025,June,26
26-06-2025,Bihar,104,Moderate,39.8,81.8,14.5,5.6,0.61,57.7,2025,June,26
26-06-2025,Chhattisgarh,99,Satisfactory,39.7,68.7,13,5.7,0.49,66.1,2025,June,26
26-06-2025,Goa,91,Satisfactory,39.8,67.9,15.8,4.7,0.42,64.8,2025,June,26
26-06-2025,Gujarat,82,Satisfactory,38.7,63.9,13,3.2,0.39,65.4,2025,June,26
26-06-2025,Haryana,108,Moderate,42.7,86.2,18.1,5.9,0.69,63.8,2025,June,26
26-06-2025,Himachal Pradesh,155,Moderate,70.2,105.6,26.3,7.7,0.8,59.2,2025,June,26
26-06-2025,Jharkhand,153,Moderate,65.3,111.5,24.7,7.1,0.87,57.1,2025,June,26
26-06-2025,Karnataka,124,Moderate,50.3,82.9,20.6,5.8,0.65,63.6,2025,June,26
26-06-2025,Kerala,142,Moderate,59.5,106.9,23.9,7.8,0.88,63.6,2025,June,26
26-06-2025,Madhya Pradesh,107,Moderate,48.3,84.7,15.2,4.5,0.51,56.9,2025,June,26
26-06-2025,Maharashtra,169,Moderate,72.7,112.7,29.5,8.3,1.02,58.7,2025,June,26
26-06-2025,Manipur,169,Moderate,76.5,118,26.3,8.1,0.89,56.8,2025,June,26
26-06-2025,Meghalaya,139,Moderate,56.9,104.7,22.4,6.3,0.77,58.1,2025,June,26
26-06-2025,Mizoram,159,Moderate,67.5,110.5,25.2,7,0.86,57.1,2025,June,26
26-06-2025,Nagaland,139,Moderate,56.5,92.9,22.8,6.9,0.86,60.4,2025,June,26
26-06-2025,Odisha,117,Moderate,46.6,83.3,17,6.1,0.62,62.8,2025,June,26
26-06-2025,Punjab,156,Moderate,69.6,116.4,27.3,8.4,0.82,56.9,2025,June,26
26-06-2025,Rajasthan,78,Satisfactory,34.3,59.8,14.8,2.9,0.39,60.3,2025,June,26
26-06-2025,Sikkim,165,Moderate,71.9,119.4,25.4,7.4,0.95,52.7,2025,June,26
26-06-2025,Tamil Nadu,138,Moderate,59.4,105.7,22,7.7,0.78,60.8,2025,June,26
26-06-2025,Telangana,102,Moderate,41.7,83.1,15.6,4.5,0.57,58.7,2025,June,26
26-06-2025,Tripura,128,Moderate,57.3,88.3,21.5,5.5,0.67,57.1,2025,June,26
26-06-2025,Uttar Pradesh,183,Moderate,75.4,128.8,30.2,8.4,0.98,59.6,2025,June,26
26-06-2025,Uttarakhand,88,Satisfactory,35.8,66.5,16,3.7,0.44,58.1,2025,June,26
26-06-2025,West Bengal,96,Satisfactory,45.4,78.7,14,4.8,0.49,58.2,2025,June,26
27-06-2025,Andhra Pradesh,128,Moderate,57.1,86.5,18.4,5.7,0.66,60.3,2025,June,27
27-06-2025,Arunachal Pradesh,102,Moderate,43.9,70.9,18,4.2,0.56,66.4,2025,June,27
27-06-2025,Assam,159,Moderate,64.3,110.2,24.2,7.2,0.81,56.3,2025,June,27
27-06-2025,Bihar,103,Moderate,45.2,76.3,13.5,5.2,0.62,64.2,2025,June,27
27-06-2025,Chhattisgarh,105,Moderate,46.8,80.3,19.1,6.1,0.68,63.8,2025,June,27
27-06-2025,Goa,119,Moderate,49.1,85.6,17.1,6.9,0.75,62.9,2025,June,27
27-06-2025,Gujarat,115,Moderate,48.4,84,21.2,5.2,0.65,58,2025,June,27
27-06-2025,Haryana,78,Satisfactory,29.8,53.9,11.9,4.4,0.51,59,2025,June,27
27-06-2025,Himachal Pradesh,150,Moderate,63.6,107.6,24.5,7.9,0.74,59.5,2025,June,27
27-06-2025,Jharkhand,175,Moderate,79.4,117,27.9,9.7,0.98,60.5,2025,June,27
27-06-2025,Karnataka,124,Moderate,48.1,83.8,21.1,5.8,0.75,59.6,2025,June,27
27-06-2025,Kerala,174,Moderate,77.7,117.4,27,8.5,1.06,57.1,2025,June,27
27-06-2025,Madhya Pradesh,108,Moderate,43.2,87,14.9,5.7,0.65,57.5,2025,June,27
27-06-2025,Maharashtra,144,Moderate,61.9,101.6,20.4,7.9,0.74,59.7,2025,June,27
27-06-2025,Manipur,146,Moderate,57.1,110.2,20.5,7.6,0.8,62,2025,June,27
27-06-2025,Meghalaya,102,Moderate,46.4,77.8,16.7,5.7,0.48,59.4,2025,June,27
27-06-2025,Mizoram,118,Moderate,44.6,87.4,17.2,6.6,0.73,61.2,2025,June,27
27-06-2025,Nagaland,155,Moderate,67.6,112.2,23.5,8.1,0.8,58.8,2025,June,27
27-06-2025,Odisha,159,Moderate,67.2,112.8,25.1,7.8,0.9,55.6,2025,June,27
27-06-2025,Punjab,175,Moderate,72,116.9,26.9,8.2,1.06,59.6,2025,June,27
27-06-2025,Rajasthan,94,Satisfactory,39.6,63.7,12.6,4.9,0.6,62.6,2025,June,27
27-06-2025,Sikkim,140,Moderate,54.9,110.6,19.4,6.2,0.8,63.3,2025,June,27
27-06-2025,Tamil Nadu,156,Moderate,70.4,116.2,25,8.3,0.77,58.2,2025,June,27
27-06-2025,Telangana,138,Moderate,54.7,103.6,20.2,7.1,0.78,62.7,2025,June,27
27-06-2025,Tripura,141,Moderate,62.6,99.4,19.8,7.1,0.76,57,2025,June,27
27-06-2025,Uttar Pradesh,153,Moderate,60.9,106.4,23.1,8.5,0.93,62.3,2025,June,27
27-06-2025,Uttarakhand,103,Moderate,47.5,82.3,18.6,5.2,0.52,65.1,2025,June,27
27-06-2025,West Bengal,109,Moderate,50.2,72.1,18.1,6,0.57,59.9,2025,June,27
28-06-2025,Andhra Pradesh,142,Moderate,56.7,101.7,23.8,6.8,0.77,56.5,2025,June,28
28-06-2025,Arunachal Pradesh,110,Moderate,42.4,73.5,20.1,4.5,0.54,64.6,2025,June,28
28-06-2025,Assam,146,Moderate,66.1,98.1,21.5,7.2,0.72,59.9,2025,June,28
28-06-2025,Bihar,113,Moderate,49.5,79.3,20,5.6,0.53,62.6,2025,June,28
28-06-2025,Chhattisgarh,100,Satisfactory,40.3,64.5,18.6,5.8,0.56,62.2,2025,June,28
28-06-2025,Goa,94,Satisfactory,43.2,72.4,16.4,5.3,0.55,60.7,2025,June,28
28-06-2025,Gujarat,102,Moderate,38.5,80.4,16.9,4.4,0.66,64.2,2025,June,28
28-06-2025,Haryana,97,Satisfactory,41.8,72.5,13.8,5.5,0.49,64.4,2025,June,28
28-06-2025,Himachal Pradesh,189,Moderate,77.4,137.4,27.5,10,1.05,51.8,2025,June,28
28-06-2025,Jharkhand,187,Moderate,74,140.9,27.8,9.6,1.02,57,2025,June,28
28-06-2025,Karnataka,114,Moderate,52.1,88,18.4,6.3,0.58,56.8,2025,June,28
28-06-2025,Kerala,155,Moderate,63.4,104.4,27,8.6,0.81,53.9,2025,June,28
28-06-2025,Madhya Pradesh,81,Satisfactory,33.4,64,10.8,3.5,0.53,59.6,2025,June,28
28-06-2025,Maharashtra,174,Moderate,72.7,126,26.5,8.7,0.92,56.3,2025,June,28
28-06-2025,Manipur,142,Moderate,65.2,95.1,21.6,6.5,0.84,60.3,2025,June,28
28-06-2025,Meghalaya,139,Moderate,64,102.7,23,6.8,0.79,55.8,2025,June,28
28-06-2025,Mizoram,155,Moderate,61.9,120.8,24.9,8.4,0.84,62.4,2025,June,28
28-06-2025,Nagaland,153,Moderate,59.1,111.8,26.5,7.1,0.8,55.9,2025,June,28
28-06-2025,Odisha,130,Moderate,51.1,88.1,18.7,7.2,0.8,58.2,2025,June,28
28-06-2025,Punjab,147,Moderate,66.4,114.9,21.2,7.7,0.82,62.7,2025,June,28
28-06-2025,Rajasthan,93,Satisfactory,41.4,76.6,13.6,5.6,0.5,62.6,2025,June,28
28-06-2025,Sikkim,131,Moderate,60.2,93.2,18.6,6.6,0.67,56.5,2025,June,28
28-06-2025,Tamil Nadu,131,Moderate,55.7,85.7,18.9,6.1,0.73,61.6,2025,June,28
28-06-2025,Telangana,114,Moderate,52.5,76.8,17.5,6.6,0.6,58.5,2025,June,28
28-06-2025,Tripura,157,Moderate,61.2,122.3,26.2,7.4,0.78,57.1,2025,June,28
28-06-2025,Uttar Pradesh,172,Moderate,76.8,118.2,27,8.2,0.91,57.5,2025,June,28
28-06-2025,Uttarakhand,118,Moderate,46.1,85.8,17.2,5.9,0.66,59.2,2025,June,28
28-06-2025,West Bengal,101,Moderate,45.6,69.5,17.8,4.9,0.47,62.5,2025,June,28
29-06-2025,Andhra Pradesh,140,Moderate,58.7,99.6,21.8,6.5,0.73,56.2,2025,June,29
29-06-2025,Arunachal Pradesh,90,Satisfactory,31.8,74,14.5,5.2,0.55,64.9,2025,June,29
29-06-2025,Assam,148,Moderate,58.7,108,25,8.3,0.82,57.8,2025,June,29
29-06-2025,Bihar,118,Moderate,46.8,88.3,21,5.9,0.62,61.5,2025,June,29
29-06-2025,Chhattisgarh,127,Moderate,47.9,94.8,21.6,5.8,0.61,59.7,2025,June,29
29-06-2025,Goa,118,Moderate,47.4,75.9,20.4,5.9,0.73,64.7,2025,June,29
29-06-2025,Gujarat,123,Moderate,50.5,83,19.8,6.8,0.7,62.3,2025,June,29
29-06-2025,Haryana,86,Satisfactory,39.3,52.1,13.9,4.6,0.49,67.9,2025,June,29
29-06-2025,Himachal Pradesh,161,Moderate,65.8,119.5,23.4,7.8,0.91,58.4,2025,June,29
29-06-2025,Jharkhand,185,Moderate,83.3,135.1,29.2,9.7,1.04,57.2,2025,June,29
29-06-2025,Karnataka,99,Satisfactory,44.2,73.6,15.9,5.5,0.5,64,2025,June,29
29-06-2025,Kerala,160,Moderate,63.6,119.5,25,8.6,0.84,53.9,2025,June,29
29-06-2025,Madhya Pradesh,92,Satisfactory,39.5,56.8,15.8,5.6,0.57,60.8,2025,June,29
29-06-2025,Maharashtra,173,Moderate,67.7,120.1,30.5,8.7,0.95,54.4,2025,June,29
29-06-2025,Manipur,172,Moderate,69.6,118,27.6,9,1.04,55,2025,June,29
29-06-2025,Meghalaya,93,Satisfactory,33.7,76.8,17.2,5.1,0.44,61.1,2025,June,29
29-06-2025,Mizoram,127,Moderate,59.3,87.1,21.1,6.6,0.69,60.4,2025,June,29
29-06-2025,Nagaland,172,Moderate,76,130.8,28.9,8,1,56.4,2025,June,29
29-06-2025,Odisha,118,Moderate,47.1,87.8,21.1,5,0.68,57.5,2025,June,29
29-06-2025,Punjab,168,Moderate,65.2,128.4,27.9,7.4,0.94,61.4,2025,June,29
29-06-2025,Rajasthan,82,Satisfactory,37.8,68.9,13.8,4.9,0.54,58.9,2025,June,29
29-06-2025,Sikkim,151,Moderate,69.2,106.7,24,8.5,0.84,61.5,2025,June,29
29-06-2025,Tamil Nadu,147,Moderate,56.2,105.9,26.1,6.9,0.76,55.7,2025,June,29
29-06-2025,Telangana,97,Satisfactory,42.7,72.1,15.1,5.1,0.48,60.1,2025,June,29
29-06-2025,Tripura,136,Moderate,55.4,102.1,23.6,6.2,0.73,55.6,2025,June,29
29-06-2025,Uttar Pradesh,161,Moderate,69.5,111.8,27.3,8.7,0.81,60.7,2025,June,29
29-06-2025,Uttarakhand,132,Moderate,56.9,97.1,23,6.6,0.69,59.8,2025,June,29
29-06-2025,West Bengal,102,Moderate,40.1,81.6,18.5,5.7,0.58,62.5,2025,June,29
30-06-2025,Andhra Pradesh,151,Moderate,63.1,100.7,23.7,6.8,0.94,57.7,2025,June,30
30-06-2025,Arunachal Pradesh,68,Satisfactory,31.8,47.5,11.4,4.1,0.4,60.6,2025,June,30
30-06-2025,Assam,131,Moderate,51.2,99.4,22.9,6.6,0.78,61.2,2025,June,30
30-06-2025,Bihar,136,Moderate,52.1,89.4,22.3,7.2,0.74,54.2,2025,June,30
30-06-2025,Chhattisgarh,93,Satisfactory,37.9,76.7,16.3,5,0.47,61.7,2025,June,30
30-06-2025,Goa,93,Satisfactory,38.8,67.7,12.4,4.4,0.61,65,2025,June,30
30-06-2025,Gujarat,93,Satisfactory,39.1,58,13.1,5.6,0.57,62.4,2025,June,30
30-06-2025,Haryana,106,Moderate,42.6,79.4,16.2,4.7,0.67,62.5,2025,June,30
30-06-2025,Himachal Pradesh,181,Moderate,78.6,129.9,28.5,8.9,1.02,50.9,2025,June,30
30-06-2025,Jharkhand,164,Moderate,69.7,125,29.2,8.1,0.9,55.8,2025,June,30
30-06-2025,Karnataka,89,Satisfactory,34.4,56.6,14.6,4.3,0.53,59.9,2025,June,30
30-06-2025,Kerala,168,Moderate,73.5,117.1,24.6,9.2,0.84,54.1,2025,June,30
30-06-2025,Madhya Pradesh,77,Satisfactory,30.5,59.3,11.8,3.6,0.35,64.9,2025,June,30
30-06-2025,Maharashtra,127,Moderate,53.8,85.1,21,6.1,0.75,60.8,2025,June,30
30-06-2025,Manipur,138,Moderate,53.2,97.4,19.8,7.1,0.73,55.3,2025,June,30
30-06-2025,Meghalaya,128,Moderate,55.1,91,19.1,6.9,0.65,64.4,2025,June,30
30-06-2025,Mizoram,125,Moderate,52.6,90.5,21.5,5.4,0.61,64.1,2025,June,30
30-06-2025,Nagaland,152,Moderate,69.6,116.8,26.4,6.9,0.88,61.5,2025,June,30
30-06-2025,Odisha,127,Moderate,52,98,21.1,6.7,0.79,57.5,2025,June,30
30-06-2025,Punjab,149,Moderate,66.5,114.1,24.3,6.7,0.8,55.7,2025,June,30
30-06-2025,Rajasthan,102,Moderate,45.2,70.8,18,5.9,0.55,57.6,2025,June,30
30-06-2025,Sikkim,167,Moderate,70.9,126.6,28.4,8.7,0.94,60,2025,June,30
30-06-2025,Tamil Nadu,138,Moderate,55.4,98.1,24,6.9,0.79,61.8,2025,June,30
30-06-2025,Telangana,122,Moderate,52.9,84.7,22.1,6.8,0.68,61.9,2025,June,30
30-06-2025,Tripura,172,Moderate,72.8,130.3,29.2,9.5,0.97,58.3,2025,June,30
30-06-2025,Uttar Pradesh,148,Moderate,56.3,102.4,24.4,7.3,0.85,61.6,2025,June,30
30-06-2025,Uttarakhand,131,Moderate,51.1,103.7,20.8,7.1,0.8,57.7,2025,June,30
30-06-2025,West Bengal,88,Satisfactory,38.1,62.7,14.5,5.2,0.48,63.3,2025,June,30
01-07-2025,Andhra Pradesh,120,Moderate,46.2,90,19.2,5.7,0.74,63.9,2025,July,1
01-07-2025,Arunachal Pradesh,68,Satisfactory,34.6,58.7,11.4,3.7,0.44,60,2025,July,1
01-07-2025,Assam,112,Moderate,46.3,72.5,16.6,5.1,0.56,65.4,2025,July,1
01-07-2025,Bihar,115,Moderate,46.4,77.9,21.4,5.3,0.68,56.9,2025,July,1
01-07-2025,Chhattisgarh,83,Satisfactory,34.2,56.8,11.2,5,0.44,66.8,2025,July,1
01-07-2025,Goa,93,Satisfactory,36.7,59,17.6,3.7,0.59,61.5,2025,July,1
01-07-2025,Gujarat,105,Moderate,38.7,79.7,14.8,4.8,0.62,63,2025,July,1
01-07-2025,Haryana,80,Satisfactory,31,50.7,14.8,4.9,0.5,68.3,2025,July,1
01-07-2025,Himachal Pradesh,156,Moderate,62.5,114.5,26.2,7.3,0.8,58.2,2025,July,1
01-07-2025,Jharkhand,128,Moderate,51.6,87.9,20.8,5.5,0.75,56.7,2025,July,1
01-07-2025,Karnataka,63,Satisfactory,27.2,43,7.7,2.6,0.26,60.8,2025,July,1
01-07-2025,Kerala,153,Moderate,69,112.1,22.5,6.7,0.9,60.6,2025,July,1
01-07-2025,Madhya Pradesh,88,Satisfactory,39.3,60.4,12.2,4.8,0.4,66.5,2025,July,1
01-07-2025,Maharashtra,132,Moderate,53.7,87.3,20.5,5.6,0.8,61.1,2025,July,1
01-07-2025,Manipur,159,Moderate,71,124.1,27.1,7.4,0.79,54.6,2025,July,1
01-07-2025,Meghalaya,115,Moderate,45.7,87.6,20.8,5.6,0.61,60,2025,July,1
01-07-2025,Mizoram,115,Moderate,44.6,77.7,20.2,6.1,0.66,63.6,2025,July,1
01-07-2025,Nagaland,146,Moderate,57.6,107.6,23.5,6.5,0.91,58.6,2025,July,1
01-07-2025,Odisha,102,Moderate,45.6,75.2,15.8,5.6,0.61,64.8,2025,July,1
01-07-2025,Punjab,125,Moderate,51.7,95.9,20,5.4,0.78,57.9,2025,July,1
01-07-2025,Rajasthan,63,Satisfactory,24.8,45.5,7.6,3.5,0.31,66,2025,July,1
01-07-2025,Sikkim,148,Moderate,56.6,115.2,24.6,6.9,0.88,54.2,2025,July,1
01-07-2025,Tamil Nadu,114,Moderate,53,72.8,16,5.9,0.61,62.1,2025,July,1
01-07-2025,Telangana,68,Satisfactory,23.8,55.3,8.3,2.9,0.46,61.1,2025,July,1
01-07-2025,Tripura,138,Moderate,60.2,89.4,21.5,6.9,0.82,54.2,2025,July,1
01-07-2025,Uttar Pradesh,128,Moderate,49.2,98.6,18.3,6,0.64,58.9,2025,July,1
01-07-2025,Uttarakhand,63,Satisfactory,30.4,43.7,12.4,2.4,0.35,66.4,2025,July,1
01-07-2025,West Bengal,51,Satisfactory,17.2,31.8,6.7,2.3,0.25,62.2,2025,July,1
02-07-2025,Andhra Pradesh,99,Satisfactory,46.1,80.1,17.7,5.5,0.57,60.9,2025,July,2
02-07-2025,Arunachal Pradesh,44,Good,24.1,39.8,7.1,1.9,0.33,66.8,2025,July,2
02-07-2025,Assam,122,Moderate,45.7,85.4,17.8,5.7,0.69,55.4,2025,July,2
02-07-2025,Bihar,99,Satisfactory,43.8,74.4,16.3,4.8,0.64,64.3,2025,July,2
02-07-2025,Chhattisgarh,111,Moderate,45.4,86.3,18,4.6,0.61,59.1,2025,July,2
02-07-2025,Goa,102,Moderate,43.9,68.3,18.8,4.5,0.55,57.3,2025,July,2
02-07-2025,Gujarat,104,Moderate,40.7,83.5,15.3,5.1,0.5,60.6,2025,July,2
02-07-2025,Haryana,53,Satisfactory,24.7,41.9,11.3,3.4,0.23,67.6,2025,July,2
02-07-2025,Himachal Pradesh,122,Moderate,52.7,89.3,17.2,5.8,0.66,55.6,2025,July,2
02-07-2025,Jharkhand,152,Moderate,68.1,108.1,23.7,8.4,0.91,58.4,2025,July,2
02-07-2025,Karnataka,63,Satisfactory,30,48.5,7.3,3.9,0.35,60.9,2025,July,2
02-07-2025,Kerala,132,Moderate,50,89.3,20.1,7.1,0.67,62.6,2025,July,2
02-07-2025,Madhya Pradesh,47,Good,21,36.2,6.5,3.1,0.36,62.9,2025,July,2
02-07-2025,Maharashtra,119,Moderate,49.5,86.2,20.7,6.3,0.6,63.7,2025,July,2
02-07-2025,Manipur,117,Moderate,46.9,92.4,19.2,5.3,0.59,56.5,2025,July,2
02-07-2025,Meghalaya,67,Satisfactory,22.3,52.4,9.4,3.5,0.28,60.7,2025,July,2
02-07-2025,Mizoram,133,Moderate,56.5,96.9,22.4,6.4,0.83,63.1,2025,July,2
02-07-2025,Nagaland,113,Moderate,47.8,87.5,15.3,5.9,0.57,61.3,2025,July,2
02-07-2025,Odisha,92,Satisfactory,36,75.1,13.3,5.4,0.55,66.8,2025,July,2
02-07-2025,Punjab,164,Moderate,73.2,118.9,28.3,8.3,0.89,56.3,2025,July,2
02-07-2025,Rajasthan,86,Satisfactory,35.7,58.9,16.6,3.7,0.57,59.3,2025,July,2
02-07-2025,Sikkim,113,Moderate,43.1,75.4,15.1,5.2,0.67,60.4,2025,July,2
02-07-2025,Tamil Nadu,118,Moderate,46.2,90.8,21.8,6.4,0.57,60.5,2025,July,2
02-07-2025,Telangana,95,Satisfactory,38.6,66.4,17.7,3.8,0.62,66.5,2025,July,2
02-07-2025,Tripura,124,Moderate,50.8,82,19.5,7,0.76,63.8,2025,July,2
02-07-2025,Uttar Pradesh,135,Moderate,54.4,103.4,21.8,7.3,0.79,54.7,2025,July,2
02-07-2025,Uttarakhand,66,Satisfactory,28.3,38.7,11,2.9,0.3,67.8,2025,July,2
02-07-2025,West Bengal,41,Good,22.6,34.5,7.8,2.7,0.28,63.9,2025,July,2
03-07-2025,Andhra Pradesh,102,Moderate,44.4,66.8,17.8,5,0.59,59.5,2025,July,3
03-07-2025,Arunachal Pradesh,73,Satisfactory,36.3,54.7,12,2.8,0.43,60.7,2025,July,3
03-07-2025,Assam,145,Moderate,61.6,106.7,22.9,7.3,0.74,59.3,2025,July,3
03-07-2025,Bihar,107,Moderate,47,87,19.4,6.1,0.69,60.3,2025,July,3
03-07-2025,Chhattisgarh,100,Satisfactory,36,62.6,17.6,5.8,0.57,62.5,2025,July,3
03-07-2025,Goa,107,Moderate,46.1,77.1,18.1,4.5,0.52,65,2025,July,3
03-07-2025,Gujarat,57,Satisfactory,24.5,42.6,9.4,2.1,0.39,67,2025,July,3
03-07-2025,Haryana,72,Satisfactory,29.9,57.9,10.9,4.5,0.35,65.3,2025,July,3
03-07-2025,Himachal Pradesh,127,Moderate,49.5,94,20.3,5.8,0.61,62.6,2025,July,3
03-07-2025,Jharkhand,147,Moderate,58.9,102.7,23.9,6.8,0.77,59.4,2025,July,3
03-07-2025,Karnataka,104,Moderate,39.2,65.9,13.8,4.8,0.66,62.1,2025,July,3
03-07-2025,Kerala,154,Moderate,68.7,104.7,21.8,8.7,0.9,59.4,2025,July,3
03-07-2025,Madhya Pradesh,67,Satisfactory,33,41.1,11.6,4.3,0.36,63.3,2025,July,3
03-07-2025,Maharashtra,126,Moderate,50.5,91.4,17.2,5.8,0.79,63.6,2025,July,3
03-07-2025,Manipur,120,Moderate,52.7,78.6,17.4,6.3,0.64,63.1,2025,July,3
03-07-2025,Meghalaya,75,Satisfactory,33.5,44.1,13.7,3.4,0.37,67.3,2025,July,3
03-07-2025,Mizoram,113,Moderate,52.6,85.4,15.6,4.8,0.58,62.2,2025,July,3
03-07-2025,Nagaland,144,Moderate,59.8,95.1,23.2,7,0.88,63.1,2025,July,3
03-07-2025,Odisha,96,Satisfactory,39.8,64.7,16.7,5.3,0.46,58.7,2025,July,3
03-07-2025,Punjab,160,Moderate,71.7,105.6,23.4,8.9,0.85,55.5,2025,July,3
03-07-2025,Rajasthan,49,Good,15.2,42.9,5.9,3.4,0.18,61.2,2025,July,3
03-07-2025,Sikkim,139,Moderate,62.3,107.9,24.4,7.3,0.68,58.5,2025,July,3
03-07-2025,Tamil Nadu,99,Satisfactory,40.8,76.3,17.7,5.4,0.47,64.9,2025,July,3
03-07-2025,Telangana,106,Moderate,48.1,84.1,19.8,6.2,0.68,63.3,2025,July,3
03-07-2025,Tripura,128,Moderate,54.1,84.7,17.7,7.3,0.74,62.4,2025,July,3
03-07-2025,Uttar Pradesh,132,Moderate,51.5,87.3,18.3,6.1,0.71,57.6,2025,July,3
03-07-2025,Uttarakhand,85,Satisfactory,35,66.8,11.3,3.4,0.56,62,2025,July,3
03-07-2025,West Bengal,80,Satisfactory,30.3,59.4,15.1,4.5,0.54,58.9,2025,July,3
04-07-2025,Andhra Pradesh,112,Moderate,43,76.5,19.5,5.6,0.65,56.2,2025,July,4
04-07-2025,Arunachal Pradesh,86,Satisfactory,31.9,53.9,14.9,4.1,0.39,61.1,2025,July,4
04-07-2025,Assam,131,Moderate,59.4,104.2,22.3,6.4,0.67,61.3,2025,July,4
04-07-2025,Bihar,115,Moderate,46.5,86.6,20.8,5.7,0.62,60.8,2025,July,4
04-07-2025,Chhattisgarh,110,Moderate,51.4,78.7,14.7,4.8,0.51,63.1,2025,July,4
04-07-2025,Goa,100,Satisfactory,39.7,71.8,15.6,4.7,0.57,63.9,2025,July,4
04-07-2025,Gujarat,90,Satisfactory,39.1,67.9,15.1,4.2,0.41,61.6,2025,July,4
04-07-2025,Haryana,65,Satisfactory,21.8,41.4,12.4,3.3,0.45,66.9,2025,July,4
04-07-2025,Himachal Pradesh,143,Moderate,62,108.7,20.7,7.6,0.75,60.7,2025,July,4
04-07-2025,Jharkhand,145,Moderate,57.8,102.9,20.2,6.6,0.75,53.6,2025,July,4
04-07-2025,Karnataka,65,Satisfactory,24,37.3,7.6,3.5,0.36,66.4,2025,July,4
04-07-2025,Kerala,149,Moderate,64.4,115.3,23.9,8.3,0.81,62.5,2025,July,4
04-07-2025,Madhya Pradesh,87,Satisfactory,33.3,70.4,16.3,4.5,0.52,67.4,2025,July,4
04-07-2025,Maharashtra,128,Moderate,49.2,91.7,17.6,6.5,0.8,61.1,2025,July,4
04-07-2025,Manipur,122,Moderate,47.1,84.6,17.1,6.4,0.75,59.7,2025,July,4
04-07-2025,Meghalaya,69,Satisfactory,31.6,42.7,10.3,2.7,0.3,67.3,2025,July,4
04-07-2025,Mizoram,128,Moderate,48.2,83.8,17.9,5.7,0.7,54.8,2025,July,4
04-07-2025,Nagaland,151,Moderate,57.5,107,22.9,7.5,0.94,58.3,2025,July,4
04-07-2025,Odisha,138,Moderate,61.6,92.6,19.2,7.7,0.7,54.5,2025,July,4
04-07-2025,Punjab,123,Moderate,57,98.3,20.3,7.1,0.67,62.9,2025,July,4
04-07-2025,Rajasthan,54,Satisfactory,21,38.6,7.6,1.8,0.3,64,2025,July,4
04-07-2025,Sikkim,140,Moderate,61.2,104.2,21.4,6.4,0.83,57.3,2025,July,4
04-07-2025,Tamil Nadu,124,Moderate,49.2,98.5,21.9,6,0.7,59.2,2025,July,4
04-07-2025,Telangana,112,Moderate,42.2,86.7,15,5.1,0.65,64.4,2025,July,4
04-07-2025,Tripura,126,Moderate,55,89.7,21.1,6.3,0.67,60.2,2025,July,4
04-07-2025,Uttar Pradesh,160,Moderate,71.8,124,22.7,7.1,0.9,52.3,2025,July,4
04-07-2025,Uttarakhand,99,Satisfactory,36,62.7,13.2,5.5,0.52,65.2,2025,July,4
04-07-2025,West Bengal,42,Good,14.3,32.8,8.4,2.6,0.2,67.4,2025,July,4
05-07-2025,Andhra Pradesh,143,Moderate,61.2,97.6,21.6,7.8,0.77,63.4,2025,July,5
05-07-2025,Arunachal Pradesh,45,Good,21.7,25.8,6.3,1.8,0.17,61.6,2025,July,5
05-07-2025,Assam,143,Moderate,58.4,103.6,22.7,7.1,0.74,60.9,2025,July,5
05-07-2025,Bihar,116,Moderate,51.3,92.2,18.5,6.4,0.68,62.8,2025,July,5
05-07-2025,Chhattisgarh,87,Satisfactory,31.3,61.9,15.2,5.3,0.57,59.3,2025,July,5
05-07-2025,Goa,99,Satisfactory,44,68.3,15.7,4.1,0.61,57.1,2025,July,5
05-07-2025,Gujarat,61,Satisfactory,20.4,39.2,10.4,4,0.25,66.7,2025,July,5
05-07-2025,Haryana,43,Good,17.6,21.2,4.1,2.9,0.34,68,2025,July,5
05-07-2025,Himachal Pradesh,157,Moderate,60.2,120.7,28,8.8,0.78,54.6,2025,July,5
05-07-2025,Jharkhand,141,Moderate,53.7,102.2,24.9,8,0.86,56.2,2025,July,5
05-07-2025,Karnataka,87,Satisfactory,33.8,53,11.3,4.8,0.57,59,2025,July,5
05-07-2025,Kerala,151,Moderate,62.9,103.6,23.5,7,0.85,60.4,2025,July,5
05-07-2025,Madhya Pradesh,85,Satisfactory,41.1,51.5,15.7,5.1,0.51,58.2,2025,July,5
05-07-2025,Maharashtra,144,Moderate,64.6,109.2,20.1,8.1,0.82,63.2,2025,July,5
05-07-2025,Manipur,152,Moderate,59.4,112.3,21.6,7.3,0.92,57.9,2025,July,5
05-07-2025,Meghalaya,81,Satisfactory,32.1,61.3,11.9,3.5,0.5,59.2,2025,July,5
05-07-2025,Mizoram,137,Moderate,53.1,95.3,19.4,6.2,0.76,54.7,2025,July,5
05-07-2025,Nagaland,132,Moderate,58.2,99.6,23.1,7.5,0.82,58.3,2025,July,5
05-07-2025,Odisha,95,Satisfactory,45.6,74.6,13.8,4,0.5,58.3,2025,July,5
05-07-2025,Punjab,134,Moderate,59.3,86.5,20.9,7.4,0.66,57.3,2025,July,5
05-07-2025,Rajasthan,49,Good,21.1,41.9,6.3,2.2,0.34,62.2,2025,July,5
05-07-2025,Sikkim,110,Moderate,40.2,79.4,17.9,5.1,0.69,63.8,2025,July,5
05-07-2025,Tamil Nadu,117,Moderate,48.5,92.9,16,6.4,0.68,62.6,2025,July,5
05-07-2025,Telangana,101,Moderate,46.9,77.6,14.3,4.6,0.47,58.5,2025,July,5
05-07-2025,Tripura,138,Moderate,58.3,91.9,19.9,6.6,0.75,59.3,2025,July,5
05-07-2025,Uttar Pradesh,145,Moderate,63.3,95.2,21.7,7.4,0.86,62.5,2025,July,5
05-07-2025,Uttarakhand,73,Satisfactory,28.8,46,11,4.6,0.44,65.3,2025,July,5
05-07-2025,West Bengal,70,Satisfactory,31.3,46.8,8.2,3.4,0.36,66.9,2025,July,5
06-07-2025,Andhra Pradesh,142,Moderate,62.3,98.8,21.1,6.4,0.75,54.3,2025,July,6
06-07-2025,Arunachal Pradesh,59,Satisfactory,20.6,43.8,9,2.4,0.25,67.8,2025,July,6
06-07-2025,Assam,110,Moderate,43.7,88.4,16.4,5.7,0.7,63.5,2025,July,6
06-07-2025,Bihar,69,Satisfactory,29.6,57.6,10.1,3.8,0.46,64.3,2025,July,6
06-07-2025,Chhattisgarh,76,Satisfactory,35.2,59.9,11.9,3.9,0.33,65.4,2025,July,6
06-07-2025,Goa,68,Satisfactory,31.4,54.2,8.6,3.9,0.35,64.4,2025,July,6
06-07-2025,Gujarat,70,Satisfactory,32.3,59.3,12.4,2.6,0.48,67.6,2025,July,6
06-07-2025,Haryana,87,Satisfactory,41.1,55,16.2,4,0.45,61.8,2025,July,6
06-07-2025,Himachal Pradesh,142,Moderate,55.1,104.8,21.9,7.9,0.77,57.8,2025,July,6
06-07-2025,Jharkhand,147,Moderate,61.6,112.5,22.9,6.4,0.8,58.9,2025,July,6
06-07-2025,Karnataka,77,Satisfactory,35.9,55.1,11.3,3.4,0.5,65.2,2025,July,6
06-07-2025,Kerala,106,Moderate,39.8,67,16.9,6,0.68,59.5,2025,July,6
06-07-2025,Madhya Pradesh,73,Satisfactory,28.6,47.9,13.4,3,0.36,63.6,2025,July,6
06-07-2025,Maharashtra,103,Moderate,44.5,76.5,19.1,5.6,0.55,58.4,2025,July,6
06-07-2025,Manipur,133,Moderate,58.4,86.5,18.9,6.3,0.81,54.6,2025,July,6
06-07-2025,Meghalaya,104,Moderate,44.3,79.4,18,4.8,0.58,65.7,2025,July,6
06-07-2025,Mizoram,143,Moderate,59.2,100.8,20.7,7.7,0.71,57.1,2025,July,6
06-07-2025,Nagaland,127,Moderate,49.1,84.2,17.5,5.7,0.8,57.4,2025,July,6
06-07-2025,Odisha,127,Moderate,53.5,99,21.6,6.4,0.63,55.2,2025,July,6
06-07-2025,Punjab,144,Moderate,64.3,99.3,22.3,6.3,0.85,62.9,2025,July,6
06-07-2025,Rajasthan,87,Satisfactory,38.4,64.3,15.2,4.9,0.53,67.4,2025,July,6
06-07-2025,Sikkim,102,Moderate,43.2,68.4,19,4.9,0.65,61.8,2025,July,6
06-07-2025,Tamil Nadu,96,Satisfactory,39.5,68.3,18.2,5.3,0.46,64.7,2025,July,6
06-07-2025,Telangana,90,Satisfactory,38.2,59.1,14,4.8,0.48,60.5,2025,July,6
06-07-2025,Tripura,112,Moderate,48.9,85.6,19.3,5,0.63,64.4,2025,July,6
06-07-2025,Uttar Pradesh,147,Moderate,63.6,102.2,20.7,7.5,0.78,57.2,2025,July,6
06-07-2025,Uttarakhand,107,Moderate,41.1,67.3,16.3,5.9,0.64,60.5,2025,July,6
06-07-2025,West Bengal,44,Good,13.3,29.9,5.4,2.5,0.2,63.5,2025,July,6
07-07-2025,Andhra Pradesh,106,Moderate,44.7,81.8,18.6,5.1,0.67,58.1,2025,July,7
07-07-2025,Arunachal Pradesh,53,Satisfactory,27.2,38.5,11.2,2.2,0.21,62.8,2025,July,7
07-07-2025,Assam,138,Moderate,63.8,96.1,24,7,0.71,61.1,2025,July,7
07-07-2025,Bihar,117,Moderate,51.8,79.8,16.1,4.9,0.58,56.2,2025,July,7
07-07-2025,Chhattisgarh,93,Satisfactory,39.2,73.5,13.3,5.4,0.48,63.4,2025,July,7
07-07-2025,Goa,102,Moderate,42,64.8,17.5,4.4,0.66,64.7,2025,July,7
07-07-2025,Gujarat,76,Satisfactory,34,53.7,13.4,3,0.5,65.4,2025,July,7
07-07-2025,Haryana,60,Satisfactory,28.1,45.7,10,2.4,0.24,68.6,2025,July,7
07-07-2025,Himachal Pradesh,148,Moderate,65.9,99.1,22.4,7.4,0.75,57.4,2025,July,7
07-07-2025,Jharkhand,158,Moderate,69.8,106.9,23.8,7.8,0.89,61.8,2025,July,7
07-07-2025,Karnataka,80,Satisfactory,27.8,51.2,10.6,4.4,0.38,62.2,2025,July,7
07-07-2025,Kerala,132,Moderate,59.1,92.2,18.9,7.6,0.68,57.3,2025,July,7
07-07-2025,Madhya Pradesh,66,Satisfactory,24.2,43.8,8.2,2.4,0.31,65.6,2025,July,7
07-07-2025,Maharashtra,117,Moderate,49.3,89.4,16,6.3,0.62,57.2,2025,July,7
07-07-2025,Manipur,128,Moderate,56,96.1,22,5.7,0.77,64,2025,July,7
07-07-2025,Meghalaya,67,Satisfactory,32.4,40.1,11,4.2,0.47,68.1,2025,July,7
07-07-2025,Mizoram,130,Moderate,51.1,89.8,21,7,0.67,55.1,2025,July,7
07-07-2025,Nagaland,148,Moderate,67.9,102.2,21.9,7.1,0.84,54.5,2025,July,7
07-07-2025,Odisha,116,Moderate,53,83.9,19.1,5,0.67,62.5,2025,July,7
07-07-2025,Punjab,128,Moderate,54.5,99.1,20.9,5.9,0.8,60.2,2025,July,7
07-07-2025,Rajasthan,84,Satisfactory,37.3,53.6,16,4.8,0.42,62.6,2025,July,7
07-07-2025,Sikkim,147,Moderate,66.2,101.8,22.9,7.3,0.8,53.7,2025,July,7
07-07-2025,Tamil Nadu,95,Satisfactory,39,68.4,13,5,0.48,63.5,2025,July,7
07-07-2025,Telangana,83,Satisfactory,40.3,67.3,11.3,4.6,0.37,64.1,2025,July,7
07-07-2025,Tripura,145,Moderate,64.1,101.7,24.5,7.8,0.72,61,2025,July,7
07-07-2025,Uttar Pradesh,140,Moderate,58.2,107.8,21.5,7.3,0.88,53.9,2025,July,7
07-07-2025,Uttarakhand,83,Satisfactory,35.9,54.9,15.9,4,0.45,66.3,2025,July,7
07-07-2025,West Bengal,55,Satisfactory,27.5,33.6,9.6,3.5,0.27,62.5,2025,July,7
08-07-2025,Andhra Pradesh,136,Moderate,62,98.6,19.3,6.3,0.76,59.5,2025,July,8
08-07-2025,Arunachal Pradesh,89,Satisfactory,37.5,63.5,16.9,4.9,0.5,66.8,2025,July,8
08-07-2025,Assam,120,Moderate,51.1,88,18,5.3,0.73,63.8,2025,July,8
08-07-2025,Bihar,112,Moderate,42.7,83,20.8,5.6,0.54,61.6,2025,July,8
08-07-2025,Chhattisgarh,75,Satisfactory,34.2,48.4,11.2,4.3,0.38,64.6,2025,July,8
08-07-2025,Goa,92,Satisfactory,44,71.7,15.8,5.5,0.52,63.3,2025,July,8
08-07-2025,Gujarat,93,Satisfactory,39.9,73.9,17.3,4.4,0.47,60.2,2025,July,8
08-07-2025,Haryana,40,Good,21.3,25.8,5.6,2.4,0.2,63.3,2025,July,8
08-07-2025,Himachal Pradesh,165,Moderate,67,113.7,28.2,7.7,0.82,60.6,2025,July,8
08-07-2025,Jharkhand,133,Moderate,55.9,101.5,23.5,7.6,0.66,56.7,2025,July,8
08-07-2025,Karnataka,64,Satisfactory,21.5,36.1,7.8,4,0.42,68.4,2025,July,8
08-07-2025,Kerala,153,Moderate,68.5,106,23.1,7,0.86,53.6,2025,July,8
08-07-2025,Madhya Pradesh,47,Good,18,24.9,4.6,1.7,0.26,62.6,2025,July,8
08-07-2025,Maharashtra,111,Moderate,46.1,77.6,18.1,6.3,0.66,63.3,2025,July,8
08-07-2025,Manipur,129,Moderate,55.3,97.8,19.8,5.8,0.69,64.7,2025,July,8
08-07-2025,Meghalaya,67,Satisfactory,31.8,56.5,11.5,2.5,0.46,66.7,2025,July,8
08-07-2025,Mizoram,125,Moderate,49.3,85.8,20.7,5.9,0.79,63.3,2025,July,8
08-07-2025,Nagaland,121,Moderate,55.9,83.4,17.3,5.1,0.62,64.6,2025,July,8
08-07-2025,Odisha,109,Moderate,48.1,86.3,17.5,6,0.53,57.3,2025,July,8
08-07-2025,Punjab,163,Moderate,68,121.3,26.2,8.2,0.95,60.6,2025,July,8
08-07-2025,Rajasthan,81,Satisfactory,31.1,59.6,14,5,0.54,63.2,2025,July,8
08-07-2025,Sikkim,99,Satisfactory,47.5,76.4,13.8,4.6,0.46,57.6,2025,July,8
08-07-2025,Tamil Nadu,129,Moderate,58.3,97.9,19.6,6.7,0.72,61.6,2025,July,8
08-07-2025,Telangana,88,Satisfactory,39.8,56,12.1,4.5,0.47,65.6,2025,July,8
08-07-2025,Tripura,145,Moderate,57,96.2,22.1,6.6,0.83,59.6,2025,July,8
08-07-2025,Uttar Pradesh,142,Moderate,62.9,95.4,21.9,6.7,0.77,57.9,2025,July,8
08-07-2025,Uttarakhand,62,Satisfactory,26.6,51.6,9.8,3.8,0.28,66,2025,July,8
08-07-2025,West Bengal,82,Satisfactory,34.6,59.8,13.6,3.8,0.51,63.7,2025,July,8
09-07-2025,Andhra Pradesh,130,Moderate,50.7,89.9,20.5,6.1,0.78,63.7,2025,July,9
09-07-2025,Arunachal Pradesh,46,Good,18,41.5,9.2,2.1,0.19,67.5,2025,July,9
09-07-2025,Assam,151,Moderate,59.6,106.3,24.3,8.4,0.75,59.8,2025,July,9
09-07-2025,Bihar,87,Satisfactory,34.9,61.4,14.7,3.4,0.5,67.4,2025,July,9
09-07-2025,Chhattisgarh,109,Moderate,47,77.4,18.8,4.9,0.63,62.2,2025,July,9
09-07-2025,Goa,77,Satisfactory,37.2,52.6,10.5,4.2,0.38,66.7,2025,July,9
09-07-2025,Gujarat,84,Satisfactory,40.9,67,11.2,4.5,0.42,65,2025,July,9
09-07-2025,Haryana,40,Good,14.3,25.2,5.6,1.8,0.25,66.3,2025,July,9
09-07-2025,Himachal Pradesh,160,Moderate,63.4,105.5,26.9,8.8,0.84,60.2,2025,July,9
09-07-2025,Jharkhand,139,Moderate,54.9,93.6,20.4,7.3,0.81,54.5,2025,July,9
09-07-2025,Karnataka,82,Satisfactory,34.2,54.5,10.9,3.7,0.56,64.1,2025,July,9
09-07-2025,Kerala,119,Moderate,44.6,81,17.4,5.3,0.61,61.6,2025,July,9
09-07-2025,Madhya Pradesh,81,Satisfactory,29.4,60.6,14.9,3.3,0.37,60,2025,July,9
09-07-2025,Maharashtra,141,Moderate,58.9,96.8,20.3,6.4,0.75,63,2025,July,9
09-07-2025,Manipur,115,Moderate,44.2,91.6,16.9,6.6,0.64,61.3,2025,July,9
09-07-2025,Meghalaya,67,Satisfactory,31,56,8.5,2.4,0.31,61.6,2025,July,9
09-07-2025,Mizoram,109,Moderate,45.2,85.1,15.2,6.2,0.54,59,2025,July,9
09-07-2025,Nagaland,112,Moderate,48.5,70.8,17.5,5.1,0.61,58.9,2025,July,9
09-07-2025,Odisha,136,Moderate,58.7,97.2,24.7,6.4,0.84,62.7,2025,July,9
09-07-2025,Punjab,118,Moderate,45.9,84,17.6,4.9,0.65,63.2,2025,July,9
09-07-2025,Rajasthan,71,Satisfactory,31.6,55.3,11,4.3,0.4,62.8,2025,July,9
09-07-2025,Sikkim,121,Moderate,50.4,83.5,16.6,5.2,0.67,64.9,2025,July,9
09-07-2025,Tamil Nadu,83,Satisfactory,36.3,63.5,11.7,3.5,0.48,61.5,2025,July,9
09-07-2025,Telangana,89,Satisfactory,39.5,57.2,14.8,5.3,0.51,62.9,2025,July,9
09-07-2025,Tripura,124,Moderate,48.4,88,19.1,7.2,0.68,64.3,2025,July,9
09-07-2025,Uttar Pradesh,134,Moderate,61.3,103.5,23.2,5.8,0.67,59.7,2025,July,9
09-07-2025,Uttarakhand,65,Satisfactory,25,55.1,11.5,2.7,0.41,62.9,2025,July,9
09-07-2025,West Bengal,60,Satisfactory,24.8,53,12.5,3.2,0.29,68.4,2025,July,9
10-07-2025,Andhra Pradesh,112,Moderate,49.5,89,19.4,5.4,0.64,64.3,2025,July,10
10-07-2025,Arunachal Pradesh,87,Satisfactory,32.4,59.1,12,5.3,0.57,67.5,2025,July,10
10-07-2025,Assam,112,Moderate,46,74,18.4,4.8,0.71,56.8,2025,July,10
10-07-2025,Bihar,104,Moderate,47.1,76.9,15.9,4.4,0.63,63.7,2025,July,10
10-07-2025,Chhattisgarh,78,Satisfactory,27.2,52.8,13.2,3.9,0.51,64.9,2025,July,10
10-07-2025,Goa,86,Satisfactory,35.3,56.4,12,4.8,0.41,67.7,2025,July,10
10-07-2025,Gujarat,97,Satisfactory,45.5,70.2,16.1,4,0.54,64.6,2025,July,10
10-07-2025,Haryana,64,Satisfactory,23.6,43.3,8.4,4,0.33,62,2025,July,10
10-07-2025,Himachal Pradesh,152,Moderate,61.6,107.8,24,7.6,0.81,59.2,2025,July,10
10-07-2025,Jharkhand,158,Moderate,67.6,115.9,26.6,8.6,0.86,57.9,2025,July,10
10-07-2025,Karnataka,78,Satisfactory,28.6,57,12.5,3.7,0.36,66.1,2025,July,10
10-07-2025,Kerala,123,Moderate,47.8,85.2,21.8,6.2,0.65,63.8,2025,July,10
10-07-2025,Madhya Pradesh,55,Satisfactory,26.5,36.8,7.9,2.1,0.33,63.3,2025,July,10
10-07-2025,Maharashtra,144,Moderate,57.6,106.4,21,6.9,0.72,61.7,2025,July,10
10-07-2025,Manipur,125,Moderate,49.7,80,19.1,6.1,0.72,63.3,2025,July,10
10-07-2025,Meghalaya,88,Satisfactory,38.9,67.3,14.1,3.5,0.49,67.8,2025,July,10
10-07-2025,Mizoram,112,Moderate,48,80.2,20.5,5.9,0.63,58,2025,July,10
10-07-2025,Nagaland,146,Moderate,56.5,102.2,25.8,6.9,0.74,55.8,2025,July,10
10-07-2025,Odisha,109,Moderate,48.3,74.5,14.4,4.8,0.55,57.8,2025,July,10
10-07-2025,Punjab,138,Moderate,61.1,97.4,19.8,6.6,0.78,54.9,2025,July,10
10-07-2025,Rajasthan,60,Satisfactory,22.9,52.8,8.3,3.7,0.3,68.4,2025,July,10
10-07-2025,Sikkim,129,Moderate,57.7,91.6,19.2,6.8,0.63,58.2,2025,July,10
10-07-2025,Tamil Nadu,125,Moderate,52.9,97.7,19.2,6.8,0.76,63.6,2025,July,10
10-07-2025,Telangana,86,Satisfactory,37.9,70.5,13,3.9,0.42,61.6,2025,July,10
10-07-2025,Tripura,138,Moderate,59.1,102.8,23.4,7.7,0.83,62.3,2025,July,10
10-07-2025,Uttar Pradesh,156,Moderate,63.8,107.4,27.1,7.2,0.78,62.2,2025,July,10
10-07-2025,Uttarakhand,76,Satisfactory,30.2,61.1,12.1,3.2,0.48,61.4,2025,July,10
10-07-2025,West Bengal,71,Satisfactory,35,50.5,11.4,4.2,0.3,66.1,2025,July,10
11-07-2025,Andhra Pradesh,122,Moderate,50.1,78.2,17.5,5.9,0.74,56.9,2025,July,11
11-07-2025,Arunachal Pradesh,76,Satisfactory,32,49.3,10.2,3.4,0.36,59.5,2025,July,11
11-07-2025,Assam,126,Moderate,54.1,93.8,17.4,5.5,0.62,60,2025,July,11
11-07-2025,Bihar,68,Satisfactory,27.1,57,10.8,2.7,0.39,67.5,2025,July,11
11-07-2025,Chhattisgarh,93,Satisfactory,42,67.9,15.8,4,0.47,66.6,2025,July,11
11-07-2025,Goa,75,Satisfactory,36,61.6,13.4,4.2,0.41,68.7,2025,July,11
11-07-2025,Gujarat,94,Satisfactory,45.3,75.8,17.4,3.9,0.45,64.5,2025,July,11
11-07-2025,Haryana,85,Satisfactory,39,65.8,11.4,4.9,0.53,58.6,2025,July,11
11-07-2025,Himachal Pradesh,147,Moderate,61.5,96.3,24,8,0.78,55.3,2025,July,11
11-07-2025,Jharkhand,132,Moderate,58.8,103.8,20.4,7.5,0.78,56.7,2025,July,11
11-07-2025,Karnataka,64,Satisfactory,22.2,55.2,11.3,3.7,0.4,59.9,2025,July,11
11-07-2025,Kerala,129,Moderate,53.9,102.8,22.6,6.6,0.78,62.5,2025,July,11
11-07-2025,Madhya Pradesh,55,Satisfactory,25.7,44.3,11.2,3.7,0.28,66.1,2025,July,11
11-07-2025,Maharashtra,131,Moderate,54,90.2,23.2,7.3,0.76,55.1,2025,July,11
11-07-2025,Manipur,135,Moderate,55.3,87.5,23.4,7.5,0.69,63.3,2025,July,11
11-07-2025,Meghalaya,89,Satisfactory,43,62.4,13.6,5.4,0.55,58.8,2025,July,11
11-07-2025,Mizoram,128,Moderate,49.3,94.3,23.1,7,0.72,59.5,2025,July,11
11-07-2025,Nagaland,131,Moderate,60.2,91.7,22.9,6.1,0.64,57.2,2025,July,11
11-07-2025,Odisha,97,Satisfactory,38.6,79.3,14.4,4.3,0.47,66.7,2025,July,11
11-07-2025,Punjab,118,Moderate,48.6,92.4,17,6.3,0.72,57,2025,July,11
11-07-2025,Rajasthan,68,Satisfactory,24.3,40.1,11.1,3.3,0.37,63.3,2025,July,11
11-07-2025,Sikkim,110,Moderate,50.3,85.5,20.4,6,0.61,62.5,2025,July,11
11-07-2025,Tamil Nadu,99,Satisfactory,42.2,69.5,13.2,5.1,0.56,62.3,2025,July,11
11-07-2025,Telangana,95,Satisfactory,40.9,73.7,16.5,4,0.46,59,2025,July,11
11-07-2025,Tripura,110,Moderate,44.3,75.7,19,4.9,0.61,57.5,2025,July,11
11-07-2025,Uttar Pradesh,166,Moderate,73.8,121.5,26.6,7.7,0.94,59.5,2025,July,11
11-07-2025,Uttarakhand,109,Moderate,45.4,76.4,17.8,6.4,0.55,61.2,2025,July,11
11-07-2025,West Bengal,59,Satisfactory,29.9,39.7,11.4,2.4,0.38,61.6,2025,July,11
12-07-2025,Andhra Pradesh,125,Moderate,51.8,88.2,22.1,5.5,0.62,58.6,2025,July,12
12-07-2025,Arunachal Pradesh,46,Good,20.9,39.9,7.8,2.1,0.35,61.6,2025,July,12
12-07-2025,Assam,114,Moderate,46.2,90.6,19,4.8,0.64,56.4,2025,July,12
12-07-2025,Bihar,116,Moderate,43,76,20.1,6.5,0.63,62.2,2025,July,12
12-07-2025,Chhattisgarh,85,Satisfactory,31.9,57.2,15.6,4,0.56,67.5,2025,July,12
12-07-2025,Goa,101,Moderate,36.8,75.9,14.3,5.8,0.47,57.2,2025,July,12
12-07-2025,Gujarat,105,Moderate,43.3,68.9,19.3,5.9,0.59,65.1,2025,July,12
12-07-2025,Haryana,65,Satisfactory,27.3,52.9,7.6,2.4,0.42,67.7,2025,July,12
12-07-2025,Himachal Pradesh,144,Moderate,54.8,108.2,23.1,6.7,0.88,54.7,2025,July,12
12-07-2025,Jharkhand,151,Moderate,67,98.8,26.9,7.4,0.86,62.5,2025,July,12
12-07-2025,Karnataka,76,Satisfactory,31.8,55.5,10.4,3.7,0.4,63.8,2025,July,12
12-07-2025,Kerala,143,Moderate,63.1,105.1,20,6.7,0.8,62.2,2025,July,12
12-07-2025,Madhya Pradesh,53,Satisfactory,24.9,31.6,6.4,2.3,0.37,66.1,2025,July,12
12-07-2025,Maharashtra,116,Moderate,49.7,87,18.4,6.1,0.72,56.6,2025,July,12
12-07-2025,Manipur,119,Moderate,51.4,79.1,18.9,6.8,0.69,58.2,2025,July,12
12-07-2025,Meghalaya,105,Moderate,42.8,73.4,19.1,4.7,0.54,63.4,2025,July,12
12-07-2025,Mizoram,101,Moderate,36.9,65.1,13.8,5.8,0.6,63.2,2025,July,12
12-07-2025,Nagaland,118,Moderate,51.2,77.5,16.4,6,0.59,58.1,2025,July,12
12-07-2025,Odisha,131,Moderate,56.7,89.1,22.7,5.7,0.63,56.5,2025,July,12
12-07-2025,Punjab,128,Moderate,55.1,88.2,20.3,5.5,0.81,61.9,2025,July,12
12-07-2025,Rajasthan,73,Satisfactory,31,51,10.9,3.1,0.4,63.2,2025,July,12
12-07-2025,Sikkim,131,Moderate,59.8,95.6,18.9,7.2,0.81,55.4,2025,July,12
12-07-2025,Tamil Nadu,129,Moderate,56.1,87.7,22.6,6.1,0.68,62,2025,July,12
12-07-2025,Telangana,116,Moderate,46.3,77.1,17.5,5.2,0.7,64,2025,July,12
12-07-2025,Tripura,152,Moderate,66.7,116.2,26.2,7.1,0.92,59.9,2025,July,12
12-07-2025,Uttar Pradesh,148,Moderate,60.5,112.8,22.1,8.4,0.85,60.1,2025,July,12
12-07-2025,Uttarakhand,78,Satisfactory,27.4,62,14.3,4.7,0.53,64.6,2025,July,12
12-07-2025,West Bengal,59,Satisfactory,24.8,32.5,8,3.3,0.29,70.1,2025,July,12
13-07-2025,Andhra Pradesh,127,Moderate,56.2,94.4,19.4,6.2,0.78,64.7,2025,July,13
13-07-2025,Arunachal Pradesh,60,Satisfactory,23.2,34.1,6.9,3.3,0.25,70,2025,July,13
13-07-2025,Assam,141,Moderate,59,102.8,21.5,6.3,0.81,58.3,2025,July,13
13-07-2025,Bihar,96,Satisfactory,43.6,62,13.4,5.2,0.62,64.2,2025,July,13
13-07-2025,Chhattisgarh,105,Moderate,39.9,79,15.8,4.9,0.65,57.5,2025,July,13
13-07-2025,Goa,71,Satisfactory,30.9,59.4,9.4,2.9,0.38,60.4,2025,July,13
13-07-2025,Gujarat,86,Satisfactory,42,68.3,13.3,4.7,0.46,66.2,2025,July,13
13-07-2025,Haryana,59,Satisfactory,24,49.9,10,2.2,0.29,69.3,2025,July,13
13-07-2025,Himachal Pradesh,126,Moderate,50.4,96.2,21.4,6,0.66,62.3,2025,July,13
13-07-2025,Jharkhand,133,Moderate,52.6,102,19.2,7,0.72,55.6,2025,July,13
13-07-2025,Karnataka,78,Satisfactory,32.7,47.9,11.8,2.9,0.41,64.9,2025,July,13
13-07-2025,Kerala,152,Moderate,64.1,115.6,25.4,7.6,0.93,58.7,2025,July,13
13-07-2025,Madhya Pradesh,86,Satisfactory,36.7,61.4,12.1,4,0.57,59.5,2025,July,13
13-07-2025,Maharashtra,112,Moderate,43.6,86.4,20.7,4.9,0.59,56.4,2025,July,13
13-07-2025,Manipur,130,Moderate,50.8,91.3,20.5,6.3,0.81,55.2,2025,July,13
13-07-2025,Meghalaya,102,Moderate,37.8,69.9,18.1,5.7,0.48,62.6,2025,July,13
13-07-2025,Mizoram,96,Satisfactory,46.1,66.3,17.9,4.6,0.47,66.2,2025,July,13
13-07-2025,Nagaland,150,Moderate,65.8,106.5,21.1,7.5,0.87,53.4,2025,July,13
13-07-2025,Odisha,132,Moderate,54.8,101.9,20.8,7,0.67,57.7,2025,July,13
13-07-2025,Punjab,150,Moderate,65.8,104,22.7,8,0.92,61.8,2025,July,13
13-07-2025,Rajasthan,48,Good,24.9,35,6,3.4,0.2,68,2025,July,13
13-07-2025,Sikkim,123,Moderate,55.7,86.7,21.9,6.1,0.62,62.5,2025,July,13
13-07-2025,Tamil Nadu,106,Moderate,45.3,80.5,18.5,5.4,0.68,62.9,2025,July,13
13-07-2025,Telangana,68,Satisfactory,34.5,58.1,9.7,3.5,0.39,60.9,2025,July,13
13-07-2025,Tripura,126,Moderate,53.3,86.8,18,6.5,0.62,64.4,2025,July,13
13-07-2025,Uttar Pradesh,138,Moderate,57.6,95,23.4,6.3,0.84,55.1,2025,July,13
13-07-2025,Uttarakhand,71,Satisfactory,26.5,49.7,13.1,3.9,0.42,59.8,2025,July,13
13-07-2025,West Bengal,49,Good,21.2,29,6.3,1.5,0.19,64.5,2025,July,13
14-07-2025,Andhra Pradesh,140,Moderate,53.4,104.6,22.5,6.6,0.74,63.6,2025,July,14
14-07-2025,Arunachal Pradesh,72,Satisfactory,32.5,60.3,10.1,4.2,0.44,68.5,2025,July,14
14-07-2025,Assam,130,Moderate,52,96.9,22.8,6.2,0.64,54.9,2025,July,14
14-07-2025,Bihar,74,Satisfactory,35.5,48.9,13.1,3.2,0.32,60.3,2025,July,14
14-07-2025,Chhattisgarh,101,Moderate,43.3,71.8,15.1,4.2,0.55,65.6,2025,July,14
14-07-2025,Goa,93,Satisfactory,42,68.6,13.5,3.9,0.48,59.9,2025,July,14
14-07-2025,Gujarat,83,Satisfactory,33.3,63.1,12.7,3.8,0.55,63,2025,July,14
14-07-2025,Haryana,45,Good,16.7,36,10,2.4,0.22,66.5,2025,July,14
14-07-2025,Himachal Pradesh,120,Moderate,52.8,90,17.9,6,0.76,56.7,2025,July,14
14-07-2025,Jharkhand,129,Moderate,51.8,84.3,23.1,7.2,0.65,54.9,2025,July,14
14-07-2025,Karnataka,67,Satisfactory,25.2,45.2,8.8,4.2,0.43,68.6,2025,July,14
14-07-2025,Kerala,114,Moderate,44.4,86.5,15.8,5.7,0.7,63.8,2025,July,14
14-07-2025,Madhya Pradesh,76,Satisfactory,28.1,58.8,12.2,3.7,0.36,63.3,2025,July,14
14-07-2025,Maharashtra,138,Moderate,55.9,100.2,23.7,7.7,0.73,62.8,2025,July,14
14-07-2025,Manipur,122,Moderate,52.7,80,20.3,5.4,0.77,58.6,2025,July,14
14-07-2025,Meghalaya,107,Moderate,42.3,83.9,16.4,4.7,0.55,57.1,2025,July,14
14-07-2025,Mizoram,125,Moderate,58.4,91.4,17,6.1,0.69,59.1,2025,July,14
14-07-2025,Nagaland,115,Moderate,47.1,80.9,18.3,5.8,0.67,62.7,2025,July,14
14-07-2025,Odisha,112,Moderate,52,71.6,18.1,5.2,0.6,56.7,2025,July,14
14-07-2025,Punjab,135,Moderate,58.9,89.3,20.3,5.8,0.76,57.1,2025,July,14
14-07-2025,Rajasthan,52,Satisfactory,19,33.2,10.8,1.6,0.33,68.5,2025,July,14
14-07-2025,Sikkim,105,Moderate,43.5,65.7,15.6,6,0.66,64.4,2025,July,14
14-07-2025,Tamil Nadu,86,Satisfactory,31.1,62.4,15.3,3.7,0.54,59.5,2025,July,14
14-07-2025,Telangana,117,Moderate,49.5,79.3,16,4.9,0.74,56,2025,July,14
14-07-2025,Tripura,134,Moderate,51.9,106.2,22.3,7.1,0.84,62.1,2025,July,14
14-07-2025,Uttar Pradesh,125,Moderate,46.8,85.7,19.8,6.9,0.74,55.7,2025,July,14
14-07-2025,Uttarakhand,66,Satisfactory,29.8,48.5,8,3.4,0.33,63.1,2025,July,14
14-07-2025,West Bengal,65,Satisfactory,26.7,38.8,8.2,2.5,0.42,65.1,2025,July,14
15-07-2025,Andhra Pradesh,143,Moderate,65.8,101.5,24.5,7,0.83,57.7,2025,July,15
15-07-2025,Arunachal Pradesh,89,Satisfactory,36.8,66.5,13.6,4,0.51,58.7,2025,July,15
15-07-2025,Assam,121,Moderate,54,78.8,19.9,7,0.61,60,2025,July,15
15-07-2025,Bihar,77,Satisfactory,27.7,56.5,14.4,4.2,0.51,66,2025,July,15
15-07-2025,Chhattisgarh,115,Moderate,52.3,80.5,16,6.2,0.54,64.2,2025,July,15
15-07-2025,Goa,77,Satisfactory,27.5,60.6,13.5,3.5,0.48,63.8,2025,July,15
15-07-2025,Gujarat,62,Satisfactory,26.7,35.8,8.1,3.2,0.43,63.9,2025,July,15
15-07-2025,Haryana,40,Good,11.8,32,6.9,1.9,0.19,65.9,2025,July,15
15-07-2025,Himachal Pradesh,131,Moderate,56.4,99.3,19,6,0.74,59.3,2025,July,15
15-07-2025,Jharkhand,120,Moderate,48.1,84,20.4,5.1,0.58,62,2025,July,15
15-07-2025,Karnataka,72,Satisfactory,28.4,53.3,13.4,3.2,0.39,65.5,2025,July,15
15-07-2025,Kerala,146,Moderate,55.8,99.2,26,7.6,0.83,57.2,2025,July,15
15-07-2025,Madhya Pradesh,82,Satisfactory,34.4,50.9,13.3,3.9,0.47,63.8,2025,July,15
15-07-2025,Maharashtra,100,Satisfactory,38.1,63.3,18.3,4.3,0.51,63.6,2025,July,15
15-07-2025,Manipur,119,Moderate,48.4,80.7,19.4,6.2,0.74,57.3,2025,July,15
15-07-2025,Meghalaya,85,Satisfactory,36.8,62.3,15.7,5.2,0.43,65.1,2025,July,15
15-07-2025,Mizoram,131,Moderate,53.2,89.8,18.6,7.5,0.8,57.6,2025,July,15
15-07-2025,Nagaland,140,Moderate,54.9,94.1,24.5,7.3,0.74,56.3,2025,July,15
15-07-2025,Odisha,127,Moderate,52.8,82.7,19.4,6,0.64,56.8,2025,July,15
15-07-2025,Punjab,121,Moderate,47.1,84.7,20,6.3,0.6,62.3,2025,July,15
15-07-2025,Rajasthan,51,Satisfactory,25.2,31.5,6.7,2.1,0.25,69.8,2025,July,15
15-07-2025,Sikkim,129,Moderate,52.5,85.7,21.1,6.4,0.68,56.5,2025,July,15
15-07-2025,Tamil Nadu,86,Satisfactory,33.2,53.8,12.2,4,0.57,58.6,2025,July,15
15-07-2025,Telangana,115,Moderate,44.3,89.1,17.3,4.8,0.65,56.9,2025,July,15
15-07-2025,Tripura,148,Moderate,56.5,105.3,25.5,6.4,0.72,61.8,2025,July,15
15-07-2025,Uttar Pradesh,152,Moderate,61.6,104.1,22.2,6.7,0.93,60.8,2025,July,15
15-07-2025,Uttarakhand,92,Satisfactory,44,64.5,16.3,4.8,0.47,58.9,2025,July,15
15-07-2025,West Bengal,48,Good,24.3,33.5,7.3,2,0.27,67.5,2025,July,15
16-07-2025,Andhra Pradesh,112,Moderate,42.3,79.2,18.5,5.4,0.53,61.5,2025,July,16
16-07-2025,Arunachal Pradesh,67,Satisfactory,32.1,57.7,10.7,2.5,0.43,59.7,2025,July,16
16-07-2025,Assam,106,Moderate,41.1,80.2,15.1,4.3,0.66,57.2,2025,July,16
16-07-2025,Bihar,81,Satisfactory,36.6,62.5,11.4,3.4,0.43,64.7,2025,July,16
16-07-2025,Chhattisgarh,92,Satisfactory,38.2,72.3,12.6,5.5,0.53,58.7,2025,July,16
16-07-2025,Goa,108,Moderate,49.8,84.2,15.8,6.1,0.65,62.4,2025,July,16
16-07-2025,Gujarat,101,Moderate,45.4,67.4,18.3,5.9,0.61,61.5,2025,July,16
16-07-2025,Haryana,68,Satisfactory,26.6,48.2,13.7,4.4,0.37,65.7,2025,July,16
16-07-2025,Himachal Pradesh,126,Moderate,52.3,84.2,20.6,6.9,0.68,64.7,2025,July,16
16-07-2025,Jharkhand,138,Moderate,63.9,108.4,22.6,5.9,0.75,56.6,2025,July,16
16-07-2025,Karnataka,81,Satisfactory,29.7,59.3,12.9,3.5,0.36,65.6,2025,July,16
16-07-2025,Kerala,119,Moderate,48,86.6,20.2,5.7,0.59,61.2,2025,July,16
16-07-2025,Madhya Pradesh,87,Satisfactory,33,58,16.3,3.8,0.51,62.2,2025,July,16
16-07-2025,Maharashtra,139,Moderate,58.6,107.6,21.8,6.1,0.74,61.4,2025,July,16
16-07-2025,Manipur,122,Moderate,47.8,93.2,19.9,5.6,0.73,58,2025,July,16
16-07-2025,Meghalaya,70,Satisfactory,31.2,40.7,10.4,2.8,0.41,67.5,2025,July,16
16-07-2025,Mizoram,124,Moderate,56.1,89.7,21.7,5.9,0.63,55.2,2025,July,16
16-07-2025,Nagaland,143,Moderate,55,99.3,22.8,8,0.71,61.2,2025,July,16
16-07-2025,Odisha,122,Moderate,45.7,96.2,20.2,6.4,0.72,60.4,2025,July,16
16-07-2025,Punjab,125,Moderate,47,94.9,19.1,6,0.7,60.6,2025,July,16
16-07-2025,Rajasthan,93,Satisfactory,43.9,76.1,17.1,5.1,0.53,63,2025,July,16
16-07-2025,Sikkim,138,Moderate,62.7,99.9,25.1,7.6,0.76,60.8,2025,July,16
16-07-2025,Tamil Nadu,124,Moderate,56,96.2,17.9,7.1,0.69,55.3,2025,July,16
16-07-2025,Telangana,114,Moderate,50.7,91.9,15.4,6,0.54,65.6,2025,July,16
16-07-2025,Tripura,132,Moderate,50.5,87.3,24.1,6.7,0.82,63.2,2025,July,16
16-07-2025,Uttar Pradesh,142,Moderate,56.6,103.3,21.7,6.6,0.86,62.1,2025,July,16
16-07-2025,Uttarakhand,64,Satisfactory,21.3,55.5,7.4,3.5,0.35,65.8,2025,July,16
16-07-2025,West Bengal,72,Satisfactory,28,45.5,11,4.1,0.34,60.7,2025,July,16
17-07-2025,Andhra Pradesh,99,Satisfactory,46.8,80.7,15.4,4.9,0.55,61.5,2025,July,17
17-07-2025,Arunachal Pradesh,51,Satisfactory,23.9,38.6,8.8,2.1,0.36,65.2,2025,July,17
17-07-2025,Assam,111,Moderate,51.8,83.8,18.7,6.5,0.52,56.8,2025,July,17
17-07-2025,Bihar,69,Satisfactory,29.4,44.9,11.3,4.2,0.4,65.3,2025,July,17
17-07-2025,Chhattisgarh,108,Moderate,50.2,85.3,16.6,4.8,0.6,63.4,2025,July,17
17-07-2025,Goa,98,Satisfactory,36.5,63.6,16.9,4.2,0.61,62.9,2025,July,17
17-07-2025,Gujarat,62,Satisfactory,26.9,50.2,11.4,3.9,0.25,60.2,2025,July,17
17-07-2025,Haryana,55,Satisfactory,17.3,41.3,10.4,2.6,0.29,64.3,2025,July,17
17-07-2025,Himachal Pradesh,140,Moderate,57.8,96.1,23.4,6.5,0.84,54.9,2025,July,17
17-07-2025,Jharkhand,168,Moderate,75.9,118.6,29.1,9.2,0.87,54.4,2025,July,17
17-07-2025,Karnataka,75,Satisfactory,27.6,61.1,9.2,3.1,0.37,64.5,2025,July,17
17-07-2025,Kerala,115,Moderate,48.5,74.6,17.9,5,0.58,59.9,2025,July,17
17-07-2025,Madhya Pradesh,41,Good,11.6,28.9,9,2.2,0.21,71,2025,July,17
17-07-2025,Maharashtra,117,Moderate,46.1,87.2,21.4,4.9,0.71,60,2025,July,17
17-07-2025,Manipur,150,Moderate,62.2,113.9,23.8,7.7,0.82,56.3,2025,July,17
17-07-2025,Meghalaya,69,Satisfactory,23.3,55,13.6,3.6,0.45,67.6,2025,July,17
17-07-2025,Mizoram,118,Moderate,47.3,79,19,6.2,0.57,59.8,2025,July,17
17-07-2025,Nagaland,160,Moderate,62.1,114.7,24.1,8.4,0.8,61,2025,July,17
17-07-2025,Odisha,121,Moderate,52.3,97.1,21.5,5.5,0.7,57.1,2025,July,17
17-07-2025,Punjab,127,Moderate,52.4,93.3,19.6,5.6,0.73,62.9,2025,July,17
17-07-2025,Rajasthan,45,Good,18,40.3,8.8,1.4,0.26,67.1,2025,July,17
17-07-2025,Sikkim,114,Moderate,42.7,73.6,19,5.7,0.69,57.9,2025,July,17
17-07-2025,Tamil Nadu,106,Moderate,46.2,77.9,17,4.7,0.61,58,2025,July,17
17-07-2025,Telangana,69,Satisfactory,34.9,54.6,9.1,3.1,0.45,65.1,2025,July,17
17-07-2025,Tripura,133,Moderate,50.4,94,23.6,6.3,0.73,58.9,2025,July,17
17-07-2025,Uttar Pradesh,146,Moderate,56.8,96.6,23.9,6.5,0.81,58.2,2025,July,17
17-07-2025,Uttarakhand,105,Moderate,39,70.9,17.4,5.8,0.64,57.8,2025,July,17
17-07-2025,West Bengal,47,Good,23.3,30.2,8.8,2.3,0.31,66.6,2025,July,17
18-07-2025,Andhra Pradesh,97,Satisfactory,46.4,69.7,18.3,5.8,0.58,65,2025,July,18
18-07-2025,Arunachal Pradesh,84,Satisfactory,37.3,60.2,14,3.5,0.44,65,2025,July,18
18-07-2025,Assam,124,Moderate,56.9,96.9,21.9,7.1,0.75,60.3,2025,July,18
18-07-2025,Bihar,94,Satisfactory,33.8,64.3,14.5,5.5,0.53,58.5,2025,July,18
18-07-2025,Chhattisgarh,84,Satisfactory,33.1,67.3,14.9,4.4,0.41,61.5,2025,July,18
18-07-2025,Goa,78,Satisfactory,37.5,49.3,12.3,3.3,0.45,64.8,2025,July,18
18-07-2025,Gujarat,101,Moderate,42.3,68.7,14.5,5.5,0.56,58.5,2025,July,18
18-07-2025,Haryana,60,Satisfactory,28.9,52.9,10.5,2.3,0.41,64.9,2025,July,18
18-07-2025,Himachal Pradesh,139,Moderate,53.8,100.5,23,6.3,0.8,56.8,2025,July,18
18-07-2025,Jharkhand,159,Moderate,72.3,114.2,24.1,8.6,0.87,56.9,2025,July,18
18-07-2025,Karnataka,106,Moderate,47.1,77.9,19.5,5.2,0.58,65.3,2025,July,18
18-07-2025,Kerala,110,Moderate,45.3,88.5,15,5.7,0.6,60.8,2025,July,18
18-07-2025,Madhya Pradesh,46,Good,21.5,24.2,4.8,1.7,0.26,68.5,2025,July,18
18-07-2025,Maharashtra,116,Moderate,48.1,82.6,19.3,6.6,0.73,64.7,2025,July,18
18-07-2025,Manipur,144,Moderate,55.7,111.9,24,6.4,0.72,60.9,2025,July,18
18-07-2025,Meghalaya,107,Moderate,48.5,82.4,18,5.8,0.5,59.9,2025,July,18
18-07-2025,Mizoram,143,Moderate,59.7,110.7,24.9,7.5,0.87,62.5,2025,July,18
18-07-2025,Nagaland,147,Moderate,60.8,112.8,25.4,7.1,0.87,55.7,2025,July,18
18-07-2025,Odisha,133,Moderate,53.5,98.4,23.4,6.4,0.68,55.8,2025,July,18
18-07-2025,Punjab,152,Moderate,63.8,118,24.5,8.4,0.91,54.4,2025,July,18
18-07-2025,Rajasthan,55,Satisfactory,26.3,30.3,10.6,1.8,0.24,64.6,2025,July,18
18-07-2025,Sikkim,119,Moderate,55.9,88.9,20.1,6.8,0.65,61.2,2025,July,18
18-07-2025,Tamil Nadu,93,Satisfactory,42.9,74.5,15,5.6,0.51,66.5,2025,July,18
18-07-2025,Telangana,116,Moderate,46.2,81.2,21.4,5.8,0.58,57.1,2025,July,18
18-07-2025,Tripura,103,Moderate,39.9,67.2,17.9,5.9,0.54,58,2025,July,18
18-07-2025,Uttar Pradesh,134,Moderate,59.8,98.9,21.4,6.6,0.72,57.5,2025,July,18
18-07-2025,Uttarakhand,94,Satisfactory,38.9,70,16,5.4,0.55,57.8,2025,July,18
18-07-2025,West Bengal,78,Satisfactory,27,58.5,13.6,3.3,0.51,68.2,2025,July,18
19-07-2025,Andhra Pradesh,104,Moderate,39.8,73.9,19.5,5.4,0.65,59.8,2025,July,19
19-07-2025,Arunachal Pradesh,77,Satisfactory,36.1,54.6,12.6,4.3,0.45,67.8,2025,July,19
19-07-2025,Assam,119,Moderate,50.4,88.8,19.4,5,0.72,64.6,2025,July,19
19-07-2025,Bihar,117,Moderate,48.6,84.8,20.1,5.6,0.68,63.2,2025,July,19
19-07-2025,Chhattisgarh,93,Satisfactory,38.2,66.8,15,5.6,0.47,61,2025,July,19
19-07-2025,Goa,97,Satisfactory,40.6,75.1,14.1,4.3,0.51,58.1,2025,July,19
19-07-2025,Gujarat,70,Satisfactory,26.9,49.8,9.6,3.2,0.34,65.4,2025,July,19
19-07-2025,Haryana,63,Satisfactory,28.2,48.2,8.5,3.2,0.33,64.8,2025,July,19
19-07-2025,Himachal Pradesh,168,Moderate,65,114.1,29.5,7.8,0.99,52.5,2025,July,19
19-07-2025,Jharkhand,148,Moderate,56.6,111.4,22.6,8.1,0.73,56.1,2025,July,19
19-07-2025,Karnataka,106,Moderate,44.3,82.5,16.4,5.7,0.66,61,2025,July,19
19-07-2025,Kerala,107,Moderate,43.7,69.8,19.2,5,0.67,63.4,2025,July,19
19-07-2025,Madhya Pradesh,51,Satisfactory,26.6,43,9.4,2,0.37,66.8,2025,July,19
19-07-2025,Maharashtra,101,Moderate,38,74.6,17.6,4.8,0.59,66.8,2025,July,19
19-07-2025,Manipur,126,Moderate,49.5,81.1,23.2,6.9,0.65,62.6,2025,July,19
19-07-2025,Meghalaya,98,Satisfactory,37.8,61.1,15.7,4.8,0.52,64,2025,July,19
19-07-2025,Mizoram,143,Moderate,62.6,100.2,25.3,7.2,0.76,56.3,2025,July,19
19-07-2025,Nagaland,132,Moderate,60.7,94.9,21.6,7.4,0.78,64.4,2025,July,19
19-07-2025,Odisha,122,Moderate,55.9,89.3,21,6.5,0.76,64.7,2025,July,19
19-07-2025,Punjab,137,Moderate,61,108,23.6,7.5,0.67,55.7,2025,July,19
19-07-2025,Rajasthan,59,Satisfactory,27,46.2,10.7,3.8,0.4,69.4,2025,July,19
19-07-2025,Sikkim,115,Moderate,47.3,87.2,20.9,6,0.68,59.3,2025,July,19
19-07-2025,Tamil Nadu,88,Satisfactory,31.3,63.6,12.2,4.7,0.55,62,2025,July,19
19-07-2025,Telangana,112,Moderate,43.6,75,20.6,5.7,0.65,57.7,2025,July,19
19-07-2025,Tripura,141,Moderate,58.9,99.4,20.5,6.3,0.87,59.5,2025,July,19
19-07-2025,Uttar Pradesh,123,Moderate,56.5,88.7,17.3,6.8,0.61,56.8,2025,July,19
19-07-2025,Uttarakhand,90,Satisfactory,40.6,66.2,13.6,3.5,0.55,60.2,2025,July,19
19-07-2025,West Bengal,56,Satisfactory,23.4,30.6,7.9,3,0.34,62.6,2025,July,19
20-07-2025,Andhra Pradesh,127,Moderate,54.4,84.6,22.8,7.1,0.67,55.6,2025,July,20
20-07-2025,Arunachal Pradesh,79,Satisfactory,28.6,61.4,14.4,3.2,0.52,64.3,2025,July,20
20-07-2025,Assam,144,Moderate,66.3,102.2,24.8,6.8,0.8,61,2025,July,20
20-07-2025,Bihar,68,Satisfactory,23.9,43.9,8.2,2.5,0.37,69,2025,July,20
20-07-2025,Chhattisgarh,118,Moderate,55.5,75.4,21,6.4,0.57,61.8,2025,July,20
20-07-2025,Goa,92,Satisfactory,39.2,72.4,15,5.3,0.53,59.5,2025,July,20
20-07-2025,Gujarat,58,Satisfactory,18.7,50,6.8,3.4,0.37,67.5,2025,July,20
20-07-2025,Haryana,78,Satisfactory,34.1,52,14.7,3.5,0.52,62.5,2025,July,20
20-07-2025,Himachal Pradesh,148,Moderate,61.7,97.4,21.9,7.2,0.82,53.5,2025,July,20
20-07-2025,Jharkhand,130,Moderate,56,99,21.3,7,0.68,62.7,2025,July,20
20-07-2025,Karnataka,89,Satisfactory,39.2,58.8,13.4,5.4,0.41,65,2025,July,20
20-07-2025,Kerala,148,Moderate,58.9,96.6,23,6.5,0.76,53.5,2025,July,20
20-07-2025,Madhya Pradesh,81,Satisfactory,31.6,56.5,12.6,4.4,0.43,67.5,2025,July,20
20-07-2025,Maharashtra,103,Moderate,39,79,16.9,4.6,0.51,62.7,2025,July,20
20-07-2025,Manipur,128,Moderate,56.1,100,21.5,6.2,0.74,57,2025,July,20
20-07-2025,Meghalaya,87,Satisfactory,36.2,56.5,16.1,4.4,0.55,63.9,2025,July,20
20-07-2025,Mizoram,137,Moderate,57.4,98,20.2,6.2,0.69,62.8,2025,July,20
20-07-2025,Nagaland,134,Moderate,51.8,89,24.3,6.2,0.68,62.1,2025,July,20
20-07-2025,Odisha,106,Moderate,42,73.4,18.4,4.9,0.59,66.5,2025,July,20
20-07-2025,Punjab,136,Moderate,56.6,99.4,20.5,5.9,0.8,62.9,2025,July,20
20-07-2025,Rajasthan,65,Satisfactory,21.9,38.4,12.5,3.8,0.34,68.7,2025,July,20
20-07-2025,Sikkim,147,Moderate,55.8,96.2,21.1,8.2,0.86,56.3,2025,July,20
20-07-2025,Tamil Nadu,113,Moderate,48.6,77.5,16.4,5.7,0.72,64.7,2025,July,20
20-07-2025,Telangana,76,Satisfactory,33.8,56.6,9.7,4.4,0.4,60.9,2025,July,20
20-07-2025,Tripura,146,Moderate,58.1,98.3,22.3,7.1,0.8,59.8,2025,July,20
20-07-2025,Uttar Pradesh,164,Moderate,66.5,115.6,24.2,9.1,0.9,57.1,2025,July,20
20-07-2025,Uttarakhand,106,Moderate,40.1,72.2,19.1,4.6,0.67,64.1,2025,July,20
20-07-2025,West Bengal,42,Good,15.8,23,4,1.6,0.27,65,2025,July,20
21-07-2025,Andhra Pradesh,136,Moderate,51.4,101.5,21.1,5.9,0.72,55.4,2025,July,21
21-07-2025,Arunachal Pradesh,82,Satisfactory,39.4,53.4,14,4.4,0.52,60.2,2025,July,21
21-07-2025,Assam,110,Moderate,51.1,87,15.6,5.4,0.57,58.8,2025,July,21
21-07-2025,Bihar,117,Moderate,43.9,78.4,15.9,5,0.6,63.2,2025,July,21
21-07-2025,Chhattisgarh,70,Satisfactory,32.2,48.8,12.8,3.4,0.35,63,2025,July,21
21-07-2025,Goa,99,Satisfactory,44,79,16.2,5.3,0.5,61.7,2025,July,21
21-07-2025,Gujarat,92,Satisfactory,40.9,56.3,17.3,4.6,0.5,66.5,2025,July,21
21-07-2025,Haryana,56,Satisfactory,22.2,48,7.2,3.6,0.23,70.5,2025,July,21
21-07-2025,Himachal Pradesh,141,Moderate,54.8,104.5,24.5,7.7,0.77,61,2025,July,21
21-07-2025,Jharkhand,142,Moderate,54.2,103.2,22.4,6.5,0.78,63.2,2025,July,21
21-07-2025,Karnataka,81,Satisfactory,35.8,52.1,13.9,3.4,0.4,64.9,2025,July,21
21-07-2025,Kerala,128,Moderate,51.6,89.4,18.2,6.1,0.73,56.1,2025,July,21
21-07-2025,Madhya Pradesh,46,Good,16.2,29.4,4.7,2,0.27,71.1,2025,July,21
21-07-2025,Maharashtra,119,Moderate,55.2,92.2,16.7,6.3,0.6,57.2,2025,July,21
21-07-2025,Manipur,147,Moderate,67.3,96.9,24.5,8.1,0.81,59.8,2025,July,21
21-07-2025,Meghalaya,107,Moderate,47.8,86,19,4.6,0.67,63.7,2025,July,21
21-07-2025,Mizoram,120,Moderate,55.6,82.8,18.3,6.2,0.59,61.1,2025,July,21
21-07-2025,Nagaland,128,Moderate,53.1,86.9,23.1,7.2,0.72,63,2025,July,21
21-07-2025,Odisha,127,Moderate,49.2,82.4,22.2,6.1,0.64,57.7,2025,July,21
21-07-2025,Punjab,119,Moderate,46.6,76.1,17.5,5.6,0.69,59.2,2025,July,21
21-07-2025,Rajasthan,54,Satisfactory,27.2,29.8,11.3,3,0.29,65,2025,July,21
21-07-2025,Sikkim,113,Moderate,48.8,90.1,17.8,5.5,0.58,64.3,2025,July,21
21-07-2025,Tamil Nadu,106,Moderate,47.5,80.2,15.1,6.3,0.53,62.8,2025,July,21
21-07-2025,Telangana,83,Satisfactory,34.2,53.9,12.9,3.2,0.55,64.3,2025,July,21
21-07-2025,Tripura,116,Moderate,50.8,89.9,19.5,6.4,0.63,61.7,2025,July,21
21-07-2025,Uttar Pradesh,136,Moderate,54.7,97,19.1,7.2,0.78,57.4,2025,July,21
21-07-2025,Uttarakhand,91,Satisfactory,34.9,72.3,11.7,3.9,0.61,66.8,2025,July,21
21-07-2025,West Bengal,63,Satisfactory,22.9,46.2,7.6,4,0.39,61.5,2025,July,21
22-07-2025,Andhra Pradesh,131,Moderate,52.2,91.2,19.7,5.9,0.73,60.9,2025,July,22
22-07-2025,Arunachal Pradesh,65,Satisfactory,30.4,48.5,10.6,3.3,0.35,68.9,2025,July,22
22-07-2025,Assam,146,Moderate,66.2,101.3,23.7,6.4,0.87,61.6,2025,July,22
22-07-2025,Bihar,87,Satisfactory,41.5,55.8,11.7,3.6,0.54,59.4,2025,July,22
22-07-2025,Chhattisgarh,78,Satisfactory,30.9,64.5,10.7,4.9,0.36,66.5,2025,July,22
22-07-2025,Goa,82,Satisfactory,33,68.2,12,3.3,0.55,63.5,2025,July,22
22-07-2025,Gujarat,103,Moderate,40.1,71.3,18.7,4.5,0.64,58.6,2025,July,22
22-07-2025,Haryana,78,Satisfactory,27.3,54.3,13.6,3.4,0.47,59.6,2025,July,22
22-07-2025,Himachal Pradesh,146,Moderate,65.3,108.6,22.1,7.9,0.77,54.6,2025,July,22
22-07-2025,Jharkhand,158,Moderate,69.4,113,24.4,7.8,0.95,59.7,2025,July,22
22-07-2025,Karnataka,100,Satisfactory,39.4,63.6,16.1,4.3,0.59,64.1,2025,July,22
22-07-2025,Kerala,128,Moderate,54.1,100.3,23.1,5.7,0.72,61.4,2025,July,22
22-07-2025,Madhya Pradesh,58,Satisfactory,25.4,33,11.3,3.8,0.23,61.9,2025,July,22
22-07-2025,Maharashtra,147,Moderate,62.7,107.4,25,7.3,0.8,58.4,2025,July,22
22-07-2025,Manipur,135,Moderate,57,94.9,21.9,6.3,0.82,55.5,2025,July,22
22-07-2025,Meghalaya,83,Satisfactory,40.4,69.2,11.5,4.7,0.38,66.6,2025,July,22
22-07-2025,Mizoram,140,Moderate,60.9,100.8,25.2,7.3,0.73,63,2025,July,22
22-07-2025,Nagaland,131,Moderate,49.6,87.9,20.6,6.3,0.79,61.5,2025,July,22
22-07-2025,Odisha,114,Moderate,44.5,90.9,16.3,6.1,0.63,63,2025,July,22
22-07-2025,Punjab,119,Moderate,53.7,88.6,21.9,5.4,0.61,63.6,2025,July,22
22-07-2025,Rajasthan,43,Good,16.5,32.1,8.2,2.2,0.2,63.3,2025,July,22
22-07-2025,Sikkim,149,Moderate,64,101.7,25.5,7,0.92,57.9,2025,July,22
22-07-2025,Tamil Nadu,104,Moderate,43.1,76.8,19.5,5.8,0.64,65.8,2025,July,22
22-07-2025,Telangana,108,Moderate,47.5,77.6,16.4,4.5,0.54,61.9,2025,July,22
22-07-2025,Tripura,148,Moderate,64.9,106.8,26.5,7.4,0.82,61.3,2025,July,22
22-07-2025,Uttar Pradesh,146,Moderate,57.5,102.7,22.3,7.9,0.91,61.5,2025,July,22
22-07-2025,Uttarakhand,79,Satisfactory,30.9,52.9,9.8,4.8,0.45,61.5,2025,July,22
22-07-2025,West Bengal,70,Satisfactory,33.9,56.3,11.2,3.4,0.41,65,2025,July,22
23-07-2025,Andhra Pradesh,130,Moderate,54.6,102.4,23,7,0.75,62,2025,July,23
23-07-2025,Arunachal Pradesh,72,Satisfactory,31.8,51,13.7,4.2,0.42,61.2,2025,July,23
23-07-2025,Assam,149,Moderate,57.5,112.6,26,7.5,0.78,55.1,2025,July,23
23-07-2025,Bihar,91,Satisfactory,36.4,64.1,14.3,5.1,0.59,60.3,2025,July,23
23-07-2025,Chhattisgarh,92,Satisfactory,39.7,69.6,13.8,5.1,0.52,58.5,2025,July,23
23-07-2025,Goa,98,Satisfactory,45.2,73.7,16.3,5.9,0.6,58.8,2025,July,23
23-07-2025,Gujarat,77,Satisfactory,35.8,48.8,10.6,3.3,0.45,60.5,2025,July,23
23-07-2025,Haryana,61,Satisfactory,24.3,52.8,11.5,2.4,0.39,68.6,2025,July,23
23-07-2025,Himachal Pradesh,139,Moderate,54.7,105.9,19.8,7.4,0.73,63.2,2025,July,23
23-07-2025,Jharkhand,170,Moderate,71.8,130.7,25.4,9.5,0.98,52.9,2025,July,23
23-07-2025,Karnataka,87,Satisfactory,42.3,70,12.2,4.2,0.57,67.1,2025,July,23
23-07-2025,Kerala,106,Moderate,38.9,82.2,17.1,5.7,0.58,61.9,2025,July,23
23-07-2025,Madhya Pradesh,79,Satisfactory,36.6,52.7,13.6,4.8,0.51,63,2025,July,23
23-07-2025,Maharashtra,133,Moderate,55.4,91.4,22.2,5.8,0.67,61.3,2025,July,23
23-07-2025,Manipur,132,Moderate,51.8,103,20,7.2,0.72,62.8,2025,July,23
23-07-2025,Meghalaya,78,Satisfactory,31.9,55.7,12.5,2.9,0.52,64.4,2025,July,23
23-07-2025,Mizoram,104,Moderate,39.7,66,18.8,6,0.52,62.4,2025,July,23
23-07-2025,Nagaland,147,Moderate,60,113.9,24.7,7.4,0.9,57.3,2025,July,23
23-07-2025,Odisha,107,Moderate,41.5,83.8,16.9,4.7,0.59,63.2,2025,July,23
23-07-2025,Punjab,154,Moderate,63.3,119.1,24.2,8.1,0.92,52.7,2025,July,23
23-07-2025,Rajasthan,75,Satisfactory,34.5,63.2,12.4,2.9,0.35,64,2025,July,23
23-07-2025,Sikkim,118,Moderate,48.9,80,16,5.3,0.57,65.4,2025,July,23
23-07-2025,Tamil Nadu,87,Satisfactory,32.3,59.5,16.4,4.3,0.56,63,2025,July,23
23-07-2025,Telangana,73,Satisfactory,36.6,62.5,9.8,2.8,0.4,66.9,2025,July,23
23-07-2025,Tripura,147,Moderate,59.9,108.7,21,6.5,0.83,59.7,2025,July,23
23-07-2025,Uttar Pradesh,116,Moderate,44.3,85.5,15.7,5.7,0.66,61.9,2025,July,23
23-07-2025,Uttarakhand,99,Satisfactory,35.6,67.8,18.7,5.6,0.48,65.4,2025,July,23
23-07-2025,West Bengal,84,Satisfactory,33.2,56.5,14.3,4,0.54,68,2025,July,23
24-07-2025,Andhra Pradesh,140,Moderate,62.6,96.5,23.8,7.4,0.84,55.4,2025,July,24
24-07-2025,Arunachal Pradesh,69,Satisfactory,23.8,41.2,12.2,2.5,0.35,63.9,2025,July,24
24-07-2025,Assam,139,Moderate,53.1,95.5,24.7,6.3,0.81,55.3,2025,July,24
24-07-2025,Bihar,69,Satisfactory,26.2,54.2,8.9,4.4,0.4,61,2025,July,24
24-07-2025,Chhattisgarh,111,Moderate,51.2,80.1,17.6,6.2,0.54,58.2,2025,July,24
24-07-2025,Goa,80,Satisfactory,32.9,60.6,11.4,3.6,0.5,68.1,2025,July,24
24-07-2025,Gujarat,96,Satisfactory,34.5,75.4,15.9,4.1,0.56,62.1,2025,July,24
24-07-2025,Haryana,61,Satisfactory,30.3,34.7,11.5,3.4,0.29,65.7,2025,July,24
24-07-2025,Himachal Pradesh,154,Moderate,68.5,119.4,25.5,8.4,0.9,61.9,2025,July,24
24-07-2025,Jharkhand,166,Moderate,73.5,111.9,25.2,8.8,1,52.7,2025,July,24
24-07-2025,Karnataka,60,Satisfactory,21,38.1,9.6,3.8,0.26,61.8,2025,July,24
24-07-2025,Kerala,112,Moderate,50.3,84.2,19.7,5.7,0.63,62.6,2025,July,24
24-07-2025,Madhya Pradesh,52,Satisfactory,24.9,30.4,7.2,1.7,0.23,66.7,2025,July,24
24-07-2025,Maharashtra,136,Moderate,55.7,96.8,19.6,7.6,0.84,55.8,2025,July,24
24-07-2025,Manipur,142,Moderate,55.3,109.8,24.8,6.3,0.77,59.6,2025,July,24
24-07-2025,Meghalaya,98,Satisfactory,46.1,66.8,17.5,4.6,0.58,67.1,2025,July,24
24-07-2025,Mizoram,111,Moderate,42.7,70.1,17.3,5,0.61,56.2,2025,July,24
24-07-2025,Nagaland,127,Moderate,47.6,82,17.9,6.7,0.77,61.7,2025,July,24
24-07-2025,Odisha,106,Moderate,41.5,76.6,14.2,4.6,0.58,57.4,2025,July,24
24-07-2025,Punjab,120,Moderate,48.9,87,16.6,6.2,0.62,64.3,2025,July,24
24-07-2025,Rajasthan,75,Satisfactory,28.6,60.9,10.8,3.6,0.4,64,2025,July,24
24-07-2025,Sikkim,107,Moderate,48.9,85.9,17.4,5.4,0.53,57.6,2025,July,24
24-07-2025,Tamil Nadu,112,Moderate,50.5,74,18.2,5.3,0.55,59.1,2025,July,24
24-07-2025,Telangana,75,Satisfactory,32.9,49.1,11.5,3.7,0.44,65.8,2025,July,24
24-07-2025,Tripura,139,Moderate,62.2,95.7,19.4,7.2,0.71,63,2025,July,24
24-07-2025,Uttar Pradesh,144,Moderate,65,98.8,23.4,7.8,0.84,62.9,2025,July,24
24-07-2025,Uttarakhand,65,Satisfactory,22.5,50.8,11.7,2.5,0.32,64.9,2025,July,24
24-07-2025,West Bengal,87,Satisfactory,41.9,54.6,14.7,3.8,0.45,62.9,2025,July,24
25-07-2025,Andhra Pradesh,133,Moderate,57.6,102.1,24.2,6.9,0.79,54.9,2025,July,25
25-07-2025,Arunachal Pradesh,86,Satisfactory,32.5,62.6,15.2,3.9,0.43,64.2,2025,July,25
25-07-2025,Assam,106,Moderate,42.4,79.2,15.6,5.9,0.61,64,2025,July,25
25-07-2025,Bihar,68,Satisfactory,27.6,58.7,8.3,2.7,0.35,63.9,2025,July,25
25-07-2025,Chhattisgarh,90,Satisfactory,37.3,64.4,12.2,4.7,0.54,62.2,2025,July,25
25-07-2025,Goa,92,Satisfactory,34.4,65.4,12.1,4.1,0.59,59.9,2025,July,25
25-07-2025,Gujarat,81,Satisfactory,34.9,68.3,11.7,4.5,0.44,67,2025,July,25
25-07-2025,Haryana,78,Satisfactory,29.4,49.4,10.2,3.4,0.4,65.4,2025,July,25
25-07-2025,Himachal Pradesh,150,Moderate,61.6,101.5,22.8,7.7,0.83,58.4,2025,July,25
25-07-2025,Jharkhand,156,Moderate,61.2,106.8,25.9,7.3,0.83,54.3,2025,July,25
25-07-2025,Karnataka,80,Satisfactory,36.2,65.1,9.9,4,0.4,63.6,2025,July,25
25-07-2025,Kerala,149,Moderate,59.4,100,26.3,8.3,0.79,58.3,2025,July,25
25-07-2025,Madhya Pradesh,47,Good,16.7,32.9,6.9,3.1,0.3,61.3,2025,July,25
25-07-2025,Maharashtra,141,Moderate,65,100,25.5,7.2,0.81,54.6,2025,July,25
25-07-2025,Manipur,112,Moderate,41.5,90.1,17.7,5.1,0.68,56.4,2025,July,25
25-07-2025,Meghalaya,93,Satisfactory,40.2,68.6,13.1,3.7,0.52,62,2025,July,25
25-07-2025,Mizoram,124,Moderate,53.1,86,18.8,6.4,0.63,63.1,2025,July,25
25-07-2025,Nagaland,111,Moderate,47.7,82.6,15.9,6.3,0.71,62.3,2025,July,25
25-07-2025,Odisha,90,Satisfactory,38.5,58.7,14.9,3.6,0.53,57.8,2025,July,25
25-07-2025,Punjab,144,Moderate,63.7,96.2,25.8,7.7,0.88,55.8,2025,July,25
25-07-2025,Rajasthan,78,Satisfactory,30,54,10.1,4.6,0.5,59.2,2025,July,25
25-07-2025,Sikkim,123,Moderate,56.1,97.3,21.5,5.8,0.62,64.2,2025,July,25
25-07-2025,Tamil Nadu,129,Moderate,51.3,87.2,21,7.1,0.65,63.7,2025,July,25
25-07-2025,Telangana,118,Moderate,47.1,87.3,16.3,6.5,0.74,56.7,2025,July,25
25-07-2025,Tripura,109,Moderate,49.3,78.9,18.5,6.4,0.63,64.2,2025,July,25
25-07-2025,Uttar Pradesh,162,Moderate,72.6,108.2,27.9,8.9,1,61.6,2025,July,25
25-07-2025,Uttarakhand,70,Satisfactory,23.5,57.7,9.4,3.2,0.34,59.8,2025,July,25
25-07-2025,West Bengal,64,Satisfactory,21.6,51.1,7.6,3.1,0.35,63,2025,July,25
26-07-2025,Andhra Pradesh,129,Moderate,56,93.3,19.2,7.3,0.66,60,2025,July,26
26-07-2025,Arunachal Pradesh,74,Satisfactory,36.9,62.1,9.6,2.8,0.43,64.6,2025,July,26
26-07-2025,Assam,117,Moderate,51.5,88.2,20.4,6.8,0.59,62.1,2025,July,26
26-07-2025,Bihar,113,Moderate,42,81.7,17.7,5.6,0.62,64.9,2025,July,26
26-07-2025,Chhattisgarh,83,Satisfactory,30.2,57.5,12.1,4.8,0.46,68.1,2025,July,26
26-07-2025,Goa,94,Satisfactory,38.2,67,16.3,4.2,0.53,63.1,2025,July,26
26-07-2025,Gujarat,89,Satisfactory,43,58.8,17.2,4.2,0.43,62.5,2025,July,26
26-07-2025,Haryana,88,Satisfactory,35,70.7,14.6,5.3,0.55,58.4,2025,July,26
26-07-2025,Himachal Pradesh,124,Moderate,54.6,99.1,17.8,7,0.71,60,2025,July,26
26-07-2025,Jharkhand,156,Moderate,62.8,108.1,23.5,7.2,0.88,55.2,2025,July,26
26-07-2025,Karnataka,67,Satisfactory,31.1,40.9,10.4,2.4,0.36,66.3,2025,July,26
26-07-2025,Kerala,125,Moderate,56,87.9,22.1,6.9,0.62,60.2,2025,July,26
26-07-2025,Madhya Pradesh,70,Satisfactory,25.4,40.8,11.4,2.6,0.42,61,2025,July,26
26-07-2025,Maharashtra,147,Moderate,57.6,107.2,23.9,7.5,0.79,62.2,2025,July,26
26-07-2025,Manipur,148,Moderate,63.5,99.6,20.9,6.7,0.88,54.3,2025,July,26
26-07-2025,Meghalaya,74,Satisfactory,35.1,44.9,10,4.7,0.49,62.5,2025,July,26
26-07-2025,Mizoram,135,Moderate,61.8,96.4,19.7,6.6,0.76,61.7,2025,July,26
26-07-2025,Nagaland,137,Moderate,61.8,101.3,20.7,7.7,0.83,59.3,2025,July,26
26-07-2025,Odisha,115,Moderate,53.6,88.5,16,5.8,0.7,59.2,2025,July,26
26-07-2025,Punjab,132,Moderate,58.5,94.4,19.2,7.4,0.74,62,2025,July,26
26-07-2025,Rajasthan,74,Satisfactory,35,48.2,13,4.6,0.44,61,2025,July,26
26-07-2025,Sikkim,129,Moderate,49.6,88.6,18.6,5.5,0.63,56,2025,July,26
26-07-2025,Tamil Nadu,98,Satisfactory,42.2,63.3,13.8,4.8,0.57,60.5,2025,July,26
26-07-2025,Telangana,68,Satisfactory,26.1,57.6,12.8,3.6,0.31,69.2,2025,July,26
26-07-2025,Tripura,102,Moderate,48.7,68.9,18.3,5.4,0.67,66.2,2025,July,26
26-07-2025,Uttar Pradesh,131,Moderate,51,94.7,18.5,5.6,0.69,60.6,2025,July,26
26-07-2025,Uttarakhand,70,Satisfactory,29,53.8,13.7,3.9,0.36,60.1,2025,July,26
26-07-2025,West Bengal,77,Satisfactory,32.8,56,13.7,4.8,0.47,60.1,2025,July,26
27-07-2025,Andhra Pradesh,109,Moderate,41.6,76.9,15.3,5.9,0.7,56.6,2025,July,27
27-07-2025,Arunachal Pradesh,59,Satisfactory,26.6,42.8,11.3,3.7,0.26,60.7,2025,July,27
27-07-2025,Assam,103,Moderate,49.2,82,17.8,4.5,0.52,64,2025,July,27
27-07-2025,Bihar,104,Moderate,43.8,84.8,15.7,5.2,0.64,59.4,2025,July,27
27-07-2025,Chhattisgarh,83,Satisfactory,28.9,65.9,15.4,4.4,0.39,58.5,2025,July,27
27-07-2025,Goa,82,Satisfactory,30.9,64.8,14.2,4.8,0.53,63.1,2025,July,27
27-07-2025,Gujarat,61,Satisfactory,23.8,53.7,10.6,2.1,0.42,65.4,2025,July,27
27-07-2025,Haryana,73,Satisfactory,26.2,58.2,9,2.8,0.43,59.7,2025,July,27
27-07-2025,Himachal Pradesh,128,Moderate,56.2,92.4,19.1,6,0.77,63.4,2025,July,27
27-07-2025,Jharkhand,139,Moderate,63.7,99,20,6.9,0.85,60.2,2025,July,27
27-07-2025,Karnataka,94,Satisfactory,37.3,65.7,17,4.4,0.44,66.9,2025,July,27
27-07-2025,Kerala,144,Moderate,59.8,101.5,23.6,7.2,0.89,58.8,2025,July,27
27-07-2025,Madhya Pradesh,59,Satisfactory,27.5,33.6,6.5,2.9,0.33,66.8,2025,July,27
27-07-2025,Maharashtra,137,Moderate,55.3,99.6,21,5.9,0.69,62.1,2025,July,27
27-07-2025,Manipur,120,Moderate,48.3,78.6,17.4,5.9,0.62,62.6,2025,July,27
27-07-2025,Meghalaya,69,Satisfactory,34.8,50.2,9.8,3.4,0.38,59.6,2025,July,27
27-07-2025,Mizoram,121,Moderate,49,86.5,21.4,6,0.58,55.7,2025,July,27
27-07-2025,Nagaland,121,Moderate,55.1,82.7,20.9,5.1,0.75,58.3,2025,July,27
27-07-2025,Odisha,130,Moderate,53,94.7,20.6,6.7,0.63,58.2,2025,July,27
27-07-2025,Punjab,161,Moderate,71.4,110.4,28.4,7.7,0.92,57.1,2025,July,27
27-07-2025,Rajasthan,49,Good,22.2,42.3,8.7,2.3,0.33,61.2,2025,July,27
27-07-2025,Sikkim,121,Moderate,48.1,83.2,17.2,5.5,0.68,60.2,2025,July,27
27-07-2025,Tamil Nadu,132,Moderate,53.5,98.6,21.8,5.9,0.69,55.2,2025,July,27
27-07-2025,Telangana,73,Satisfactory,25.3,43.6,8.7,3.2,0.45,66.4,2025,July,27
27-07-2025,Tripura,122,Moderate,48.5,95.1,18.8,6.9,0.75,57.7,2025,July,27
27-07-2025,Uttar Pradesh,162,Moderate,67.1,111.6,27.8,7.1,0.97,60.8,2025,July,27
27-07-2025,Uttarakhand,96,Satisfactory,36.3,77.7,18,4.1,0.55,61.4,2025,July,27
27-07-2025,West Bengal,85,Satisfactory,38.3,70.3,16.4,4.1,0.55,63.5,2025,July,27
28-07-2025,Andhra Pradesh,112,Moderate,49.5,78.1,18.2,6.1,0.58,59,2025,July,28
28-07-2025,Arunachal Pradesh,78,Satisfactory,37.7,60.9,10.6,3.3,0.35,61.4,2025,July,28
28-07-2025,Assam,118,Moderate,49.5,75.9,16.4,6,0.72,62.9,2025,July,28
28-07-2025,Bihar,100,Satisfactory,43.5,74.9,17.5,5,0.61,61.8,2025,July,28
28-07-2025,Chhattisgarh,87,Satisfactory,41.3,63.3,14,4.5,0.55,64.1,2025,July,28
28-07-2025,Goa,82,Satisfactory,29.6,56.8,11.7,4.2,0.44,67.1,2025,July,28
28-07-2025,Gujarat,84,Satisfactory,31.7,61.2,13.5,4.9,0.45,60,2025,July,28
28-07-2025,Haryana,59,Satisfactory,30.6,48.8,11,3.1,0.3,66.2,2025,July,28
28-07-2025,Himachal Pradesh,118,Moderate,47,80.4,21.4,5.7,0.57,59.6,2025,July,28
28-07-2025,Jharkhand,156,Moderate,62.8,106.5,27,6.9,0.94,52.8,2025,July,28
28-07-2025,Karnataka,100,Satisfactory,36.7,68.7,13.1,5.1,0.56,66.2,2025,July,28
28-07-2025,Kerala,129,Moderate,59.3,84.3,19.7,6.9,0.67,60.5,2025,July,28
28-07-2025,Madhya Pradesh,50,Good,15.8,29.2,9,1.7,0.25,67.3,2025,July,28
28-07-2025,Maharashtra,113,Moderate,49.3,77.5,20.9,5.3,0.55,64.6,2025,July,28
28-07-2025,Manipur,136,Moderate,54.5,103.7,19.2,6.7,0.77,55.5,2025,July,28
28-07-2025,Meghalaya,79,Satisfactory,30.7,65.5,15.3,4.2,0.37,62.7,2025,July,28
28-07-2025,Mizoram,120,Moderate,44.9,86.2,21,5.6,0.71,61.1,2025,July,28
28-07-2025,Nagaland,119,Moderate,55.6,91.9,20.8,5.9,0.58,61.5,2025,July,28
28-07-2025,Odisha,108,Moderate,43.4,80,18.9,5.8,0.69,66,2025,July,28
28-07-2025,Punjab,125,Moderate,49.6,93.2,22.1,6.9,0.64,63.2,2025,July,28
28-07-2025,Rajasthan,47,Good,13.8,38.4,7.4,2.6,0.21,64.6,2025,July,28
28-07-2025,Sikkim,145,Moderate,63.7,97.2,25.3,7.8,0.71,58.2,2025,July,28
28-07-2025,Tamil Nadu,125,Moderate,47,96.1,20.4,6.3,0.67,55.5,2025,July,28
28-07-2025,Telangana,72,Satisfactory,35.9,48.9,10.9,3.3,0.3,64.8,2025,July,28
28-07-2025,Tripura,129,Moderate,54.6,88.7,18,6.2,0.74,63.9,2025,July,28
28-07-2025,Uttar Pradesh,165,Moderate,67.9,127.6,28.6,7.4,0.85,58.3,2025,July,28
28-07-2025,Uttarakhand,86,Satisfactory,41.4,58.4,15.9,3.9,0.4,67.1,2025,July,28
28-07-2025,West Bengal,68,Satisfactory,24.5,50.2,8.4,4.3,0.43,63.5,2025,July,28
29-07-2025,Andhra Pradesh,108,Moderate,50.7,78.5,17.6,6.1,0.62,65.7,2025,July,29
29-07-2025,Arunachal Pradesh,42,Good,19.9,24.4,4.9,2.4,0.21,62.9,2025,July,29
29-07-2025,Assam,130,Moderate,58.4,95.7,19.4,6.6,0.71,61.3,2025,July,29
29-07-2025,Bihar,79,Satisfactory,36,52.8,9.9,4.8,0.5,62,2025,July,29
29-07-2025,Chhattisgarh,99,Satisfactory,44.3,62.4,16.8,5.2,0.47,62,2025,July,29
29-07-2025,Goa,77,Satisfactory,37.1,65,14.4,3.6,0.42,58.9,2025,July,29
29-07-2025,Gujarat,69,Satisfactory,28.2,59.4,10.9,4.1,0.38,60.3,2025,July,29
29-07-2025,Haryana,47,Good,15.1,24.1,6.3,2,0.3,65.3,2025,July,29
29-07-2025,Himachal Pradesh,165,Moderate,73.4,125.6,26.7,8.3,0.94,53.1,2025,July,29
29-07-2025,Jharkhand,122,Moderate,46.1,82.6,19.7,6,0.61,55.8,2025,July,29
29-07-2025,Karnataka,70,Satisfactory,27.3,58.4,11.6,3.7,0.38,65,2025,July,29
29-07-2025,Kerala,127,Moderate,56.8,95.9,20,7,0.76,62.6,2025,July,29
29-07-2025,Madhya Pradesh,61,Satisfactory,25.1,45.1,9.6,3.4,0.26,67.3,2025,July,29
29-07-2025,Maharashtra,144,Moderate,55,109.6,25.3,7.2,0.84,58,2025,July,29
29-07-2025,Manipur,120,Moderate,53.9,83,18.3,6.6,0.64,60.8,2025,July,29
29-07-2025,Meghalaya,86,Satisfactory,39.9,70.6,11.9,3.9,0.56,60.9,2025,July,29
29-07-2025,Mizoram,109,Moderate,41.3,79.3,19.3,6.2,0.62,59.1,2025,July,29
29-07-2025,Nagaland,157,Moderate,62.3,119.6,25.8,7.4,0.82,53.2,2025,July,29
29-07-2025,Odisha,105,Moderate,41.2,82.3,16.2,5.3,0.49,65.6,2025,July,29
29-07-2025,Punjab,146,Moderate,62.2,110.4,21.6,7.8,0.82,54.6,2025,July,29
29-07-2025,Rajasthan,62,Satisfactory,29.3,40.7,9,3.8,0.4,60.2,2025,July,29
29-07-2025,Sikkim,116,Moderate,53.6,79.5,15.8,6.3,0.74,56.2,2025,July,29
29-07-2025,Tamil Nadu,120,Moderate,44.7,95.7,20.9,6.6,0.6,58.7,2025,July,29
29-07-2025,Telangana,117,Moderate,50.5,86.9,21.4,6.6,0.57,62,2025,July,29
29-07-2025,Tripura,128,Moderate,53.6,88.2,21.3,5.7,0.64,62.8,2025,July,29
29-07-2025,Uttar Pradesh,156,Moderate,65.3,119.7,25.9,8.8,0.87,56.3,2025,July,29
29-07-2025,Uttarakhand,90,Satisfactory,34.4,73.1,11.9,5.5,0.44,62.8,2025,July,29
29-07-2025,West Bengal,71,Satisfactory,26.6,56.6,11.6,4.2,0.41,67.5,2025,July,29
30-07-2025,Andhra Pradesh,114,Moderate,51,79,19.5,4.8,0.73,62.2,2025,July,30
30-07-2025,Arunachal Pradesh,86,Satisfactory,38.6,60,12.8,4,0.55,64,2025,July,30
30-07-2025,Assam,147,Moderate,58.9,106.2,25.8,7,0.86,55.5,2025,July,30
30-07-2025,Bihar,95,Satisfactory,34.7,77,16.7,5.4,0.56,63.5,2025,July,30
30-07-2025,Chhattisgarh,92,Satisfactory,36.1,63.4,15.7,5.4,0.5,60.6,2025,July,30
30-07-2025,Goa,68,Satisfactory,24,56,9.1,3.6,0.39,59.6,2025,July,30
30-07-2025,Gujarat,89,Satisfactory,38.2,71.3,14.7,5.1,0.55,67.2,2025,July,30
30-07-2025,Haryana,59,Satisfactory,28,44.1,10.4,3.4,0.35,64.4,2025,July,30
30-07-2025,Himachal Pradesh,160,Moderate,64.5,120.7,28,8.8,0.79,61.9,2025,July,30
30-07-2025,Jharkhand,162,Moderate,67.3,109.5,25.5,7.7,0.83,57.4,2025,July,30
30-07-2025,Karnataka,63,Satisfactory,31.2,51.9,11.9,3.8,0.35,62.5,2025,July,30
30-07-2025,Kerala,127,Moderate,52.5,89.9,23.2,6.7,0.76,64.1,2025,July,30
30-07-2025,Madhya Pradesh,53,Satisfactory,19.1,34.2,7.3,2.9,0.27,68.8,2025,July,30
30-07-2025,Maharashtra,147,Moderate,63.8,110.6,24.2,6.4,0.72,56.7,2025,July,30
30-07-2025,Manipur,111,Moderate,42.4,75.9,15.7,5.4,0.54,57.2,2025,July,30
30-07-2025,Meghalaya,70,Satisfactory,26.2,45.9,12.2,3,0.43,67.9,2025,July,30
30-07-2025,Mizoram,122,Moderate,46.5,84.1,19.3,5.6,0.74,62.6,2025,July,30
30-07-2025,Nagaland,133,Moderate,57.2,104,20.1,6.9,0.81,57.3,2025,July,30
30-07-2025,Odisha,120,Moderate,48.6,95.4,16.6,5.1,0.7,58.9,2025,July,30
30-07-2025,Punjab,116,Moderate,54,82.4,17,4.9,0.56,62.2,2025,July,30
30-07-2025,Rajasthan,54,Satisfactory,27.3,44,7.9,3.4,0.38,63.2,2025,July,30
30-07-2025,Sikkim,113,Moderate,49.1,87.2,16.9,6.3,0.55,61.9,2025,July,30
30-07-2025,Tamil Nadu,91,Satisfactory,35.4,59.1,14.8,4.9,0.49,66.5,2025,July,30
30-07-2025,Telangana,111,Moderate,40.8,85.7,20.6,5,0.63,63.4,2025,July,30
30-07-2025,Tripura,126,Moderate,53.7,87.5,22.7,7,0.78,64.1,2025,July,30
30-07-2025,Uttar Pradesh,159,Moderate,68.8,124.3,26.7,8.6,0.96,56.8,2025,July,30
30-07-2025,Uttarakhand,86,Satisfactory,30.2,60.5,14.2,3.3,0.54,66.8,2025,July,30
30-07-2025,West Bengal,48,Good,23.4,30.4,8.5,2.2,0.21,64.5,2025,July,30
31-07-2025,Andhra Pradesh,130,Moderate,51.7,89.3,18.7,7.3,0.76,57,2025,July,31
31-07-2025,Arunachal Pradesh,67,Satisfactory,24.3,44.4,12.3,2.8,0.4,66.9,2025,July,31
31-07-2025,Assam,110,Moderate,50.4,82.4,17,5.5,0.57,57.2,2025,July,31
31-07-2025,Bihar,71,Satisfactory,26.8,44.2,14.2,3.5,0.4,61.5,2025,July,31
31-07-2025,Chhattisgarh,79,Satisfactory,39,50,13,4.7,0.34,66.1,2025,July,31
31-07-2025,Goa,64,Satisfactory,22.3,39.9,10.7,3.4,0.39,63.9,2025,July,31
31-07-2025,Gujarat,69,Satisfactory,25.6,56.9,13.9,3.9,0.31,68,2025,July,31
31-07-2025,Haryana,76,Satisfactory,28.1,56.8,10.4,3.2,0.51,66.5,2025,July,31
31-07-2025,Himachal Pradesh,153,Moderate,65.9,102.5,26.6,7,0.93,61,2025,July,31
31-07-2025,Jharkhand,144,Moderate,65.9,99.9,25.2,6.5,0.81,61.1,2025,July,31
31-07-2025,Karnataka,104,Moderate,41.1,67.5,14.8,4.6,0.5,66.2,2025,July,31
31-07-2025,Kerala,125,Moderate,55,87.9,18.2,6.2,0.69,63,2025,July,31
31-07-2025,Madhya Pradesh,87,Satisfactory,39.9,62.1,14.3,5.3,0.48,61.9,2025,July,31
31-07-2025,Maharashtra,139,Moderate,62.5,101.9,22.4,6,0.68,60.3,2025,July,31
31-07-2025,Manipur,131,Moderate,61,92.6,22.3,7.3,0.82,63.1,2025,July,31
31-07-2025,Meghalaya,93,Satisfactory,41.4,63.1,12,4.9,0.59,65.8,2025,July,31
31-07-2025,Mizoram,115,Moderate,46,87.9,18.3,5.2,0.66,57.9,2025,July,31
31-07-2025,Nagaland,118,Moderate,50.8,92,19.3,6.5,0.72,57.1,2025,July,31
31-07-2025,Odisha,134,Moderate,55.5,92.6,23.1,7.1,0.77,54.8,2025,July,31
31-07-2025,Punjab,152,Moderate,60.3,105.8,22,7.1,0.78,57.2,2025,July,31
31-07-2025,Rajasthan,81,Satisfactory,38,67.4,10.3,4,0.49,64.6,2025,July,31
31-07-2025,Sikkim,103,Moderate,41.8,74.9,14.9,5.3,0.67,58.4,2025,July,31
31-07-2025,Tamil Nadu,86,Satisfactory,33.7,60.1,15.2,3.9,0.44,67,2025,July,31
31-07-2025,Telangana,97,Satisfactory,36.5,70.3,14.7,4.8,0.5,61.6,2025,July,31
31-07-2025,Tripura,135,Moderate,55,89.4,22.8,6.7,0.85,59.5,2025,July,31
31-07-2025,Uttar Pradesh,132,Moderate,50.7,99.5,20,7.1,0.8,55.4,2025,July,31
31-07-2025,Uttarakhand,103,Moderate,40.5,64.7,18.5,5.7,0.52,58.6,2025,July,31
31-07-2025,West Bengal,74,Satisfactory,36.8,58.2,11,3.1,0.45,61.4,2025,July,31
01-08-2025,Andhra Pradesh,122,Moderate,46.1,94.6,18.4,6.6,0.71,56.2,2025,August,1
01-08-2025,Arunachal Pradesh,57,Satisfactory,29.7,40.3,7.3,2.9,0.42,64.9,2025,August,1
01-08-2025,Assam,113,Moderate,52.6,87,15.7,5.6,0.65,56.9,2025,August,1
01-08-2025,Bihar,94,Satisfactory,36.7,58.5,12.2,5.4,0.58,61.1,2025,August,1
01-08-2025,Chhattisgarh,75,Satisfactory,28.5,52,10,3.7,0.51,64.8,2025,August,1
01-08-2025,Goa,79,Satisfactory,38,61.6,11.2,3.4,0.45,63.4,2025,August,1
01-08-2025,Gujarat,96,Satisfactory,44.3,77.8,14.6,5.1,0.62,63.7,2025,August,1
01-08-2025,Haryana,45,Good,16.8,23,8.5,2.7,0.33,63.9,2025,August,1
01-08-2025,Himachal Pradesh,158,Moderate,67.6,112.7,25.5,7.5,0.87,54.8,2025,August,1
01-08-2025,Jharkhand,122,Moderate,50.6,79.1,20.3,6.9,0.66,55.5,2025,August,1
01-08-2025,Karnataka,80,Satisfactory,31.6,56.7,14.1,4.6,0.51,63.7,2025,August,1
01-08-2025,Kerala,106,Moderate,43.4,73.9,15.2,6.2,0.66,61.3,2025,August,1
01-08-2025,Madhya Pradesh,46,Good,18.1,30.6,6.1,2.6,0.33,70,2025,August,1
01-08-2025,Maharashtra,143,Moderate,56.9,112.6,22.2,6.9,0.77,55.7,2025,August,1
01-08-2025,Manipur,155,Moderate,64.7,101.8,25.5,8.5,0.95,58.5,2025,August,1
01-08-2025,Meghalaya,101,Moderate,40.8,70.6,18.9,5.5,0.63,62.4,2025,August,1
01-08-2025,Mizoram,95,Satisfactory,44.1,72.7,15.4,4.6,0.61,62.8,2025,August,1
01-08-2025,Nagaland,137,Moderate,56.1,104.9,21.8,6.4,0.81,63.5,2025,August,1
01-08-2025,Odisha,91,Satisfactory,39.4,57.2,13,4.7,0.59,61.1,2025,August,1
01-08-2025,Punjab,116,Moderate,43.7,91.3,18.8,5.8,0.71,59.2,2025,August,1
01-08-2025,Rajasthan,67,Satisfactory,26.3,48.7,11.3,3.7,0.38,63.8,2025,August,1
01-08-2025,Sikkim,130,Moderate,58.5,91.2,23.4,7.1,0.63,57.7,2025,August,1
01-08-2025,Tamil Nadu,129,Moderate,54.6,83.6,21.8,6.2,0.73,58.3,2025,August,1
01-08-2025,Telangana,68,Satisfactory,29.1,53.5,10.9,3.1,0.42,61.6,2025,August,1
01-08-2025,Tripura,137,Moderate,56.8,88.9,24.8,6,0.78,58.2,2025,August,1
01-08-2025,Uttar Pradesh,162,Moderate,67.3,109.3,25.6,8.7,0.92,56.8,2025,August,1
01-08-2025,Uttarakhand,91,Satisfactory,32.6,72.5,14.9,5.4,0.52,64.8,2025,August,1
01-08-2025,West Bengal,55,Satisfactory,27.4,43.6,7.1,2,0.25,62.1,2025,August,1
02-08-2025,Andhra Pradesh,96,Satisfactory,44.8,74.1,13.7,5.1,0.61,64.2,2025,August,2
02-08-2025,Arunachal Pradesh,71,Satisfactory,24.8,54.3,9.6,4.4,0.3,67.2,2025,August,2
02-08-2025,Assam,131,Moderate,50.3,102.3,19.2,6.1,0.65,63.5,2025,August,2
02-08-2025,Bihar,102,Moderate,41,64.7,15,4.1,0.56,64.5,2025,August,2
02-08-2025,Chhattisgarh,76,Satisfactory,35.5,48.2,11.3,4.4,0.4,62.2,2025,August,2
02-08-2025,Goa,80,Satisfactory,35.6,60.4,13.5,3.8,0.41,66.8,2025,August,2
02-08-2025,Gujarat,61,Satisfactory,25.6,53.3,8.2,2.4,0.28,70.1,2025,August,2
02-08-2025,Haryana,70,Satisfactory,28.7,43.1,13.7,4.1,0.38,65.4,2025,August,2
02-08-2025,Himachal Pradesh,136,Moderate,61.5,102,18.8,5.9,0.73,59.6,2025,August,2
02-08-2025,Jharkhand,122,Moderate,53.8,94.7,19.3,6.1,0.6,61.3,2025,August,2
02-08-2025,Karnataka,65,Satisfactory,27.5,54.9,7.4,4.2,0.36,64.3,2025,August,2
02-08-2025,Kerala,124,Moderate,58,92.6,18.3,6.1,0.6,64.6,2025,August,2
02-08-2025,Madhya Pradesh,56,Satisfactory,28.7,45.5,9.9,1.9,0.36,65.5,2025,August,2
02-08-2025,Maharashtra,139,Moderate,58.6,97.1,19.6,7.3,0.75,57.4,2025,August,2
02-08-2025,Manipur,159,Moderate,65.1,106.5,28.3,7.2,0.84,59.3,2025,August,2
02-08-2025,Meghalaya,108,Moderate,42.7,77,17,4.5,0.63,64.2,2025,August,2
02-08-2025,Mizoram,120,Moderate,55.1,86.6,16.3,5.3,0.59,57.9,2025,August,2
02-08-2025,Nagaland,141,Moderate,55.3,106.1,22.6,7.5,0.78,59.9,2025,August,2
02-08-2025,Odisha,107,Moderate,50.7,85.2,16.4,5.7,0.59,58.2,2025,August,2
02-08-2025,Punjab,154,Moderate,66.1,114.3,26.3,6.9,0.95,60.3,2025,August,2
02-08-2025,Rajasthan,75,Satisfactory,28.6,54.5,14.7,3.3,0.49,64.6,2025,August,2
02-08-2025,Sikkim,123,Moderate,51.1,95.7,20.7,5.2,0.72,57.3,2025,August,2
02-08-2025,Tamil Nadu,101,Moderate,47.6,78.8,18,5.4,0.57,57.6,2025,August,2
02-08-2025,Telangana,111,Moderate,43.8,74.7,16.3,5,0.56,58.2,2025,August,2
02-08-2025,Tripura,112,Moderate,52,77.1,16.9,5.4,0.61,65.8,2025,August,2
02-08-2025,Uttar Pradesh,145,Moderate,55.1,110.9,23.8,6.4,0.8,59.1,2025,August,2
02-08-2025,Uttarakhand,103,Moderate,45.6,72,19.1,5.4,0.54,63.1,2025,August,2
02-08-2025,West Bengal,80,Satisfactory,30.5,63.5,12.1,3.7,0.53,67.4,2025,August,2
03-08-2025,Andhra Pradesh,102,Moderate,45.6,67.7,16.4,4.2,0.62,63,2025,August,3
03-08-2025,Arunachal Pradesh,48,Good,14.8,25.5,10.4,2.4,0.3,64.3,2025,August,3
03-08-2025,Assam,146,Moderate,55.8,103.1,24.3,8.2,0.74,59.8,2025,August,3
03-08-2025,Bihar,99,Satisfactory,42.3,67.4,13,4.4,0.63,57.5,2025,August,3
03-08-2025,Chhattisgarh,90,Satisfactory,43.5,69.9,14.1,3.7,0.42,64.1,2025,August,3
03-08-2025,Goa,73,Satisfactory,29.1,46.4,9.8,3.9,0.34,63.5,2025,August,3
03-08-2025,Gujarat,79,Satisfactory,35.3,52.3,15,4.1,0.42,67.7,2025,August,3
03-08-2025,Haryana,73,Satisfactory,27,46.4,12.6,4.2,0.45,63.6,2025,August,3
03-08-2025,Himachal Pradesh,160,Moderate,73,120,27.6,7.8,0.84,52.6,2025,August,3
03-08-2025,Jharkhand,145,Moderate,66.7,108.9,22.7,8.2,0.86,60,2025,August,3
03-08-2025,Karnataka,64,Satisfactory,23.5,48.4,9.5,3.5,0.43,64.5,2025,August,3
03-08-2025,Kerala,128,Moderate,52.1,99.5,18.4,5.5,0.76,57.4,2025,August,3
03-08-2025,Madhya Pradesh,85,Satisfactory,32.6,61.5,13.8,4.9,0.42,68,2025,August,3
03-08-2025,Maharashtra,142,Moderate,65.3,99.5,21.7,7.6,0.81,55.3,2025,August,3
03-08-2025,Manipur,147,Moderate,65.1,114.8,22.2,6.6,0.83,60.3,2025,August,3
03-08-2025,Meghalaya,91,Satisfactory,42.8,61.8,16.9,4.7,0.57,58.8,2025,August,3
03-08-2025,Mizoram,127,Moderate,49.9,91.7,22.6,7.1,0.68,61.4,2025,August,3
03-08-2025,Nagaland,123,Moderate,53.1,96.5,20.8,5.8,0.6,62.3,2025,August,3
03-08-2025,Odisha,136,Moderate,60.8,101,21.9,5.8,0.86,60.2,2025,August,3
03-08-2025,Punjab,129,Moderate,53,95.4,19.2,6.2,0.76,56.2,2025,August,3
03-08-2025,Rajasthan,45,Good,16.9,36.5,8.1,1.7,0.35,69.2,2025,August,3
03-08-2025,Sikkim,110,Moderate,47.8,88.5,18.5,5.3,0.63,65.2,2025,August,3
03-08-2025,Tamil Nadu,91,Satisfactory,32.6,57.6,12.8,4.1,0.57,64.7,2025,August,3
03-08-2025,Telangana,116,Moderate,45.5,78.5,21.4,5.4,0.6,61.3,2025,August,3
03-08-2025,Tripura,107,Moderate,50.8,78.6,18.4,5.5,0.51,60.4,2025,August,3
03-08-2025,Uttar Pradesh,119,Moderate,48.8,77.4,18.2,6.7,0.65,56.4,2025,August,3
03-08-2025,Uttarakhand,89,Satisfactory,36.5,66.2,13,4.2,0.4,60,2025,August,3
03-08-2025,West Bengal,51,Satisfactory,25.7,29.4,5.8,3.3,0.19,63.4,2025,August,3
04-08-2025,Andhra Pradesh,111,Moderate,42.2,73.9,16.7,4.9,0.59,56.8,2025,August,4
04-08-2025,Arunachal Pradesh,47,Good,19.3,31.2,7.5,2.7,0.21,67.5,2025,August,4
04-08-2025,Assam,117,Moderate,53.5,76.9,18.2,6.4,0.73,61.7,2025,August,4
04-08-2025,Bihar,99,Satisfactory,37.5,67.8,17.4,4,0.47,61.6,2025,August,4
04-08-2025,Chhattisgarh,83,Satisfactory,39.6,56.2,10.4,4.8,0.45,66.1,2025,August,4
04-08-2025,Goa,88,Satisfactory,38.4,62.4,12.2,4.1,0.41,60.7,2025,August,4
04-08-2025,Gujarat,88,Satisfactory,42.9,70,12.5,3.8,0.41,60.6,2025,August,4
04-08-2025,Haryana,40,Good,21,24.3,5.1,2.3,0.23,62.7,2025,August,4
04-08-2025,Himachal Pradesh,139,Moderate,63.7,94.4,23.4,6.6,0.75,54.9,2025,August,4
04-08-2025,Jharkhand,126,Moderate,57.7,83,21.8,7.3,0.66,62.1,2025,August,4
04-08-2025,Karnataka,78,Satisfactory,28.2,51.5,15.1,4.7,0.43,62.8,2025,August,4
04-08-2025,Kerala,130,Moderate,55.6,86.4,22.1,5.9,0.63,64.4,2025,August,4
04-08-2025,Madhya Pradesh,89,Satisfactory,37.8,69.1,11.8,5.1,0.42,63.7,2025,August,4
04-08-2025,Maharashtra,114,Moderate,53.6,73.8,17.5,5.3,0.57,57.6,2025,August,4
04-08-2025,Manipur,111,Moderate,52.4,77.1,19.6,5.9,0.67,60.2,2025,August,4
04-08-2025,Meghalaya,95,Satisfactory,42.6,59.8,13.9,3.9,0.62,57.8,2025,August,4
04-08-2025,Mizoram,107,Moderate,50.4,82,16.3,6.1,0.55,59.2,2025,August,4
04-08-2025,Nagaland,124,Moderate,50.6,84.6,18.5,6.6,0.74,59.4,2025,August,4
04-08-2025,Odisha,96,Satisfactory,45.5,77.8,15.8,5.2,0.48,66.4,2025,August,4
04-08-2025,Punjab,126,Moderate,58.4,96.8,18.3,5.4,0.63,62.7,2025,August,4
04-08-2025,Rajasthan,56,Satisfactory,28,47.8,9.1,2.6,0.29,62,2025,August,4
04-08-2025,Sikkim,120,Moderate,56.1,88.9,20.7,5.7,0.72,62.9,2025,August,4
04-08-2025,Tamil Nadu,112,Moderate,51.5,73,15,5,0.59,57.3,2025,August,4
04-08-2025,Telangana,70,Satisfactory,24.4,51.2,12.8,3.2,0.43,65.2,2025,August,4
04-08-2025,Tripura,102,Moderate,41.4,74.2,16,5.9,0.6,62.3,2025,August,4
04-08-2025,Uttar Pradesh,132,Moderate,51.4,92,19.7,7.4,0.68,62,2025,August,4
04-08-2025,Uttarakhand,65,Satisfactory,26.8,37.5,7.4,3.2,0.36,68.5,2025,August,4
04-08-2025,West Bengal,62,Satisfactory,28.3,38.4,9.9,4,0.4,67.4,2025,August,4
05-08-2025,Andhra Pradesh,121,Moderate,50.7,82.1,20.1,5.2,0.66,64.4,2025,August,5
05-08-2025,Arunachal Pradesh,62,Satisfactory,23.3,42.9,10.7,2.3,0.37,61,2025,August,5
05-08-2025,Assam,106,Moderate,40,76.8,18.4,5.6,0.49,58.3,2025,August,5
05-08-2025,Bihar,92,Satisfactory,40.8,75.9,15.4,5.5,0.43,66.8,2025,August,5
05-08-2025,Chhattisgarh,72,Satisfactory,31.3,52.4,9,4.6,0.35,66,2025,August,5
05-08-2025,Goa,96,Satisfactory,41.9,76.6,13.3,5.2,0.43,66.4,2025,August,5
05-08-2025,Gujarat,69,Satisfactory,25.9,49.4,13,3.6,0.29,64.4,2025,August,5
05-08-2025,Haryana,52,Satisfactory,18.8,39.7,11,2.7,0.32,62.5,2025,August,5
05-08-2025,Himachal Pradesh,165,Moderate,72.4,109.3,26.3,8.3,0.9,60.8,2025,August,5
05-08-2025,Jharkhand,168,Moderate,76.2,115.4,27.9,8.8,0.91,60,2025,August,5
05-08-2025,Karnataka,106,Moderate,39,84.9,18.9,4.9,0.54,62,2025,August,5
05-08-2025,Kerala,135,Moderate,52,92.6,24.1,5.9,0.81,60.7,2025,August,5
05-08-2025,Madhya Pradesh,77,Satisfactory,34.3,46.1,10.7,4.7,0.33,59.7,2025,August,5
05-08-2025,Maharashtra,148,Moderate,59.5,97.7,26.5,7.9,0.85,58.9,2025,August,5
05-08-2025,Manipur,151,Moderate,62.3,102.9,26.2,7.1,0.82,53.8,2025,August,5
05-08-2025,Meghalaya,104,Moderate,39,84.1,18.4,5.7,0.5,59.5,2025,August,5
05-08-2025,Mizoram,126,Moderate,56.5,99,21.2,7.1,0.61,60.1,2025,August,5
05-08-2025,Nagaland,160,Moderate,64.4,122.1,24.6,8,0.91,58.9,2025,August,5
05-08-2025,Odisha,135,Moderate,57.4,97.9,21.2,7.2,0.65,57.4,2025,August,5
05-08-2025,Punjab,149,Moderate,61.7,101.1,23.5,7.7,0.9,56,2025,August,5
05-08-2025,Rajasthan,62,Satisfactory,30.5,43.8,11.2,2.4,0.36,66.7,2025,August,5
05-08-2025,Sikkim,99,Satisfactory,40.1,64.5,13.3,4,0.46,61.3,2025,August,5
05-08-2025,Tamil Nadu,91,Satisfactory,37,68,13.3,5.2,0.55,60.9,2025,August,5
05-08-2025,Telangana,74,Satisfactory,31.2,62.5,8.9,3.6,0.39,65.5,2025,August,5
05-08-2025,Tripura,107,Moderate,41.3,86.8,14.7,4.7,0.6,60.1,2025,August,5
05-08-2025,Uttar Pradesh,163,Moderate,72.3,124.7,25.3,8.1,0.84,52.5,2025,August,5
05-08-2025,Uttarakhand,107,Moderate,50.8,74.7,14.5,5.9,0.51,56.6,2025,August,5
05-08-2025,West Bengal,55,Satisfactory,24.6,44.8,11.4,2.2,0.35,67.7,2025,August,5
06-08-2025,Andhra Pradesh,106,Moderate,40.8,79.4,19.2,4.9,0.68,60.1,2025,August,6
06-08-2025,Arunachal Pradesh,57,Satisfactory,29,35.9,12,2.1,0.41,68.4,2025,August,6
06-08-2025,Assam,122,Moderate,53.3,97.4,17.6,5.7,0.75,62.6,2025,August,6
06-08-2025,Bihar,115,Moderate,43.4,92.6,16.8,6.3,0.71,63,2025,August,6
06-08-2025,Chhattisgarh,95,Satisfactory,38.6,76.3,16.7,3.8,0.53,58.9,2025,August,6
06-08-2025,Goa,80,Satisfactory,30.5,55,11.2,4.2,0.54,63.8,2025,August,6
06-08-2025,Gujarat,99,Satisfactory,39.9,74.2,18.8,5.9,0.51,61.2,2025,August,6
06-08-2025,Haryana,43,Good,16.4,33,9.6,1.4,0.3,66,2025,August,6
06-08-2025,Himachal Pradesh,162,Moderate,70.6,108.8,26.1,7.3,0.91,57.5,2025,August,6
06-08-2025,Jharkhand,162,Moderate,70.6,109.9,26.2,9,0.98,57.5,2025,August,6
06-08-2025,Karnataka,109,Moderate,43.5,81.9,18.9,5.5,0.51,57.1,2025,August,6
06-08-2025,Kerala,106,Moderate,42.2,79.7,14.5,4.4,0.68,62.1,2025,August,6
06-08-2025,Madhya Pradesh,91,Satisfactory,43.9,55.8,16.8,5.1,0.49,64,2025,August,6
06-08-2025,Maharashtra,117,Moderate,48.6,77,20.7,6.2,0.56,65.3,2025,August,6
06-08-2025,Manipur,148,Moderate,59.7,113,26.1,6.8,0.91,59.1,2025,August,6
06-08-2025,Meghalaya,78,Satisfactory,32.6,52.2,12.7,3.8,0.41,65.4,2025,August,6
06-08-2025,Mizoram,140,Moderate,53.3,94,21.3,8,0.78,60.5,2025,August,6
06-08-2025,Nagaland,145,Moderate,58.9,111.1,24.3,7.2,0.88,62.3,2025,August,6
06-08-2025,Odisha,136,Moderate,57.8,107.2,22.9,7.2,0.71,60.6,2025,August,6
06-08-2025,Punjab,163,Moderate,70.5,111.9,26.1,8.8,0.88,59.9,2025,August,6
06-08-2025,Rajasthan,60,Satisfactory,28.4,48.6,11.4,4,0.43,67.9,2025,August,6
06-08-2025,Sikkim,111,Moderate,52.2,88.4,20.6,4.6,0.6,64,2025,August,6
06-08-2025,Tamil Nadu,126,Moderate,54.7,97.1,17.3,6.9,0.66,61.3,2025,August,6
06-08-2025,Telangana,109,Moderate,50.1,84.5,16.6,5.6,0.61,57.7,2025,August,6
06-08-2025,Tripura,106,Moderate,41.9,72.7,14.5,4.8,0.65,63.7,2025,August,6
06-08-2025,Uttar Pradesh,133,Moderate,52.3,99.4,24.3,6,0.83,58,2025,August,6
06-08-2025,Uttarakhand,94,Satisfactory,38,63.6,14.1,4,0.61,60.6,2025,August,6
06-08-2025,West Bengal,62,Satisfactory,26.6,51,8,3.9,0.35,69.2,2025,August,6
07-08-2025,Andhra Pradesh,142,Moderate,62.5,109.8,21.9,7.5,0.85,54,2025,August,7
07-08-2025,Arunachal Pradesh,87,Satisfactory,32.2,65.2,12.2,5.2,0.42,61,2025,August,7
07-08-2025,Assam,144,Moderate,55.5,95.6,22.5,6.2,0.76,57,2025,August,7
07-08-2025,Bihar,84,Satisfactory,38.2,54.3,14.5,4.1,0.53,65.9,2025,August,7
07-08-2025,Chhattisgarh,110,Moderate,51.6,82.9,14.9,4.9,0.58,62.5,2025,August,7
07-08-2025,Goa,90,Satisfactory,35.7,55.4,14.3,4.1,0.45,66,2025,August,7
07-08-2025,Gujarat,86,Satisfactory,39.8,58,16.1,4,0.45,65.6,2025,August,7
07-08-2025,Haryana,89,Satisfactory,37,65.4,15,4.1,0.54,62.9,2025,August,7
07-08-2025,Himachal Pradesh,165,Moderate,65,127.9,28.2,8,0.93,51.9,2025,August,7
07-08-2025,Jharkhand,148,Moderate,64.3,107.8,25.9,7.3,0.92,58,2025,August,7
07-08-2025,Karnataka,85,Satisfactory,32.2,63.1,12.7,3.8,0.45,67.7,2025,August,7
07-08-2025,Kerala,125,Moderate,46.9,89.1,18.8,6.1,0.62,58.3,2025,August,7
07-08-2025,Madhya Pradesh,78,Satisfactory,34.3,52.2,13.3,4,0.5,61.1,2025,August,7
07-08-2025,Maharashtra,111,Moderate,46.1,80.1,18.8,5.6,0.53,62.1,2025,August,7
07-08-2025,Manipur,116,Moderate,46,78.4,18.5,5.5,0.72,63.3,2025,August,7
07-08-2025,Meghalaya,103,Moderate,38.6,78.2,16.2,5.3,0.6,59.3,2025,August,7
07-08-2025,Mizoram,138,Moderate,57.1,98.5,19.2,6.3,0.73,59.3,2025,August,7
07-08-2025,Nagaland,112,Moderate,50,83.3,17.2,4.7,0.54,57.4,2025,August,7
07-08-2025,Odisha,129,Moderate,51,95.9,21.3,5.5,0.81,59.4,2025,August,7
07-08-2025,Punjab,115,Moderate,45.3,87.2,21,6.2,0.73,61.8,2025,August,7
07-08-2025,Rajasthan,76,Satisfactory,36.4,64.5,12.9,3,0.36,65.9,2025,August,7
07-08-2025,Sikkim,127,Moderate,58.1,83.9,22.7,6,0.64,62.8,2025,August,7
07-08-2025,Tamil Nadu,119,Moderate,51.2,94.2,20.7,6.4,0.72,60.3,2025,August,7
07-08-2025,Telangana,100,Satisfactory,46.2,79,17.3,5.7,0.64,59.5,2025,August,7
07-08-2025,Tripura,140,Moderate,63.9,92.1,24.9,6.2,0.86,62.8,2025,August,7
07-08-2025,Uttar Pradesh,150,Moderate,68.8,106.3,22.1,8.4,0.89,55.8,2025,August,7
07-08-2025,Uttarakhand,67,Satisfactory,31,55.9,13,3.2,0.46,67,2025,August,7
07-08-2025,West Bengal,46,Good,14.4,23.8,10,2.4,0.23,66.8,2025,August,7
08-08-2025,Andhra Pradesh,103,Moderate,37.7,76.1,16.6,5.9,0.64,57.6,2025,August,8
08-08-2025,Arunachal Pradesh,57,Satisfactory,29.6,38.1,9.2,3,0.32,61.9,2025,August,8
08-08-2025,Assam,128,Moderate,48.2,97.3,22.2,5.5,0.7,57,2025,August,8
08-08-2025,Bihar,105,Moderate,45.6,81.1,15.6,4.4,0.68,64.6,2025,August,8
08-08-2025,Chhattisgarh,98,Satisfactory,43.2,80.4,13.1,5,0.47,64.9,2025,August,8
08-08-2025,Goa,110,Moderate,45.5,69.4,14.8,6.4,0.71,61,2025,August,8
08-08-2025,Gujarat,56,Satisfactory,20.8,40.3,7.5,2.2,0.25,69.1,2025,August,8
08-08-2025,Haryana,45,Good,20.2,32.1,7.5,1.9,0.21,71.4,2025,August,8
08-08-2025,Himachal Pradesh,165,Moderate,68.1,126.6,25.9,7.8,1.01,57.5,2025,August,8
08-08-2025,Jharkhand,159,Moderate,69,116.8,23.7,8.4,0.96,55,2025,August,8
08-08-2025,Karnataka,61,Satisfactory,20.3,41.9,9.7,3.9,0.43,68.4,2025,August,8
08-08-2025,Kerala,139,Moderate,61,105.9,22.7,7.1,0.87,59.9,2025,August,8
08-08-2025,Madhya Pradesh,51,Satisfactory,22,45.2,5.6,2.4,0.32,68.8,2025,August,8
08-08-2025,Maharashtra,129,Moderate,55.4,84.3,21.7,7.3,0.66,55.3,2025,August,8
08-08-2025,Manipur,132,Moderate,55.7,90.9,22.3,6.2,0.74,55.5,2025,August,8
08-08-2025,Meghalaya,88,Satisfactory,41,53.8,11.2,4.4,0.39,66.2,2025,August,8
08-08-2025,Mizoram,105,Moderate,45.9,85.2,14.4,4.3,0.52,65.3,2025,August,8
08-08-2025,Nagaland,128,Moderate,47.9,85.6,17.7,5.5,0.8,64.8,2025,August,8
08-08-2025,Odisha,91,Satisfactory,43.9,73.8,14.3,5.5,0.56,66.9,2025,August,8
08-08-2025,Punjab,163,Moderate,73.9,110.8,23.5,7.5,0.98,53.1,2025,August,8
08-08-2025,Rajasthan,44,Good,17.9,38.6,6.3,3.1,0.2,64.6,2025,August,8
08-08-2025,Sikkim,107,Moderate,50.6,75.9,20.1,6.3,0.61,63.2,2025,August,8
08-08-2025,Tamil Nadu,83,Satisfactory,34.5,58,10.4,3.3,0.54,61.2,2025,August,8
08-08-2025,Telangana,90,Satisfactory,37.3,73.9,16.8,5.3,0.42,65,2025,August,8
08-08-2025,Tripura,104,Moderate,41.1,84.6,19.4,4.4,0.62,63.9,2025,August,8
08-08-2025,Uttar Pradesh,133,Moderate,56.7,93.7,21.3,6.3,0.7,55.5,2025,August,8
08-08-2025,Uttarakhand,91,Satisfactory,41,73.6,12.9,5.4,0.52,58.2,2025,August,8
08-08-2025,West Bengal,43,Good,20.3,33.7,5.1,2.4,0.26,71.1,2025,August,8
09-08-2025,Andhra Pradesh,107,Moderate,42.3,82.5,19.8,6.3,0.5,59.8,2025,August,9
09-08-2025,Arunachal Pradesh,87,Satisfactory,34.9,68.6,14.9,3.8,0.41,60.8,2025,August,9
09-08-2025,Assam,152,Moderate,60.6,114.9,22.8,7.2,0.77,59.3,2025,August,9
09-08-2025,Bihar,85,Satisfactory,35.5,69.9,16.4,4.7,0.41,65.2,2025,August,9
09-08-2025,Chhattisgarh,69,Satisfactory,24,49.6,13.2,4.1,0.42,65.8,2025,August,9
09-08-2025,Goa,82,Satisfactory,29,63.9,13.7,4.8,0.47,66.6,2025,August,9
09-08-2025,Gujarat,67,Satisfactory,22.6,40,13.6,3,0.37,64.7,2025,August,9
09-08-2025,Haryana,73,Satisfactory,28,43.6,11.8,4.5,0.45,64.9,2025,August,9
09-08-2025,Himachal Pradesh,144,Moderate,61.3,101,23.8,6.3,0.84,53.9,2025,August,9
09-08-2025,Jharkhand,126,Moderate,57.1,84.3,20.5,5.3,0.64,61.8,2025,August,9
09-08-2025,Karnataka,102,Moderate,39.4,79,16.4,4.2,0.49,58.1,2025,August,9
09-08-2025,Kerala,137,Moderate,52.2,107.7,23.2,5.9,0.69,55.1,2025,August,9
09-08-2025,Madhya Pradesh,84,Satisfactory,40,53.4,15.3,3.5,0.52,60.1,2025,August,9
09-08-2025,Maharashtra,143,Moderate,64.9,102.8,25.2,7.6,0.86,61.8,2025,August,9
09-08-2025,Manipur,130,Moderate,56.7,99.1,23.4,5.5,0.63,64.2,2025,August,9
09-08-2025,Meghalaya,73,Satisfactory,30.7,46,14,4.4,0.47,67.2,2025,August,9
09-08-2025,Mizoram,117,Moderate,52.3,85.4,16.4,5.9,0.71,65.2,2025,August,9
09-08-2025,Nagaland,147,Moderate,57.1,104.2,21.3,8.3,0.73,59.8,2025,August,9
09-08-2025,Odisha,119,Moderate,51.1,91.1,17,6.5,0.75,57.8,2025,August,9
09-08-2025,Punjab,157,Moderate,67.1,117.1,25,8,0.82,53.5,2025,August,9
09-08-2025,Rajasthan,50,Good,17.2,27.4,9,2.2,0.33,61.5,2025,August,9
09-08-2025,Sikkim,145,Moderate,62.6,112.7,22.4,7.2,0.81,58.6,2025,August,9
09-08-2025,Tamil Nadu,101,Moderate,38.2,73.3,16.9,5.9,0.55,57.5,2025,August,9
09-08-2025,Telangana,87,Satisfactory,40.9,55.6,14.1,5,0.53,67.7,2025,August,9
09-08-2025,Tripura,125,Moderate,47.1,84.7,18.7,5.5,0.68,63.6,2025,August,9
09-08-2025,Uttar Pradesh,121,Moderate,54.5,87.6,21.2,6.7,0.72,59.4,2025,August,9
09-08-2025,Uttarakhand,79,Satisfactory,37.1,62,11.1,3.2,0.49,62.5,2025,August,9
09-08-2025,West Bengal,50,Good,23.6,30.9,6.6,2.7,0.22,69,2025,August,9
10-08-2025,Andhra Pradesh,107,Moderate,47.5,79,19.7,6.1,0.64,63.6,2025,August,10
10-08-2025,Arunachal Pradesh,41,Good,22.3,26.4,9.2,2.7,0.17,66.5,2025,August,10
10-08-2025,Assam,105,Moderate,41.8,71.5,17,5,0.5,66,2025,August,10
10-08-2025,Bihar,107,Moderate,45.9,82,16.6,5.2,0.64,57.1,2025,August,10
10-08-2025,Chhattisgarh,70,Satisfactory,27.9,59.8,13.3,3.2,0.42,59.6,2025,August,10
10-08-2025,Goa,70,Satisfactory,31.2,41.1,10.1,2.7,0.45,69,2025,August,10
10-08-2025,Gujarat,87,Satisfactory,37.6,62.8,15.7,4.5,0.43,64.7,2025,August,10
10-08-2025,Haryana,79,Satisfactory,37.5,58.9,10.8,4.5,0.38,66.6,2025,August,10
10-08-2025,Himachal Pradesh,165,Moderate,63.4,127.2,26.2,8.1,0.84,60.9,2025,August,10
10-08-2025,Jharkhand,138,Moderate,54.6,98.2,22.7,7.5,0.86,54.8,2025,August,10
10-08-2025,Karnataka,84,Satisfactory,31.6,68.6,14.7,3.2,0.54,62.4,2025,August,10
10-08-2025,Kerala,129,Moderate,56.5,102.5,20.3,7.4,0.81,55.7,2025,August,10
10-08-2025,Madhya Pradesh,64,Satisfactory,26.4,43.2,9.7,2.7,0.4,60.6,2025,August,10
10-08-2025,Maharashtra,118,Moderate,51.4,85.1,18.2,6.1,0.58,65.5,2025,August,10
10-08-2025,Manipur,120,Moderate,56.1,78.7,19.5,6.3,0.72,62.1,2025,August,10
10-08-2025,Meghalaya,108,Moderate,44.7,75,19.1,5,0.64,60.5,2025,August,10
10-08-2025,Mizoram,108,Moderate,47.4,86.8,19.9,4.6,0.63,59.9,2025,August,10
10-08-2025,Nagaland,135,Moderate,52.7,101.4,19.2,6.3,0.82,63.8,2025,August,10
10-08-2025,Odisha,124,Moderate,56.3,92.4,22.6,6.1,0.7,56.5,2025,August,10
10-08-2025,Punjab,158,Moderate,68.1,122.3,27.2,8.3,0.95,55.6,2025,August,10
10-08-2025,Rajasthan,75,Satisfactory,30.6,46.4,15,3.7,0.42,68.5,2025,August,10
10-08-2025,Sikkim,149,Moderate,56.9,107.3,22.8,8.3,0.83,54,2025,August,10
10-08-2025,Tamil Nadu,89,Satisfactory,39.3,54.9,12.5,4.9,0.5,67.3,2025,August,10
10-08-2025,Telangana,71,Satisfactory,26.2,54.9,13.9,4.4,0.47,63,2025,August,10
10-08-2025,Tripura,133,Moderate,55.1,91.6,24.3,5.7,0.77,63.3,2025,August,10
10-08-2025,Uttar Pradesh,121,Moderate,56.6,96.8,21.8,5.4,0.69,57.3,2025,August,10
10-08-2025,Uttarakhand,75,Satisfactory,36.7,59.9,9.2,2.8,0.4,68.5,2025,August,10
10-08-2025,West Bengal,91,Satisfactory,42.5,66.7,15.8,4.5,0.56,59.8,2025,August,10
11-08-2025,Andhra Pradesh,119,Moderate,52.4,90.8,17.4,5.7,0.56,61.5,2025,August,11
11-08-2025,Arunachal Pradesh,90,Satisfactory,39.8,55,15.5,4,0.56,66.3,2025,August,11
11-08-2025,Assam,116,Moderate,51,91,18.3,6.6,0.61,58.8,2025,August,11
11-08-2025,Bihar,105,Moderate,44.6,79.3,17.8,5,0.67,57.5,2025,August,11
11-08-2025,Chhattisgarh,76,Satisfactory,28.7,50,13.1,3.6,0.47,64.7,2025,August,11
11-08-2025,Goa,64,Satisfactory,31.7,50.7,11.9,2.9,0.4,65.3,2025,August,11
11-08-2025,Gujarat,68,Satisfactory,34.5,50.2,10.7,4.1,0.43,68.3,2025,August,11
11-08-2025,Haryana,58,Satisfactory,21.2,45.6,11.4,2.4,0.37,70.2,2025,August,11
11-08-2025,Himachal Pradesh,128,Moderate,59.2,84.1,19.7,6.4,0.77,56.6,2025,August,11
11-08-2025,Jharkhand,146,Moderate,66.4,96.6,22.8,6.4,0.76,54.9,2025,August,11
11-08-2025,Karnataka,105,Moderate,40.8,80,15.3,4.6,0.59,60.3,2025,August,11
11-08-2025,Kerala,154,Moderate,65.5,116.6,24.6,8.7,0.88,60.8,2025,August,11
11-08-2025,Madhya Pradesh,64,Satisfactory,26.5,49.1,10.6,2.7,0.44,63.6,2025,August,11
11-08-2025,Maharashtra,140,Moderate,62.2,99.4,24,6.3,0.72,62.4,2025,August,11
11-08-2025,Manipur,129,Moderate,53,92.7,22.5,6.7,0.78,63.7,2025,August,11
11-08-2025,Meghalaya,108,Moderate,48.4,74.2,17.6,5.8,0.52,57.2,2025,August,11
11-08-2025,Mizoram,132,Moderate,58.3,99.9,22.2,7.1,0.74,61.2,2025,August,11
11-08-2025,Nagaland,149,Moderate,63.5,104.7,22.7,8.2,0.84,57,2025,August,11
11-08-2025,Odisha,129,Moderate,51.2,96.5,20.4,6.9,0.73,60.4,2025,August,11
11-08-2025,Punjab,116,Moderate,45.4,76.4,20.4,6,0.69,58,2025,August,11
11-08-2025,Rajasthan,55,Satisfactory,19.8,38,8.5,2.5,0.21,66.2,2025,August,11
11-08-2025,Sikkim,131,Moderate,60,102.3,21.1,5.8,0.75,57.6,2025,August,11
11-08-2025,Tamil Nadu,103,Moderate,39.7,67.3,17.2,4.2,0.61,61.6,2025,August,11
11-08-2025,Telangana,114,Moderate,46.9,87.6,18.5,6,0.62,56.6,2025,August,11
11-08-2025,Tripura,143,Moderate,55.1,97.9,21.7,6.3,0.8,61.1,2025,August,11
11-08-2025,Uttar Pradesh,147,Moderate,64.2,100,23.2,7.1,0.89,62.4,2025,August,11
11-08-2025,Uttarakhand,65,Satisfactory,30,54.1,11.4,3.5,0.43,64.6,2025,August,11
11-08-2025,West Bengal,55,Satisfactory,17.2,48.3,8.9,3.4,0.29,64.4,2025,August,11
12-08-2025,Andhra Pradesh,113,Moderate,43.9,91.1,17.4,6.2,0.56,62.9,2025,August,12
12-08-2025,Arunachal Pradesh,76,Satisfactory,25.9,52,12.8,2.9,0.36,63.3,2025,August,12
12-08-2025,Assam,118,Moderate,49.7,89,18.2,6.6,0.57,65.4,2025,August,12
12-08-2025,Bihar,71,Satisfactory,27.9,52.7,14.1,3.7,0.47,67.6,2025,August,12
12-08-2025,Chhattisgarh,74,Satisfactory,26.7,52.6,9,2.7,0.31,63.1,2025,August,12
12-08-2025,Goa,86,Satisfactory,33.9,70.7,15.6,4.7,0.56,66.7,2025,August,12
12-08-2025,Gujarat,64,Satisfactory,28.2,53.7,11.3,3.4,0.27,65.6,2025,August,12
12-08-2025,Haryana,81,Satisfactory,28.2,66,10.9,3.5,0.54,61.2,2025,August,12
12-08-2025,Himachal Pradesh,148,Moderate,62.3,110.6,25.1,6.9,0.75,56.8,2025,August,12
12-08-2025,Jharkhand,151,Moderate,68.7,108.8,25.3,7.3,0.79,59.8,2025,August,12
12-08-2025,Karnataka,68,Satisfactory,30.6,51.4,9.4,3.7,0.43,59.7,2025,August,12
12-08-2025,Kerala,139,Moderate,54.2,93.2,21.7,6.8,0.85,60.2,2025,August,12
12-08-2025,Madhya Pradesh,77,Satisfactory,35.9,57.8,9.5,3.1,0.4,62.3,2025,August,12
12-08-2025,Maharashtra,118,Moderate,49.8,84.1,16.2,5.6,0.58,58.1,2025,August,12
12-08-2025,Manipur,123,Moderate,47.4,84.9,21.1,7.1,0.6,57.6,2025,August,12
12-08-2025,Meghalaya,113,Moderate,50.3,79.8,17,5.7,0.72,65.8,2025,August,12
12-08-2025,Mizoram,113,Moderate,44.6,75.3,20.9,6.6,0.63,57.8,2025,August,12
12-08-2025,Nagaland,147,Moderate,60.4,97.3,20.8,8.3,0.76,57.8,2025,August,12
12-08-2025,Odisha,100,Satisfactory,36.2,72.6,18.6,4.7,0.5,65.9,2025,August,12
12-08-2025,Punjab,141,Moderate,56.1,105.4,22.2,7.2,0.73,61.3,2025,August,12
12-08-2025,Rajasthan,62,Satisfactory,27.5,47.6,8.2,2.3,0.27,62.4,2025,August,12
12-08-2025,Sikkim,118,Moderate,44.6,82.6,19.6,5.2,0.71,60.7,2025,August,12
12-08-2025,Tamil Nadu,107,Moderate,41,79.3,18.8,4.6,0.64,56.6,2025,August,12
12-08-2025,Telangana,82,Satisfactory,37.1,50.6,15,4.9,0.55,61.7,2025,August,12
12-08-2025,Tripura,143,Moderate,55.5,96.6,19.9,7.9,0.87,62.2,2025,August,12
12-08-2025,Uttar Pradesh,153,Moderate,65.3,117.5,23,8.3,0.76,55.6,2025,August,12
12-08-2025,Uttarakhand,92,Satisfactory,37.1,67.6,16.2,4.6,0.54,58.7,2025,August,12
12-08-2025,West Bengal,47,Good,16.1,30,5.6,2.5,0.22,71,2025,August,12
13-08-2025,Andhra Pradesh,112,Moderate,52.2,85.4,15.4,5.3,0.62,66,2025,August,13
13-08-2025,Arunachal Pradesh,75,Satisfactory,33.5,44.2,14.8,4.6,0.38,65.8,2025,August,13
13-08-2025,Assam,152,Moderate,69,100.7,24,8.2,0.77,57.9,2025,August,13
13-08-2025,Bihar,108,Moderate,41.8,86.7,18.1,4.7,0.68,61.6,2025,August,13
13-08-2025,Chhattisgarh,109,Moderate,45.6,74.7,14.6,4.7,0.65,60.9,2025,August,13
13-08-2025,Goa,69,Satisfactory,31.9,46.3,12.9,3.5,0.41,62.2,2025,August,13
13-08-2025,Gujarat,59,Satisfactory,19.4,47.7,9.6,2.6,0.28,68.7,2025,August,13
13-08-2025,Haryana,63,Satisfactory,31.2,36.1,7.3,2.7,0.41,67.7,2025,August,13
13-08-2025,Himachal Pradesh,166,Moderate,67.2,123.1,28.4,7.4,0.99,55.1,2025,August,13
13-08-2025,Jharkhand,136,Moderate,61.9,93.1,20.5,6.6,0.71,54.5,2025,August,13
13-08-2025,Karnataka,79,Satisfactory,34,54.7,11.2,4.9,0.5,64.2,2025,August,13
13-08-2025,Kerala,145,Moderate,60.8,98.4,21.5,8.2,0.87,62.4,2025,August,13
13-08-2025,Madhya Pradesh,54,Satisfactory,25.3,36.3,10.7,2.4,0.23,70,2025,August,13
13-08-2025,Maharashtra,117,Moderate,52.1,91.7,21.7,5.3,0.62,62.2,2025,August,13
13-08-2025,Manipur,142,Moderate,65.5,106.3,19.8,7.8,0.75,61.8,2025,August,13
13-08-2025,Meghalaya,114,Moderate,42.5,87.2,16.8,6.7,0.67,58.1,2025,August,13
13-08-2025,Mizoram,126,Moderate,49,85.1,20.7,6.9,0.7,64.5,2025,August,13
13-08-2025,Nagaland,125,Moderate,54.3,90.4,22.5,5.5,0.72,56.7,2025,August,13
13-08-2025,Odisha,125,Moderate,47.7,83,17.5,5.4,0.74,64.5,2025,August,13
13-08-2025,Punjab,117,Moderate,47,84.7,17.2,5.6,0.64,55.7,2025,August,13
13-08-2025,Rajasthan,44,Good,18.5,31.9,4.7,1.5,0.21,64.8,2025,August,13
13-08-2025,Sikkim,128,Moderate,50.9,96.9,20.4,5.5,0.73,59.7,2025,August,13
13-08-2025,Tamil Nadu,130,Moderate,57.8,88.7,22.3,6.2,0.65,54.6,2025,August,13
13-08-2025,Telangana,111,Moderate,45.2,82.6,16.1,5.2,0.67,63.8,2025,August,13
13-08-2025,Tripura,113,Moderate,51.8,81.9,20.4,6,0.68,65,2025,August,13
13-08-2025,Uttar Pradesh,156,Moderate,67.5,106.8,24.4,7.3,0.78,61.3,2025,August,13
13-08-2025,Uttarakhand,83,Satisfactory,38.6,69.2,13.2,5.1,0.41,59.7,2025,August,13
13-08-2025,West Bengal,58,Satisfactory,20.8,37.7,9.3,3.3,0.27,69.7,2025,August,13
14-08-2025,Andhra Pradesh,127,Moderate,54.6,82.6,21.4,7.3,0.78,60.9,2025,August,14
14-08-2025,Arunachal Pradesh,79,Satisfactory,38.5,66.7,13.5,4.6,0.4,65.4,2025,August,14
14-08-2025,Assam,112,Moderate,51.7,73.5,17.2,4.9,0.59,57.7,2025,August,14
14-08-2025,Bihar,89,Satisfactory,37.9,72.5,15.3,3.6,0.57,64.9,2025,August,14
14-08-2025,Chhattisgarh,91,Satisfactory,36.8,64.2,15.6,5,0.44,63.7,2025,August,14
14-08-2025,Goa,72,Satisfactory,24.8,58.6,13.2,2.8,0.46,60.4,2025,August,14
14-08-2025,Gujarat,80,Satisfactory,34.1,65.5,15.3,4.2,0.5,59,2025,August,14
14-08-2025,Haryana,75,Satisfactory,35.6,50.7,9.9,3,0.49,63.6,2025,August,14
14-08-2025,Himachal Pradesh,142,Moderate,61.6,103.9,23,6.1,0.84,57.4,2025,August,14
14-08-2025,Jharkhand,170,Moderate,68.4,117.9,26.1,8,0.99,55.1,2025,August,14
14-08-2025,Karnataka,82,Satisfactory,29.5,55.9,12.2,3.8,0.5,59.7,2025,August,14
14-08-2025,Kerala,118,Moderate,53.6,90.4,18.9,6.4,0.66,61.2,2025,August,14
14-08-2025,Madhya Pradesh,52,Satisfactory,20.7,42.8,7.7,2.4,0.2,70,2025,August,14
14-08-2025,Maharashtra,106,Moderate,40.2,69,14.3,5.1,0.49,62.3,2025,August,14
14-08-2025,Manipur,140,Moderate,57.9,94.7,20.7,6.9,0.79,60.6,2025,August,14
14-08-2025,Meghalaya,80,Satisfactory,27.9,59.3,10.1,3.4,0.51,65.4,2025,August,14
14-08-2025,Mizoram,98,Satisfactory,42.5,72.6,16.8,5.4,0.53,61.7,2025,August,14
14-08-2025,Nagaland,138,Moderate,53.6,94,20.6,7.1,0.67,63.4,2025,August,14
14-08-2025,Odisha,103,Moderate,48.1,67,16.8,5.8,0.59,63.2,2025,August,14
14-08-2025,Punjab,157,Moderate,61.1,110.8,27.8,7,0.95,52.9,2025,August,14
14-08-2025,Rajasthan,80,Satisfactory,34,48.5,13.1,3.8,0.37,65.8,2025,August,14
14-08-2025,Sikkim,104,Moderate,42.9,77.3,17.3,5.6,0.64,61.7,2025,August,14
14-08-2025,Tamil Nadu,87,Satisfactory,38.9,52.8,12.6,4.7,0.53,61.3,2025,August,14
14-08-2025,Telangana,114,Moderate,49.4,83.9,21.1,5.8,0.67,64.4,2025,August,14
14-08-2025,Tripura,117,Moderate,48.2,89.1,16.6,6.7,0.72,57.3,2025,August,14
14-08-2025,Uttar Pradesh,136,Moderate,59.7,89.2,20.6,6,0.73,54.5,2025,August,14
14-08-2025,Uttarakhand,61,Satisfactory,20.5,35.3,10.1,3.2,0.42,65,2025,August,14
14-08-2025,West Bengal,89,Satisfactory,34.6,54.1,12.3,4.3,0.5,59.9,2025,August,14
15-08-2025,Andhra Pradesh,138,Moderate,52,105.5,20.3,7.6,0.73,56.1,2025,August,15
15-08-2025,Arunachal Pradesh,88,Satisfactory,34.3,60.9,16.7,4.1,0.48,58.7,2025,August,15
15-08-2025,Assam,139,Moderate,63.2,108.5,20.9,7.3,0.81,58.2,2025,August,15
15-08-2025,Bihar,99,Satisfactory,45.5,79.3,14.5,4.3,0.5,57.2,2025,August,15
15-08-2025,Chhattisgarh,84,Satisfactory,32,53.4,11.9,4.6,0.42,62.8,2025,August,15
15-08-2025,Goa,94,Satisfactory,33.8,58.6,15.1,3.9,0.6,61.3,2025,August,15
15-08-2025,Gujarat,70,Satisfactory,32.9,52.2,10.7,3.7,0.31,64.8,2025,August,15
15-08-2025,Haryana,83,Satisfactory,30.1,53.6,12.9,3.8,0.53,63,2025,August,15
15-08-2025,Himachal Pradesh,140,Moderate,53.5,105,22.5,6.2,0.71,57.8,2025,August,15
15-08-2025,Jharkhand,143,Moderate,64.1,102.6,21.4,8.1,0.79,57.5,2025,August,15
15-08-2025,Karnataka,60,Satisfactory,19.6,52.3,11,2.8,0.38,65.2,2025,August,15
15-08-2025,Kerala,105,Moderate,40.5,73.8,17.5,5.4,0.58,56.6,2025,August,15
15-08-2025,Madhya Pradesh,63,Satisfactory,23.6,40.7,11,3,0.4,60.2,2025,August,15
15-08-2025,Maharashtra,127,Moderate,53.5,91.6,21.9,6.3,0.7,56.7,2025,August,15
15-08-2025,Manipur,142,Moderate,54.7,107.5,20.1,7.6,0.8,59.1,2025,August,15
15-08-2025,Meghalaya,79,Satisfactory,27.6,57.2,12.6,3.4,0.38,67.1,2025,August,15
15-08-2025,Mizoram,142,Moderate,56.2,102.1,25.2,7.3,0.74,60,2025,August,15
15-08-2025,Nagaland,123,Moderate,47.6,97.5,19.4,6.1,0.7,61.5,2025,August,15
15-08-2025,Odisha,106,Moderate,39.2,73.1,19.8,6.2,0.58,63.1,2025,August,15
15-08-2025,Punjab,163,Moderate,65.8,125.5,26.8,7.5,0.98,59,2025,August,15
15-08-2025,Rajasthan,81,Satisfactory,35.9,57,15.7,3.9,0.48,63.9,2025,August,15
15-08-2025,Sikkim,118,Moderate,49.7,92.5,17.2,6.5,0.66,56.7,2025,August,15
15-08-2025,Tamil Nadu,131,Moderate,53.5,101.4,23,5.6,0.68,60.4,2025,August,15
15-08-2025,Telangana,112,Moderate,46.6,79.2,15.6,5.8,0.59,57.6,2025,August,15
15-08-2025,Tripura,132,Moderate,53,92.3,19.1,7.6,0.77,62,2025,August,15
15-08-2025,Uttar Pradesh,166,Moderate,64.7,124.2,23.9,9.2,1.02,61.7,2025,August,15
15-08-2025,Uttarakhand,70,Satisfactory,26.9,54.8,13.5,3,0.41,61.1,2025,August,15
15-08-2025,West Bengal,56,Satisfactory,26.4,38.1,10.1,3.3,0.38,62.4,2025,August,15
16-08-2025,Andhra Pradesh,146,Moderate,61.3,100.9,25.4,7.7,0.79,54.4,2025,August,16
16-08-2025,Arunachal Pradesh,45,Good,22.4,23.2,9.8,2.5,0.34,62.5,2025,August,16
16-08-2025,Assam,146,Moderate,66.9,104,20.4,7.4,0.84,54.8,2025,August,16
16-08-2025,Bihar,73,Satisfactory,32.9,57.1,11,2.8,0.34,69,2025,August,16
16-08-2025,Chhattisgarh,104,Moderate,43.9,68.7,19.2,4.9,0.51,63.4,2025,August,16
16-08-2025,Goa,81,Satisfactory,36.7,64.9,13.9,4.7,0.35,62.4,2025,August,16
16-08-2025,Gujarat,64,Satisfactory,27.6,45.5,11.4,3.7,0.45,67.7,2025,August,16
16-08-2025,Haryana,49,Good,20.9,30.4,5.1,2.7,0.18,68.6,2025,August,16
16-08-2025,Himachal Pradesh,161,Moderate,68.2,122.3,26.2,7.5,0.85,52.5,2025,August,16
16-08-2025,Jharkhand,133,Moderate,50.4,87.5,21.3,6.8,0.78,55,2025,August,16
16-08-2025,Karnataka,106,Moderate,43.8,71.6,17.5,4.9,0.61,60.9,2025,August,16
16-08-2025,Kerala,147,Moderate,65.9,107.4,22.8,7.4,0.9,58.1,2025,August,16
16-08-2025,Madhya Pradesh,87,Satisfactory,41.1,69.1,16,4.9,0.58,65.8,2025,August,16
16-08-2025,Maharashtra,113,Moderate,46.5,81.8,21,5.6,0.68,59.5,2025,August,16
16-08-2025,Manipur,118,Moderate,52,76.4,18.6,5.5,0.71,57.9,2025,August,16
16-08-2025,Meghalaya,85,Satisfactory,38.3,62.2,15.9,4.3,0.56,61.8,2025,August,16
16-08-2025,Mizoram,115,Moderate,54.2,76.4,17.6,5.5,0.69,65.2,2025,August,16
16-08-2025,Nagaland,154,Moderate,64.2,110.2,24.7,6.9,0.91,54.6,2025,August,16
16-08-2025,Odisha,113,Moderate,42.1,75.5,20.4,6.5,0.57,61.6,2025,August,16
16-08-2025,Punjab,120,Moderate,54.8,81,17.1,5.3,0.67,59.5,2025,August,16
16-08-2025,Rajasthan,51,Satisfactory,22.2,44,8.6,3.4,0.22,62.9,2025,August,16
16-08-2025,Sikkim,117,Moderate,54.8,90.4,18.1,6.2,0.59,64.5,2025,August,16
16-08-2025,Tamil Nadu,119,Moderate,52.7,78.1,17.5,5.4,0.64,64.7,2025,August,16
16-08-2025,Telangana,77,Satisfactory,33,50.8,12.1,3.7,0.37,61.5,2025,August,16
16-08-2025,Tripura,112,Moderate,45.4,82.3,18.9,5.3,0.71,66,2025,August,16
16-08-2025,Uttar Pradesh,119,Moderate,49,95.6,19,6.1,0.6,59.1,2025,August,16
16-08-2025,Uttarakhand,89,Satisfactory,37.6,63.8,13,5,0.54,62.5,2025,August,16
16-08-2025,West Bengal,48,Good,22.3,30.4,6.3,3.3,0.21,62.9,2025,August,16
17-08-2025,Andhra Pradesh,142,Moderate,59,92.4,23.6,6.4,0.87,57.5,2025,August,17
17-08-2025,Arunachal Pradesh,75,Satisfactory,28.4,46.3,12.2,3.9,0.39,67,2025,August,17
17-08-2025,Assam,127,Moderate,56.2,88.2,22.9,6.6,0.63,59.8,2025,August,17
17-08-2025,Bihar,77,Satisfactory,29,51.9,11.2,3.8,0.35,61.8,2025,August,17
17-08-2025,Chhattisgarh,98,Satisfactory,43,61.2,16.3,4.6,0.48,58.5,2025,August,17
17-08-2025,Goa,101,Moderate,39.9,65.3,17.9,4.5,0.63,61,2025,August,17
17-08-2025,Gujarat,97,Satisfactory,43.6,69.4,13.3,4.5,0.63,58.6,2025,August,17
17-08-2025,Haryana,68,Satisfactory,28.7,56.3,8.7,3.5,0.47,66.3,2025,August,17
17-08-2025,Himachal Pradesh,134,Moderate,57.6,96.1,22,6.6,0.77,60.8,2025,August,17
17-08-2025,Jharkhand,168,Moderate,67.9,127.6,26.1,7.5,0.94,56.3,2025,August,17
17-08-2025,Karnataka,97,Satisfactory,37.4,68.1,13.1,5.4,0.59,62.3,2025,August,17
17-08-2025,Kerala,128,Moderate,59.5,83.9,21.1,6.8,0.64,64.7,2025,August,17
17-08-2025,Madhya Pradesh,46,Good,18.3,33.7,9.8,1.5,0.29,70.2,2025,August,17
17-08-2025,Maharashtra,148,Moderate,65.4,109.7,24.1,7.8,0.91,58.2,2025,August,17
17-08-2025,Manipur,131,Moderate,56.3,90.7,21.2,7.1,0.77,62.7,2025,August,17
17-08-2025,Meghalaya,92,Satisfactory,41.6,71.1,11.8,3.9,0.58,65.5,2025,August,17
17-08-2025,Mizoram,101,Moderate,45,73.2,15.3,4.8,0.57,62.1,2025,August,17
17-08-2025,Nagaland,139,Moderate,62.6,90.6,19.6,7,0.79,63.7,2025,August,17
17-08-2025,Odisha,134,Moderate,53.7,93.9,19.7,7.3,0.66,54.4,2025,August,17
17-08-2025,Punjab,130,Moderate,60.3,86.8,23.3,7.2,0.63,60.7,2025,August,17
17-08-2025,Rajasthan,48,Good,24.5,39,6.5,1.5,0.26,69.9,2025,August,17
17-08-2025,Sikkim,102,Moderate,47.6,78.8,18.2,5,0.62,62.7,2025,August,17
17-08-2025,Tamil Nadu,113,Moderate,43.6,83,16.1,6.4,0.66,60.5,2025,August,17
17-08-2025,Telangana,82,Satisfactory,32.6,67.9,15.9,4.1,0.52,59.5,2025,August,17
17-08-2025,Tripura,124,Moderate,52.9,97.2,20,5.2,0.65,56.6,2025,August,17
17-08-2025,Uttar Pradesh,139,Moderate,53.9,106.5,25.1,6.5,0.81,63.6,2025,August,17
17-08-2025,Uttarakhand,83,Satisfactory,38.5,57.7,15.1,4.6,0.4,60.3,2025,August,17
17-08-2025,West Bengal,43,Good,14.7,22.2,4.9,2.8,0.14,70.4,2025,August,17
18-08-2025,Andhra Pradesh,126,Moderate,52.4,89.5,19,5.9,0.79,60.5,2025,August,18
18-08-2025,Arunachal Pradesh,78,Satisfactory,35.4,57.3,14.8,3.9,0.34,66.1,2025,August,18
18-08-2025,Assam,141,Moderate,62.2,92.8,19.6,7.1,0.86,62.3,2025,August,18
18-08-2025,Bihar,107,Moderate,39.4,81.4,16.7,4.5,0.62,60.3,2025,August,18
18-08-2025,Chhattisgarh,87,Satisfactory,37.9,70.9,15.6,5.2,0.5,64.6,2025,August,18
18-08-2025,Goa,84,Satisfactory,41,52.3,14.4,4.5,0.5,62.9,2025,August,18
18-08-2025,Gujarat,90,Satisfactory,39.4,69.7,17.2,3.8,0.51,65.4,2025,August,18
18-08-2025,Haryana,53,Satisfactory,17.5,44.9,5.7,2.7,0.2,70.2,2025,August,18
18-08-2025,Himachal Pradesh,160,Moderate,64.3,122.3,22.8,7.3,0.93,60.2,2025,August,18
18-08-2025,Jharkhand,135,Moderate,57,91.8,23,7.3,0.73,61.2,2025,August,18
18-08-2025,Karnataka,107,Moderate,48.5,75.3,15.2,5,0.62,65.9,2025,August,18
18-08-2025,Kerala,153,Moderate,69.9,101.1,26.4,8,0.8,59.1,2025,August,18
18-08-2025,Madhya Pradesh,65,Satisfactory,27.6,44.8,11.7,3.9,0.32,63.9,2025,August,18
18-08-2025,Maharashtra,146,Moderate,65.7,113.1,24.8,7.4,0.83,62.4,2025,August,18
18-08-2025,Manipur,134,Moderate,58.7,96.8,24.1,7.4,0.8,60.5,2025,August,18
18-08-2025,Meghalaya,68,Satisfactory,30.8,48.1,11.8,2.9,0.39,66.3,2025,August,18
18-08-2025,Mizoram,143,Moderate,57.8,94.8,20.8,6.3,0.86,61.3,2025,August,18
18-08-2025,Nagaland,115,Moderate,51.4,76.7,16,5.3,0.71,64.7,2025,August,18
18-08-2025,Odisha,103,Moderate,43,68.7,18.6,4.3,0.66,58.5,2025,August,18
18-08-2025,Punjab,120,Moderate,44.9,84.5,20.6,5.8,0.69,56.9,2025,August,18
18-08-2025,Rajasthan,50,Good,22.5,38.4,7.9,3,0.26,65.7,2025,August,18
18-08-2025,Sikkim,126,Moderate,50.4,91.7,20.5,6.8,0.64,56.8,2025,August,18
18-08-2025,Tamil Nadu,87,Satisfactory,38.8,70.8,15.2,4.2,0.53,58.2,2025,August,18
18-08-2025,Telangana,103,Moderate,45.2,70.8,15.2,5.6,0.62,61.6,2025,August,18
18-08-2025,Tripura,111,Moderate,49.9,81.9,17,5.1,0.67,57.7,2025,August,18
18-08-2025,Uttar Pradesh,156,Moderate,70.1,115.7,26.9,7.6,0.85,56.4,2025,August,18
18-08-2025,Uttarakhand,85,Satisfactory,41,57.7,13,4.1,0.49,61.7,2025,August,18
18-08-2025,West Bengal,77,Satisfactory,30.6,49.7,15,3.5,0.45,61.3,2025,August,18
19-08-2025,Andhra Pradesh,140,Moderate,57.5,92.2,22.1,7.8,0.75,62.2,2025,August,19
19-08-2025,Arunachal Pradesh,50,Good,26.7,43.1,6.5,1.8,0.21,64,2025,August,19
19-08-2025,Assam,127,Moderate,48.1,99.6,19.8,6,0.67,63.2,2025,August,19
19-08-2025,Bihar,85,Satisfactory,37.8,69.8,13.3,4.5,0.38,58.5,2025,August,19
19-08-2025,Chhattisgarh,74,Satisfactory,26,51.3,9.5,3.6,0.34,67.9,2025,August,19
19-08-2025,Goa,64,Satisfactory,27.4,55.6,10.3,2.2,0.37,66.7,2025,August,19
19-08-2025,Gujarat,57,Satisfactory,22.2,39.5,8.5,3.5,0.23,61.4,2025,August,19
19-08-2025,Haryana,40,Good,17.1,31.5,4.9,1,0.29,69.5,2025,August,19
19-08-2025,Himachal Pradesh,129,Moderate,59,99.7,19,6.7,0.75,60.1,2025,August,19
19-08-2025,Jharkhand,133,Moderate,55.1,97.2,18.7,6.2,0.71,58.7,2025,August,19
19-08-2025,Karnataka,84,Satisfactory,30.6,57.4,15.9,3.7,0.51,65.3,2025,August,19
19-08-2025,Kerala,142,Moderate,59.4,97.9,21.9,6.8,0.85,60.9,2025,August,19
19-08-2025,Madhya Pradesh,48,Good,24.4,44.4,7.1,1.9,0.36,61.3,2025,August,19
19-08-2025,Maharashtra,144,Moderate,59.5,96.3,25.7,6.8,0.77,62.3,2025,August,19
19-08-2025,Manipur,144,Moderate,62.9,95.6,21.9,7.6,0.72,60.3,2025,August,19
19-08-2025,Meghalaya,93,Satisfactory,39.4,71.6,17.1,4.8,0.46,62.5,2025,August,19
19-08-2025,Mizoram,117,Moderate,51.5,75.9,19.8,5.3,0.61,55.9,2025,August,19
19-08-2025,Nagaland,119,Moderate,45.5,94.1,20,5.1,0.71,55.7,2025,August,19
19-08-2025,Odisha,134,Moderate,59.1,96.1,23.7,7.5,0.74,61.7,2025,August,19
19-08-2025,Punjab,149,Moderate,57,105.4,22.7,7.2,0.92,60.6,2025,August,19
19-08-2025,Rajasthan,81,Satisfactory,38.2,59.9,12.8,4.1,0.44,65.9,2025,August,19
19-08-2025,Sikkim,133,Moderate,52.9,105.5,18.8,5.9,0.8,60.8,2025,August,19
19-08-2025,Tamil Nadu,108,Moderate,40,79.2,20,5.3,0.6,64.8,2025,August,19
19-08-2025,Telangana,71,Satisfactory,32.9,48.3,11.8,3.3,0.41,60,2025,August,19
19-08-2025,Tripura,135,Moderate,57.2,89.7,18.8,6.2,0.67,56.3,2025,August,19
19-08-2025,Uttar Pradesh,131,Moderate,59.8,86,21.6,7.1,0.82,63,2025,August,19
19-08-2025,Uttarakhand,104,Moderate,42.3,68.4,17.6,4.8,0.58,65,2025,August,19
19-08-2025,West Bengal,41,Good,16.5,27.5,8.1,1.9,0.27,63.5,2025,August,19
20-08-2025,Andhra Pradesh,112,Moderate,41.1,86.5,17.1,5.9,0.68,56.3,2025,August,20
20-08-2025,Arunachal Pradesh,74,Satisfactory,32.2,61.6,11.2,3.7,0.41,64.7,2025,August,20
20-08-2025,Assam,106,Moderate,42.9,68.6,15.4,4.5,0.56,60.4,2025,August,20
20-08-2025,Bihar,92,Satisfactory,33.1,63.8,12.8,5.5,0.59,66.1,2025,August,20
20-08-2025,Chhattisgarh,110,Moderate,45,72,17.1,5.5,0.71,56.6,2025,August,20
20-08-2025,Goa,107,Moderate,44.3,71.5,14.2,5.9,0.66,57,2025,August,20
20-08-2025,Gujarat,98,Satisfactory,44.1,63.2,17.5,5.5,0.46,57.6,2025,August,20
20-08-2025,Haryana,86,Satisfactory,39.1,54.5,16.2,3.5,0.56,68,2025,August,20
20-08-2025,Himachal Pradesh,156,Moderate,61.5,116.9,24.6,8.1,0.85,61.5,2025,August,20
20-08-2025,Jharkhand,165,Moderate,69.3,123.8,23.7,9.1,0.91,57.9,2025,August,20
20-08-2025,Karnataka,94,Satisfactory,35.4,75.3,17.6,3.9,0.53,61.8,2025,August,20
20-08-2025,Kerala,153,Moderate,69.4,118.7,25.3,6.8,0.88,59.7,2025,August,20
20-08-2025,Madhya Pradesh,51,Satisfactory,25.5,42.5,8.1,1.7,0.21,70.1,2025,August,20
20-08-2025,Maharashtra,143,Moderate,61.3,110.7,24.4,7.2,0.71,61.8,2025,August,20
20-08-2025,Manipur,145,Moderate,60.5,101.7,26.2,6.9,0.84,58.7,2025,August,20
20-08-2025,Meghalaya,76,Satisfactory,32.1,49,9.6,4.5,0.4,68.2,2025,August,20
20-08-2025,Mizoram,137,Moderate,54.5,102.2,23.6,7.5,0.83,59.8,2025,August,20
20-08-2025,Nagaland,116,Moderate,46.1,87.1,17.5,6.3,0.61,64.6,2025,August,20
20-08-2025,Odisha,97,Satisfactory,43.1,61.7,14.9,5.8,0.56,66.4,2025,August,20
20-08-2025,Punjab,143,Moderate,59.1,100,23.3,6.3,0.71,61.5,2025,August,20
20-08-2025,Rajasthan,78,Satisfactory,32.5,59.5,12.9,4.6,0.53,68.4,2025,August,20
20-08-2025,Sikkim,111,Moderate,42.3,86,19.9,5.4,0.62,57.8,2025,August,20
20-08-2025,Tamil Nadu,115,Moderate,52.4,86.6,16.3,6.3,0.56,64.9,2025,August,20
20-08-2025,Telangana,118,Moderate,46.9,93.6,17.9,5.6,0.59,64.2,2025,August,20
20-08-2025,Tripura,102,Moderate,46.7,82.1,15.3,6,0.62,58.4,2025,August,20
20-08-2025,Uttar Pradesh,134,Moderate,55.9,97.4,24,7.2,0.78,58.6,2025,August,20
20-08-2025,Uttarakhand,81,Satisfactory,38.9,63.5,14,4.4,0.36,61.2,2025,August,20
20-08-2025,West Bengal,73,Satisfactory,33.8,59.5,12.9,4.5,0.38,66.6,2025,August,20
21-08-2025,Andhra Pradesh,128,Moderate,58,93.3,18.8,7.1,0.61,57.2,2025,August,21
21-08-2025,Arunachal Pradesh,49,Good,21.2,32,7.8,2.2,0.22,70.5,2025,August,21
21-08-2025,Assam,140,Moderate,63.7,92.8,20.9,7.7,0.77,58,2025,August,21
21-08-2025,Bihar,98,Satisfactory,35.4,64.7,13.8,4.3,0.62,59.9,2025,August,21
21-08-2025,Chhattisgarh,110,Moderate,44.1,85.3,18.6,4.6,0.55,63.5,2025,August,21
21-08-2025,Goa,103,Moderate,47.6,78,19.3,5.5,0.59,63,2025,August,21
21-08-2025,Gujarat,94,Satisfactory,42.7,76.6,12.6,4.2,0.49,61.4,2025,August,21
21-08-2025,Haryana,69,Satisfactory,24.6,50.8,12.1,3.3,0.34,65.3,2025,August,21
21-08-2025,Himachal Pradesh,133,Moderate,50.6,94.8,19.3,6.1,0.77,62.6,2025,August,21
21-08-2025,Jharkhand,129,Moderate,50.5,87.3,21.5,5.8,0.67,60.6,2025,August,21
21-08-2025,Karnataka,96,Satisfactory,43.1,71.4,17.6,4.5,0.61,66,2025,August,21
21-08-2025,Kerala,115,Moderate,51.5,89.9,18.4,5.6,0.57,63.9,2025,August,21
21-08-2025,Madhya Pradesh,53,Satisfactory,28.1,33.1,9.2,2.1,0.39,68.7,2025,August,21
21-08-2025,Maharashtra,129,Moderate,49.9,101.6,20.5,5.6,0.69,60.2,2025,August,21
21-08-2025,Manipur,127,Moderate,49.5,88.8,20.6,5.4,0.75,58.9,2025,August,21
21-08-2025,Meghalaya,112,Moderate,47.7,72.2,17.4,6.5,0.61,61.4,2025,August,21
21-08-2025,Mizoram,134,Moderate,52.7,101.3,18.4,7.2,0.71,57.4,2025,August,21
21-08-2025,Nagaland,136,Moderate,58.5,95.4,24.6,7,0.68,57.4,2025,August,21
21-08-2025,Odisha,102,Moderate,44.3,67.1,19.3,5.1,0.53,60.2,2025,August,21
21-08-2025,Punjab,117,Moderate,51.4,87.5,20.1,5.6,0.69,58.2,2025,August,21
21-08-2025,Rajasthan,75,Satisfactory,29.6,55.1,13,2.8,0.51,68.5,2025,August,21
21-08-2025,Sikkim,106,Moderate,42.3,72.4,15.1,4.8,0.5,65.7,2025,August,21
21-08-2025,Tamil Nadu,99,Satisfactory,36.4,80.1,13,5.8,0.54,60.6,2025,August,21
21-08-2025,Telangana,109,Moderate,51.2,78.8,14.8,5.4,0.53,58.2,2025,August,21
21-08-2025,Tripura,128,Moderate,51.7,85.3,18.9,5.8,0.75,60.5,2025,August,21
21-08-2025,Uttar Pradesh,123,Moderate,46.8,91,21.4,6.3,0.78,63.6,2025,August,21
21-08-2025,Uttarakhand,86,Satisfactory,41.4,52.6,11.5,4.5,0.5,66.5,2025,August,21
21-08-2025,West Bengal,41,Good,19,30,4.2,1.5,0.14,67.3,2025,August,21
22-08-2025,Andhra Pradesh,119,Moderate,47.4,88.1,20.2,5.1,0.72,58,2025,August,22
22-08-2025,Arunachal Pradesh,77,Satisfactory,36.5,55.2,12.3,4.4,0.5,67,2025,August,22
22-08-2025,Assam,137,Moderate,58.4,98.9,24.4,6.8,0.79,57,2025,August,22
22-08-2025,Bihar,109,Moderate,45.3,75.7,18.9,5.5,0.57,64.4,2025,August,22
22-08-2025,Chhattisgarh,78,Satisfactory,27.6,65.1,9.7,4.3,0.36,63.3,2025,August,22
22-08-2025,Goa,65,Satisfactory,26.3,40.9,11.9,3,0.37,61.2,2025,August,22
22-08-2025,Gujarat,93,Satisfactory,44.6,64.4,17.8,3.8,0.52,63,2025,August,22
22-08-2025,Haryana,62,Satisfactory,25.5,51.6,9.7,2.5,0.32,69.7,2025,August,22
22-08-2025,Himachal Pradesh,159,Moderate,65.8,112,24.5,7.4,0.92,52.4,2025,August,22
22-08-2025,Jharkhand,155,Moderate,69.3,114.9,22.5,8.4,0.84,60.6,2025,August,22
22-08-2025,Karnataka,60,Satisfactory,30.7,34.4,7.6,2.9,0.38,65.2,2025,August,22
22-08-2025,Kerala,123,Moderate,47.9,88,18.4,5.9,0.71,62.7,2025,August,22
22-08-2025,Madhya Pradesh,78,Satisfactory,37.3,61.2,10.1,3.6,0.44,59.6,2025,August,22
22-08-2025,Maharashtra,118,Moderate,49.9,85.2,17.9,6.8,0.63,59.9,2025,August,22
22-08-2025,Manipur,157,Moderate,67.3,113.3,23.1,7,0.79,58.6,2025,August,22
22-08-2025,Meghalaya,100,Satisfactory,43.2,70.1,18.2,5.4,0.64,62.1,2025,August,22
22-08-2025,Mizoram,124,Moderate,48.6,92,19.2,7.1,0.76,62,2025,August,22
22-08-2025,Nagaland,139,Moderate,57.1,106,22.5,7.4,0.68,54.7,2025,August,22
22-08-2025,Odisha,96,Satisfactory,35.7,61.6,13.6,4.7,0.51,65,2025,August,22
22-08-2025,Punjab,154,Moderate,69.2,114.8,26.5,8.3,0.87,56.2,2025,August,22
22-08-2025,Rajasthan,87,Satisfactory,41,59.4,15.1,3.7,0.39,66,2025,August,22
22-08-2025,Sikkim,149,Moderate,60.7,109.9,21,7.4,0.73,61,2025,August,22
22-08-2025,Tamil Nadu,113,Moderate,52.2,84.4,17.7,6.2,0.55,65.2,2025,August,22
22-08-2025,Telangana,107,Moderate,40.6,84.6,17.3,5.6,0.63,57.5,2025,August,22
22-08-2025,Tripura,148,Moderate,58.6,111.3,21.1,6.7,0.9,59.9,2025,August,22
22-08-2025,Uttar Pradesh,122,Moderate,53.4,83.1,18.6,5.2,0.66,61.9,2025,August,22
22-08-2025,Uttarakhand,85,Satisfactory,34.5,65.9,15,3.5,0.51,64.9,2025,August,22
22-08-2025,West Bengal,64,Satisfactory,21.2,44.3,7.7,2.3,0.44,68.1,2025,August,22
23-08-2025,Andhra Pradesh,136,Moderate,52.9,106.1,22.2,7.4,0.82,61.6,2025,August,23
23-08-2025,Arunachal Pradesh,77,Satisfactory,37.5,52.2,14.7,4.7,0.39,65,2025,August,23
23-08-2025,Assam,135,Moderate,54.4,92.4,24.5,7.1,0.82,57.2,2025,August,23
23-08-2025,Bihar,70,Satisfactory,25,51,10.1,3.6,0.49,60,2025,August,23
23-08-2025,Chhattisgarh,90,Satisfactory,40.5,72.1,12.6,3.8,0.48,67.6,2025,August,23
23-08-2025,Goa,75,Satisfactory,34.9,64,12,3.7,0.49,61.4,2025,August,23
23-08-2025,Gujarat,76,Satisfactory,32.2,58.2,14.8,4.1,0.34,60.2,2025,August,23
23-08-2025,Haryana,80,Satisfactory,35.8,48.6,12.2,3.3,0.45,60.2,2025,August,23
23-08-2025,Himachal Pradesh,168,Moderate,72.9,115.3,28.5,7.7,0.95,53.1,2025,August,23
23-08-2025,Jharkhand,167,Moderate,73.2,118.7,29,9.1,0.98,54,2025,August,23
23-08-2025,Karnataka,82,Satisfactory,29.9,58.9,11.8,3.3,0.37,63.4,2025,August,23
23-08-2025,Kerala,132,Moderate,61.2,95.3,18.6,7.4,0.76,63.1,2025,August,23
23-08-2025,Madhya Pradesh,41,Good,22.4,32,7.1,1.6,0.28,69,2025,August,23
23-08-2025,Maharashtra,148,Moderate,61.8,107.9,25.4,6.7,0.92,62.6,2025,August,23
23-08-2025,Manipur,137,Moderate,57.4,102.4,23.2,7.7,0.66,63.1,2025,August,23
23-08-2025,Meghalaya,104,Moderate,41.6,79.5,16.4,5.5,0.52,58.1,2025,August,23
23-08-2025,Mizoram,106,Moderate,42.3,75.3,14.8,5.4,0.66,57.4,2025,August,23
23-08-2025,Nagaland,137,Moderate,59.1,108.3,20,7.4,0.71,60.1,2025,August,23
23-08-2025,Odisha,118,Moderate,54.3,85.8,16.8,6.7,0.66,63.8,2025,August,23
23-08-2025,Punjab,151,Moderate,62.9,116.2,21.3,7.7,0.83,61.2,2025,August,23
23-08-2025,Rajasthan,56,Satisfactory,24.6,35.4,8.7,1.8,0.37,62.1,2025,August,23
23-08-2025,Sikkim,148,Moderate,60.4,114.8,25.4,8,0.87,55.5,2025,August,23
23-08-2025,Tamil Nadu,108,Moderate,50.5,73.5,20.1,6.3,0.57,61.9,2025,August,23
23-08-2025,Telangana,74,Satisfactory,32,51.5,13.3,3.2,0.34,62.5,2025,August,23
23-08-2025,Tripura,144,Moderate,60.3,112.9,23.9,6.5,0.82,60.5,2025,August,23
23-08-2025,Uttar Pradesh,124,Moderate,49.8,83,19.3,6,0.77,65,2025,August,23
23-08-2025,Uttarakhand,95,Satisfactory,40.8,63.3,16.9,5.5,0.46,67.4,2025,August,23
23-08-2025,West Bengal,62,Satisfactory,24.4,49.6,11.1,3.2,0.44,69.4,2025,August,23
24-08-2025,Andhra Pradesh,143,Moderate,55.3,93.7,24.1,7.2,0.7,60.2,2025,August,24
24-08-2025,Arunachal Pradesh,58,Satisfactory,29.7,40,7.1,3.6,0.41,67.1,2025,August,24
24-08-2025,Assam,114,Moderate,48.8,72.8,21.1,5.5,0.68,58.9,2025,August,24
24-08-2025,Bihar,91,Satisfactory,35.6,64.9,13.3,4,0.48,65,2025,August,24
24-08-2025,Chhattisgarh,118,Moderate,43.7,77.3,17.1,6.1,0.66,58.5,2025,August,24
24-08-2025,Goa,60,Satisfactory,30.8,42.5,9.4,2.2,0.24,68.8,2025,August,24
24-08-2025,Gujarat,61,Satisfactory,25.6,42.2,10.9,3.3,0.32,68.9,2025,August,24
24-08-2025,Haryana,85,Satisfactory,31.2,69,12.1,5.2,0.5,62.3,2025,August,24
24-08-2025,Himachal Pradesh,156,Moderate,67.5,110.4,26.2,8.3,0.94,59.7,2025,August,24
24-08-2025,Jharkhand,159,Moderate,72.6,124.4,23.6,8.7,0.94,58.4,2025,August,24
24-08-2025,Karnataka,75,Satisfactory,28.9,54.6,10.2,3.9,0.33,66.5,2025,August,24
24-08-2025,Kerala,108,Moderate,41.9,71.1,15.9,5.2,0.6,65.7,2025,August,24
24-08-2025,Madhya Pradesh,81,Satisfactory,28.9,68.3,15,4.8,0.5,63,2025,August,24
24-08-2025,Maharashtra,132,Moderate,53.6,91.4,22.5,5.7,0.67,60.8,2025,August,24
24-08-2025,Manipur,115,Moderate,46,73.8,16.9,6.4,0.69,58.1,2025,August,24
24-08-2025,Meghalaya,68,Satisfactory,25.9,47.6,10.8,3.6,0.31,67.8,2025,August,24
24-08-2025,Mizoram,123,Moderate,56.4,95.3,18.8,6.3,0.74,59,2025,August,24
24-08-2025,Nagaland,127,Moderate,55.8,99.8,17.5,7,0.74,61.5,2025,August,24
24-08-2025,Odisha,95,Satisfactory,42.7,58.7,16.7,5.5,0.43,60.4,2025,August,24
24-08-2025,Punjab,123,Moderate,54.6,90.4,19.4,5.7,0.78,61.9,2025,August,24
24-08-2025,Rajasthan,51,Satisfactory,23.5,30.9,10.4,2.8,0.3,69.5,2025,August,24
24-08-2025,Sikkim,106,Moderate,44,71.4,15.4,6.2,0.63,59.4,2025,August,24
24-08-2025,Tamil Nadu,117,Moderate,51.5,74.5,20.8,5.1,0.65,56.1,2025,August,24
24-08-2025,Telangana,79,Satisfactory,33.6,57.8,11.3,4.5,0.41,61.6,2025,August,24
24-08-2025,Tripura,111,Moderate,42.2,85.5,16,5.2,0.64,61,2025,August,24
24-08-2025,Uttar Pradesh,150,Moderate,59.3,99.3,21.9,6.9,0.86,56.1,2025,August,24
24-08-2025,Uttarakhand,87,Satisfactory,38.6,68.2,11.9,4.1,0.43,67.3,2025,August,24
24-08-2025,West Bengal,50,Good,24.1,33.2,7.5,2,0.34,66.7,2025,August,24
25-08-2025,Andhra Pradesh,118,Moderate,54,89.1,16.6,6.6,0.73,62.3,2025,August,25
25-08-2025,Arunachal Pradesh,77,Satisfactory,29.9,54.5,13.7,3.1,0.37,67.9,2025,August,25
25-08-2025,Assam,153,Moderate,63,109.4,25.9,7.3,0.79,58.3,2025,August,25
25-08-2025,Bihar,95,Satisfactory,34.8,62.7,18.1,3.8,0.46,59.8,2025,August,25
25-08-2025,Chhattisgarh,93,Satisfactory,39.5,74,14.9,5.3,0.59,61.4,2025,August,25
25-08-2025,Goa,103,Moderate,38.9,82.3,16.5,5.2,0.56,65.6,2025,August,25
25-08-2025,Gujarat,69,Satisfactory,25,42.2,12.4,2.5,0.34,69.2,2025,August,25
25-08-2025,Haryana,49,Good,19.2,29,7.4,3.3,0.22,65.3,2025,August,25
25-08-2025,Himachal Pradesh,147,Moderate,59.8,100.4,21.2,7.3,0.86,54.9,2025,August,25
25-08-2025,Jharkhand,128,Moderate,52.1,89.7,21.2,6.5,0.78,59.5,2025,August,25
25-08-2025,Karnataka,82,Satisfactory,38.9,53.9,12.2,4.5,0.37,62.8,2025,August,25
25-08-2025,Kerala,153,Moderate,69.7,105.3,22.8,8.3,0.79,56.3,2025,August,25
25-08-2025,Madhya Pradesh,86,Satisfactory,37.1,53.4,13.4,3.6,0.46,64.9,2025,August,25
25-08-2025,Maharashtra,143,Moderate,58.5,97.9,24.3,6.4,0.75,60.1,2025,August,25
25-08-2025,Manipur,147,Moderate,59.2,113.5,24.6,8,0.81,56.9,2025,August,25
25-08-2025,Meghalaya,94,Satisfactory,42.3,64.5,14,4.8,0.5,62.7,2025,August,25
25-08-2025,Mizoram,114,Moderate,47.3,87.4,16.8,5.5,0.65,59.8,2025,August,25
25-08-2025,Nagaland,111,Moderate,48.8,88.6,16.2,5.2,0.61,60.4,2025,August,25
25-08-2025,Odisha,94,Satisfactory,42.1,75.3,13,4,0.57,66.1,2025,August,25
25-08-2025,Punjab,142,Moderate,54.1,106.2,19.8,7,0.81,56.8,2025,August,25
25-08-2025,Rajasthan,64,Satisfactory,28.8,43.7,9.8,2.4,0.27,60.9,2025,August,25
25-08-2025,Sikkim,146,Moderate,64.8,99.2,24,7.3,0.74,59,2025,August,25
25-08-2025,Tamil Nadu,123,Moderate,51.1,81,18.7,5.6,0.62,57.1,2025,August,25
25-08-2025,Telangana,112,Moderate,52.3,84.5,18.7,6.5,0.66,65.8,2025,August,25
25-08-2025,Tripura,139,Moderate,64.2,105.8,23.2,7.3,0.75,55.7,2025,August,25
25-08-2025,Uttar Pradesh,119,Moderate,48.9,85.1,16.8,5.4,0.67,65,2025,August,25
25-08-2025,Uttarakhand,83,Satisfactory,39.5,52,15.8,3.5,0.38,68,2025,August,25
25-08-2025,West Bengal,57,Satisfactory,29.5,34.1,8,2,0.25,66.9,2025,August,25
26-08-2025,Andhra Pradesh,134,Moderate,50.3,99.6,23.9,6.4,0.73,59.4,2025,August,26
26-08-2025,Arunachal Pradesh,64,Satisfactory,32.4,53.7,9.9,2.8,0.39,63.2,2025,August,26
26-08-2025,Assam,110,Moderate,48,87.8,20.2,6.1,0.52,57.7,2025,August,26
26-08-2025,Bihar,97,Satisfactory,38.6,70.6,15.6,4.6,0.49,65.8,2025,August,26
26-08-2025,Chhattisgarh,112,Moderate,43.1,77.3,18.5,6.1,0.53,65.9,2025,August,26
26-08-2025,Goa,63,Satisfactory,29.1,50,11.6,2.8,0.34,63.6,2025,August,26
26-08-2025,Gujarat,62,Satisfactory,26.1,36.5,7.7,3.4,0.33,64.1,2025,August,26
26-08-2025,Haryana,49,Good,22.4,37.8,10.7,3,0.35,62.9,2025,August,26
26-08-2025,Himachal Pradesh,130,Moderate,57.3,88.8,18.5,7.1,0.63,56.3,2025,August,26
26-08-2025,Jharkhand,123,Moderate,55,94.8,21.7,5.9,0.75,65.1,2025,August,26
26-08-2025,Karnataka,95,Satisfactory,37,76.7,14.5,4.5,0.62,58.2,2025,August,26
26-08-2025,Kerala,110,Moderate,52.2,79.6,19.5,5.8,0.62,65.1,2025,August,26
26-08-2025,Madhya Pradesh,57,Satisfactory,23.4,31.9,10.8,1.9,0.37,67.2,2025,August,26
26-08-2025,Maharashtra,136,Moderate,56.2,98.5,20.2,6.7,0.67,63.3,2025,August,26
26-08-2025,Manipur,143,Moderate,59.1,104.8,23.9,6.3,0.83,63.2,2025,August,26
26-08-2025,Meghalaya,111,Moderate,45.7,77.3,17.3,5.8,0.69,64.3,2025,August,26
26-08-2025,Mizoram,110,Moderate,50.6,86.2,18,5.4,0.66,59.7,2025,August,26
26-08-2025,Nagaland,115,Moderate,45.2,89,20.5,5.2,0.57,59.2,2025,August,26
26-08-2025,Odisha,106,Moderate,50.3,73.6,19.2,5.3,0.65,60.4,2025,August,26
26-08-2025,Punjab,153,Moderate,61,117.1,21.7,7.2,0.84,59.2,2025,August,26
26-08-2025,Rajasthan,84,Satisfactory,30,61.8,13.9,3.9,0.56,66.3,2025,August,26
26-08-2025,Sikkim,110,Moderate,44.3,72,15.2,5.1,0.68,62.6,2025,August,26
26-08-2025,Tamil Nadu,126,Moderate,52.4,90.7,20.8,7,0.73,64.4,2025,August,26
26-08-2025,Telangana,87,Satisfactory,39.7,52.7,15.5,4.4,0.5,67.8,2025,August,26
26-08-2025,Tripura,109,Moderate,44,74.4,17.8,4.5,0.58,57.9,2025,August,26
26-08-2025,Uttar Pradesh,128,Moderate,51.9,101.8,23.3,6.4,0.76,56.4,2025,August,26
26-08-2025,Uttarakhand,73,Satisfactory,35,55.1,13.9,3.2,0.38,65.1,2025,August,26
26-08-2025,West Bengal,89,Satisfactory,36.3,70.9,11.9,4.3,0.43,62.6,2025,August,26
27-08-2025,Andhra Pradesh,114,Moderate,49.6,81.4,20.1,6.6,0.57,63.1,2025,August,27
27-08-2025,Arunachal Pradesh,82,Satisfactory,28.7,53.7,10.9,3.8,0.51,67.2,2025,August,27
27-08-2025,Assam,136,Moderate,56.6,90.1,21,6.7,0.77,60,2025,August,27
27-08-2025,Bihar,69,Satisfactory,23.7,48,13.2,3.4,0.38,64.6,2025,August,27
27-08-2025,Chhattisgarh,93,Satisfactory,35.4,66.1,13.3,3.8,0.55,63.4,2025,August,27
27-08-2025,Goa,88,Satisfactory,34.5,72,14,3.8,0.52,60.9,2025,August,27
27-08-2025,Gujarat,98,Satisfactory,38.8,63.8,14.4,5.4,0.48,59.1,2025,August,27
27-08-2025,Haryana,68,Satisfactory,29.5,42.6,12.3,2.9,0.32,61.8,2025,August,27
27-08-2025,Himachal Pradesh,139,Moderate,60.6,94.4,24.6,7,0.76,55.8,2025,August,27
27-08-2025,Jharkhand,134,Moderate,57.1,97.6,23.6,7.6,0.75,60.4,2025,August,27
27-08-2025,Karnataka,107,Moderate,46.8,84.3,15.1,5.7,0.65,58.9,2025,August,27
27-08-2025,Kerala,145,Moderate,56.2,103.6,24.1,6.6,0.86,61.2,2025,August,27
27-08-2025,Madhya Pradesh,70,Satisfactory,33.2,55.5,8.9,3.3,0.43,60.8,2025,August,27
27-08-2025,Maharashtra,116,Moderate,45.5,74.4,19.9,6.2,0.61,65.4,2025,August,27
27-08-2025,Manipur,136,Moderate,55.5,100.3,19.1,7.4,0.68,63,2025,August,27
27-08-2025,Meghalaya,78,Satisfactory,29.4,57.1,11.5,3.6,0.49,59.8,2025,August,27
27-08-2025,Mizoram,132,Moderate,50.7,99.4,18.2,7.2,0.78,63.9,2025,August,27
27-08-2025,Nagaland,151,Moderate,64.3,102.5,22.4,7.8,0.81,53.9,2025,August,27
27-08-2025,Odisha,140,Moderate,54.2,108.8,23.8,6.2,0.84,56.7,2025,August,27
27-08-2025,Punjab,162,Moderate,67.4,108.1,27.2,8.9,0.92,53.7,2025,August,27
27-08-2025,Rajasthan,91,Satisfactory,34.1,64.3,13.3,5.5,0.49,66.4,2025,August,27
27-08-2025,Sikkim,137,Moderate,57,102.3,21.5,6.7,0.76,63.1,2025,August,27
27-08-2025,Tamil Nadu,131,Moderate,52,102,18.2,6.3,0.76,60.9,2025,August,27
27-08-2025,Telangana,69,Satisfactory,31.4,40.5,9.6,3.7,0.46,64.5,2025,August,27
27-08-2025,Tripura,128,Moderate,50.2,91.8,22.6,7.1,0.7,62.2,2025,August,27
27-08-2025,Uttar Pradesh,163,Moderate,71.9,109.5,24.3,8.2,0.88,52.4,2025,August,27
27-08-2025,Uttarakhand,70,Satisfactory,25.7,43.4,12.7,3.6,0.47,60.1,2025,August,27
27-08-2025,West Bengal,50,Good,26.3,36.4,9.3,2.1,0.21,64.6,2025,August,27
28-08-2025,Andhra Pradesh,117,Moderate,49.8,75.8,17.1,6,0.6,59.1,2025,August,28
28-08-2025,Arunachal Pradesh,47,Good,15.7,37.7,6.5,2.8,0.28,65.6,2025,August,28
28-08-2025,Assam,106,Moderate,46.9,80.4,19.4,5.2,0.65,64.2,2025,August,28
28-08-2025,Bihar,93,Satisfactory,34.5,62.7,14.3,4.4,0.58,66.2,2025,August,28
28-08-2025,Chhattisgarh,85,Satisfactory,37.1,61.3,15.7,4.5,0.45,63,2025,August,28
28-08-2025,Goa,99,Satisfactory,46.3,76.3,14.3,5.2,0.5,67,2025,August,28
28-08-2025,Gujarat,84,Satisfactory,30.4,69.3,10.8,4.6,0.55,66.4,2025,August,28
28-08-2025,Haryana,40,Good,18.4,35.9,3.7,1.9,0.22,68.8,2025,August,28
28-08-2025,Himachal Pradesh,158,Moderate,70.6,111.9,24.8,8.1,0.89,58.4,2025,August,28
28-08-2025,Jharkhand,146,Moderate,67.1,104.6,26.4,7.6,0.85,55.3,2025,August,28
28-08-2025,Karnataka,69,Satisfactory,23.9,48.7,8.8,3.7,0.38,64.2,2025,August,28
28-08-2025,Kerala,124,Moderate,52,83.3,21.8,5.7,0.6,55.9,2025,August,28
28-08-2025,Madhya Pradesh,62,Satisfactory,30.6,36.8,9.5,2.1,0.3,62.9,2025,August,28
28-08-2025,Maharashtra,121,Moderate,46.2,79.6,17.7,5.5,0.63,63,2025,August,28
28-08-2025,Manipur,116,Moderate,45.3,74.9,16.3,5.9,0.59,57.8,2025,August,28
28-08-2025,Meghalaya,115,Moderate,42.4,84.2,17.5,6.7,0.61,60.8,2025,August,28
28-08-2025,Mizoram,110,Moderate,46.1,73.5,14.7,6.3,0.63,62,2025,August,28
28-08-2025,Nagaland,159,Moderate,64.7,107,24.4,8.7,0.94,61.3,2025,August,28
28-08-2025,Odisha,127,Moderate,49.2,96.6,18.9,6.8,0.79,58.5,2025,August,28
28-08-2025,Punjab,145,Moderate,59.7,105.1,22.3,8,0.88,58.4,2025,August,28
28-08-2025,Rajasthan,62,Satisfactory,20.6,48.5,10.6,2.4,0.36,61,2025,August,28
28-08-2025,Sikkim,117,Moderate,43.5,81.8,18.6,5,0.57,56.3,2025,August,28
28-08-2025,Tamil Nadu,118,Moderate,47.8,90,18.5,6.2,0.59,61,2025,August,28
28-08-2025,Telangana,91,Satisfactory,32.8,57.9,12,4.5,0.54,63.1,2025,August,28
28-08-2025,Tripura,119,Moderate,45.7,93.9,16.8,6.1,0.62,64.4,2025,August,28
28-08-2025,Uttar Pradesh,156,Moderate,63.2,120.2,23.2,8.1,0.81,58.5,2025,August,28
28-08-2025,Uttarakhand,108,Moderate,51.3,73.1,15.6,5.4,0.57,57.8,2025,August,28
28-08-2025,West Bengal,58,Satisfactory,27.2,32.1,6.3,3.1,0.33,64.6,2025,August,28
29-08-2025,Andhra Pradesh,144,Moderate,62.6,112.3,24.1,8.1,0.71,57,2025,August,29
29-08-2025,Arunachal Pradesh,86,Satisfactory,32.2,60.9,13.4,4.2,0.44,59.6,2025,August,29
29-08-2025,Assam,120,Moderate,52.5,78.5,18.4,5.1,0.6,61.5,2025,August,29
29-08-2025,Bihar,73,Satisfactory,25.5,60.5,11.2,3.5,0.38,60.5,2025,August,29
29-08-2025,Chhattisgarh,86,Satisfactory,37.6,63.3,13.9,5.3,0.57,67.1,2025,August,29
29-08-2025,Goa,73,Satisfactory,32.9,45.3,13.9,4.3,0.37,61.7,2025,August,29
29-08-2025,Gujarat,66,Satisfactory,28.4,53.2,8.1,3.9,0.36,61.5,2025,August,29
29-08-2025,Haryana,74,Satisfactory,30.9,55.3,14.8,3.3,0.35,59.2,2025,August,29
29-08-2025,Himachal Pradesh,152,Moderate,67,109.2,25.9,8.4,0.82,60.1,2025,August,29
29-08-2025,Jharkhand,151,Moderate,64.5,114.4,26.4,7.3,0.89,61,2025,August,29
29-08-2025,Karnataka,68,Satisfactory,23.2,54,12.3,2.6,0.42,61.6,2025,August,29
29-08-2025,Kerala,152,Moderate,67.9,105.5,25.8,6.6,0.92,53.7,2025,August,29
29-08-2025,Madhya Pradesh,78,Satisfactory,28.6,61,12,4.9,0.36,62.2,2025,August,29
29-08-2025,Maharashtra,120,Moderate,49.8,83.5,21.7,5.8,0.69,57.4,2025,August,29
29-08-2025,Manipur,112,Moderate,46.2,88.2,16.7,6.5,0.7,61.9,2025,August,29
29-08-2025,Meghalaya,75,Satisfactory,35.2,56.3,11.2,4.6,0.43,60,2025,August,29
29-08-2025,Mizoram,142,Moderate,58.6,111.9,21.2,7.8,0.71,60,2025,August,29
29-08-2025,Nagaland,154,Moderate,60.5,114,23.7,7.7,0.95,58.1,2025,August,29
29-08-2025,Odisha,125,Moderate,47.2,90,17.8,6.7,0.69,59.9,2025,August,29
29-08-2025,Punjab,132,Moderate,56.8,101.9,20.1,5.9,0.83,62.2,2025,August,29
29-08-2025,Rajasthan,65,Satisfactory,31.6,50.6,9.5,3.2,0.27,66,2025,August,29
29-08-2025,Sikkim,130,Moderate,57.6,93.1,18,7.4,0.74,58,2025,August,29
29-08-2025,Tamil Nadu,112,Moderate,41.3,79.9,15.9,5,0.54,63.4,2025,August,29
29-08-2025,Telangana,105,Moderate,47,71.5,16.8,5.6,0.64,56.6,2025,August,29
29-08-2025,Tripura,142,Moderate,65.6,109.3,21,7.2,0.72,57.8,2025,August,29
29-08-2025,Uttar Pradesh,132,Moderate,54.4,101.5,23.4,6.8,0.82,63.8,2025,August,29
29-08-2025,Uttarakhand,92,Satisfactory,33.9,57.6,15.9,5.3,0.44,60.2,2025,August,29
29-08-2025,West Bengal,77,Satisfactory,26.4,65,12,3,0.51,63.3,2025,August,29
30-08-2025,Andhra Pradesh,122,Moderate,52.9,82.3,22.4,6.6,0.62,59.5,2025,August,30
30-08-2025,Arunachal Pradesh,59,Satisfactory,20,41.9,11,2.4,0.43,69.5,2025,August,30
30-08-2025,Assam,132,Moderate,51.3,93,22.4,6.9,0.8,58.8,2025,August,30
30-08-2025,Bihar,83,Satisfactory,33.7,69.3,14.8,3.7,0.53,59.8,2025,August,30
30-08-2025,Chhattisgarh,89,Satisfactory,33.9,61.9,11.7,3.5,0.45,63.6,2025,August,30
30-08-2025,Goa,61,Satisfactory,30.1,45.1,12.2,3.3,0.3,64.6,2025,August,30
30-08-2025,Gujarat,80,Satisfactory,33.7,52.7,12.7,3.5,0.41,61.2,2025,August,30
30-08-2025,Haryana,72,Satisfactory,32.7,43,13.7,3.6,0.34,59.4,2025,August,30
30-08-2025,Himachal Pradesh,120,Moderate,55.6,96.3,20.4,7,0.68,60,2025,August,30
30-08-2025,Jharkhand,168,Moderate,72.3,120.9,27,7.4,0.98,55.7,2025,August,30
30-08-2025,Karnataka,67,Satisfactory,25.1,56,10.2,3.6,0.42,63.6,2025,August,30
30-08-2025,Kerala,117,Moderate,52.5,75,17.2,6.4,0.6,57.7,2025,August,30
30-08-2025,Madhya Pradesh,61,Satisfactory,26.7,47.9,10.6,3.7,0.4,63,2025,August,30
30-08-2025,Maharashtra,109,Moderate,40.5,82.6,14.6,6.3,0.64,62.4,2025,August,30
30-08-2025,Manipur,124,Moderate,57.2,80.4,17.1,7.2,0.7,64,2025,August,30
30-08-2025,Meghalaya,69,Satisfactory,33.9,43.3,8.1,3.5,0.41,62.4,2025,August,30
30-08-2025,Mizoram,143,Moderate,62.7,98.5,24,7.5,0.8,61.7,2025,August,30
30-08-2025,Nagaland,129,Moderate,54.1,92.4,20.8,5.9,0.65,63.7,2025,August,30
30-08-2025,Odisha,124,Moderate,49,96,21.1,7.1,0.75,65,2025,August,30
30-08-2025,Punjab,135,Moderate,54.3,105.9,22.3,7.3,0.74,57.3,2025,August,30
30-08-2025,Rajasthan,59,Satisfactory,26.5,44.7,7.6,2.9,0.25,61.1,2025,August,30
30-08-2025,Sikkim,114,Moderate,45.1,82.4,16.7,6.7,0.61,57.8,2025,August,30
30-08-2025,Tamil Nadu,102,Moderate,42.9,75.8,18.7,4.3,0.49,58.1,2025,August,30
30-08-2025,Telangana,85,Satisfactory,35.2,65.9,11.5,5.1,0.47,63.6,2025,August,30
30-08-2025,Tripura,114,Moderate,46.8,73.2,17.4,6,0.73,65.6,2025,August,30
30-08-2025,Uttar Pradesh,138,Moderate,61,104.9,21.4,7.6,0.8,56.2,2025,August,30
30-08-2025,Uttarakhand,88,Satisfactory,33.3,69.8,13.5,5,0.5,67,2025,August,30
30-08-2025,West Bengal,53,Satisfactory,25.5,40.5,9.2,2.6,0.39,61.2,2025,August,30
31-08-2025,Andhra Pradesh,111,Moderate,48.8,71,16.7,6.2,0.6,65.6,2025,August,31
31-08-2025,Arunachal Pradesh,78,Satisfactory,32.5,49.2,10.4,3.7,0.35,67,2025,August,31
31-08-2025,Assam,153,Moderate,58.9,103.1,21.9,7.8,0.78,59,2025,August,31
31-08-2025,Bihar,111,Moderate,41.7,86.5,18.7,5.2,0.67,56.7,2025,August,31
31-08-2025,Chhattisgarh,72,Satisfactory,26.7,46.5,8.7,3.2,0.45,66.2,2025,August,31
31-08-2025,Goa,85,Satisfactory,39.9,55.9,15.6,3.5,0.47,63.3,2025,August,31
31-08-2025,Gujarat,88,Satisfactory,32,70.6,15.4,4,0.52,60.5,2025,August,31
31-08-2025,Haryana,57,Satisfactory,18.6,41.4,10.9,2.6,0.29,67.7,2025,August,31
31-08-2025,Himachal Pradesh,134,Moderate,53.7,96.2,20.8,5.8,0.73,62.5,2025,August,31
31-08-2025,Jharkhand,153,Moderate,65.6,106.3,21.5,7.8,0.76,57.1,2025,August,31
31-08-2025,Karnataka,104,Moderate,42.2,71,16.8,5.7,0.52,65.1,2025,August,31
31-08-2025,Kerala,141,Moderate,54.6,100.4,20.5,7.3,0.7,61.4,2025,August,31
31-08-2025,Madhya Pradesh,77,Satisfactory,36.2,55.9,13.7,4.6,0.33,63.1,2025,August,31
31-08-2025,Maharashtra,149,Moderate,63.9,112.7,24.1,7.1,0.88,62.8,2025,August,31
31-08-2025,Manipur,144,Moderate,60.1,110.6,25.6,7.3,0.72,55.4,2025,August,31
31-08-2025,Meghalaya,112,Moderate,51.5,89,16.6,6.2,0.66,57.8,2025,August,31
31-08-2025,Mizoram,94,Satisfactory,43.3,60.9,17.8,5.2,0.6,57.6,2025,August,31
31-08-2025,Nagaland,154,Moderate,62,119.9,27,7.2,0.86,58.8,2025,August,31
31-08-2025,Odisha,97,Satisfactory,36.3,65.9,18.5,3.9,0.5,65.6,2025,August,31
31-08-2025,Punjab,145,Moderate,55.1,104.9,21.2,6.9,0.76,54.7,2025,August,31
31-08-2025,Rajasthan,69,Satisfactory,34.7,54.3,10.1,3.4,0.33,60.8,2025,August,31
31-08-2025,Sikkim,140,Moderate,55.9,103.6,19.6,6.1,0.74,59.5,2025,August,31
31-08-2025,Tamil Nadu,86,Satisfactory,33.2,57.1,16.5,4.1,0.43,66.8,2025,August,31
31-08-2025,Telangana,101,Moderate,38.9,66.8,16.8,5.4,0.55,59.3,2025,August,31
31-08-2025,Tripura,105,Moderate,39.6,71.1,18.4,5.7,0.55,66.1,2025,August,31
31-08-2025,Uttar Pradesh,150,Moderate,61.5,111.6,22.5,8.1,0.86,62.8,2025,August,31
31-08-2025,Uttarakhand,68,Satisfactory,25.1,54.3,11.6,3.6,0.32,61.2,2025,August,31
31-08-2025,West Bengal,80,Satisfactory,39,58.7,10.1,4.9,0.49,63.7,2025,August,31
01-09-2025,Andhra Pradesh,156,Moderate,62.6,119.5,22.3,8.4,0.83,55,2025,September,1
01-09-2025,Arunachal Pradesh,95,Satisfactory,34.2,74.9,15.6,5.2,0.5,57.9,2025,September,1
01-09-2025,Assam,155,Moderate,68.9,119.2,22.6,8.5,0.8,59,2025,September,1
01-09-2025,Bihar,116,Moderate,44.8,77.5,19,6.4,0.7,64.5,2025,September,1
01-09-2025,Chhattisgarh,122,Moderate,52.7,83.4,21.8,5.2,0.74,62.4,2025,September,1
01-09-2025,Goa,93,Satisfactory,40,63,14.6,5.1,0.55,63.6,2025,September,1
01-09-2025,Gujarat,122,Moderate,46.7,95.2,17.2,5.7,0.69,56.7,2025,September,1
01-09-2025,Haryana,104,Moderate,38.7,83.4,16.9,4.5,0.49,65.9,2025,September,1
01-09-2025,Himachal Pradesh,171,Moderate,72.1,113.5,27.4,9.2,1.01,51.4,2025,September,1
01-09-2025,Jharkhand,180,Moderate,73,127.9,30.8,8.8,1.1,51,2025,September,1
01-09-2025,Karnataka,130,Moderate,58.8,92.2,20.2,7.1,0.64,61.4,2025,September,1
01-09-2025,Kerala,137,Moderate,59.8,101.6,21.1,7,0.77,60,2025,September,1
01-09-2025,Madhya Pradesh,92,Satisfactory,37.7,64.2,14.2,5.5,0.42,60.4,2025,September,1
01-09-2025,Maharashtra,148,Moderate,68.1,107.9,21.2,8.3,0.76,56.6,2025,September,1
01-09-2025,Manipur,157,Moderate,61.7,113.4,24,7.6,0.78,53.3,2025,September,1
01-09-2025,Meghalaya,131,Moderate,59.7,91.5,21.2,5.7,0.78,63.8,2025,September,1
01-09-2025,Mizoram,160,Moderate,69.4,109.4,27.2,7.5,0.92,59,2025,September,1
01-09-2025,Nagaland,172,Moderate,68.8,121.7,28.8,9.4,0.92,59.7,2025,September,1
01-09-2025,Odisha,150,Moderate,61.5,108.1,26.8,7.7,0.91,59.8,2025,September,1
01-09-2025,Punjab,164,Moderate,74.6,122.5,27.2,9.2,0.91,55.7,2025,September,1
01-09-2025,Rajasthan,103,Moderate,39.7,66.2,17,5,0.59,62,2025,September,1
01-09-2025,Sikkim,171,Moderate,67.4,122.4,26.2,8,0.89,52.8,2025,September,1
01-09-2025,Tamil Nadu,153,Moderate,67.9,102.1,23.7,6.8,0.76,53.4,2025,September,1
01-09-2025,Telangana,95,Satisfactory,38.1,59.4,13.1,5.2,0.49,60,2025,September,1
01-09-2025,Tripura,127,Moderate,47.5,93.2,19.5,6,0.64,60.4,2025,September,1
01-09-2025,Uttar Pradesh,161,Moderate,66.7,113.4,23.9,8.8,0.8,59.7,2025,September,1
01-09-2025,Uttarakhand,129,Moderate,54.1,83.7,21.3,7.2,0.81,60.9,2025,September,1
01-09-2025,West Bengal,106,Moderate,41.6,78.7,14.3,4.7,0.62,61.6,2025,September,1
02-09-2025,Andhra Pradesh,163,Moderate,70.1,124.7,25.9,7.7,0.92,60.8,2025,September,2
02-09-2025,Arunachal Pradesh,70,Satisfactory,33.8,44,10.3,4.2,0.38,66,2025,September,2
02-09-2025,Assam,153,Moderate,62.2,112.3,25.7,8.5,0.81,60.1,2025,September,2
02-09-2025,Bihar,120,Moderate,50.1,81.1,17.6,5.8,0.74,63.8,2025,September,2
02-09-2025,Chhattisgarh,119,Moderate,48.8,91.2,21.4,5.1,0.58,58.9,2025,September,2
02-09-2025,Goa,101,Moderate,40.8,81.9,15.2,5.7,0.61,62.3,2025,September,2
02-09-2025,Gujarat,97,Satisfactory,45.9,73.4,15.7,5.5,0.64,62.7,2025,September,2
02-09-2025,Haryana,103,Moderate,43.7,73,18.9,5.2,0.5,65.3,2025,September,2
02-09-2025,Himachal Pradesh,172,Moderate,77.9,128.5,30.5,9,1.02,58.2,2025,September,2
02-09-2025,Jharkhand,155,Moderate,66.7,106.9,25.2,7.7,0.86,58.5,2025,September,2
02-09-2025,Karnataka,132,Moderate,53.4,92.7,23.1,6.9,0.81,60.9,2025,September,2
02-09-2025,Kerala,138,Moderate,63.3,90.9,22.4,7.3,0.78,62,2025,September,2
02-09-2025,Madhya Pradesh,89,Satisfactory,35,67.3,12.5,5.3,0.5,60.9,2025,September,2
02-09-2025,Maharashtra,174,Moderate,76.5,129.9,30.7,8.8,0.97,53.6,2025,September,2
02-09-2025,Manipur,138,Moderate,57.6,99,20.7,6.6,0.75,62.2,2025,September,2
02-09-2025,Meghalaya,108,Moderate,43.5,69.7,18,4.6,0.6,63.2,2025,September,2
02-09-2025,Mizoram,165,Moderate,69.1,116.1,24.9,9,0.88,57.5,2025,September,2
02-09-2025,Nagaland,140,Moderate,59,95.2,21,6.5,0.85,55.6,2025,September,2
02-09-2025,Odisha,130,Moderate,54.7,99.1,22.8,5.9,0.81,56.9,2025,September,2
02-09-2025,Punjab,152,Moderate,61.7,108.1,27.3,8.2,0.82,58.7,2025,September,2
02-09-2025,Rajasthan,105,Moderate,47.6,66.1,14.4,5.2,0.61,62.8,2025,September,2
02-09-2025,Sikkim,143,Moderate,57.8,99.5,23.9,7.5,0.75,53.7,2025,September,2
02-09-2025,Tamil Nadu,108,Moderate,41.1,82.4,17.5,5.2,0.68,65.5,2025,September,2
02-09-2025,Telangana,128,Moderate,56.6,90,19.4,6.8,0.81,56.2,2025,September,2
02-09-2025,Tripura,167,Moderate,72.4,113.8,29.6,9.1,0.85,60.5,2025,September,2
02-09-2025,Uttar Pradesh,180,Moderate,75.2,139.6,26.6,9.4,0.98,53.5,2025,September,2
02-09-2025,Uttarakhand,114,Moderate,53.3,87.5,15.6,5.2,0.72,57.4,2025,September,2
02-09-2025,West Bengal,95,Satisfactory,38.3,60.9,17,5.6,0.46,65.9,2025,September,2
03-09-2025,Andhra Pradesh,157,Moderate,65.3,117.9,25.5,8.6,0.92,60.5,2025,September,3
03-09-2025,Arunachal Pradesh,77,Satisfactory,31.5,63.4,13.9,3.1,0.46,65.9,2025,September,3
03-09-2025,Assam,163,Moderate,70.8,119.2,24.1,7.8,0.98,52.8,2025,September,3
03-09-2025,Bihar,96,Satisfactory,42.3,72.9,15,5.6,0.45,66.5,2025,September,3
03-09-2025,Chhattisgarh,141,Moderate,62.5,93.8,23.6,7.3,0.7,62.1,2025,September,3
03-09-2025,Goa,133,Moderate,50.9,103.5,18.4,5.7,0.74,55.4,2025,September,3
03-09-2025,Gujarat,86,Satisfactory,33.1,60.9,16.5,4.9,0.47,58.3,2025,September,3
03-09-2025,Haryana,100,Satisfactory,44,72.8,15.7,4.7,0.62,64.7,2025,September,3
03-09-2025,Himachal Pradesh,143,Moderate,59.9,106.8,24.6,6.4,0.73,55.5,2025,September,3
03-09-2025,Jharkhand,190,Moderate,75.6,129,28.3,8.8,1.1,50.1,2025,September,3
03-09-2025,Karnataka,101,Moderate,39,75.9,14.3,5.1,0.66,65.4,2025,September,3
03-09-2025,Kerala,176,Moderate,68.9,131.5,28.8,8.8,1.04,57.5,2025,September,3
03-09-2025,Madhya Pradesh,98,Satisfactory,42,76.5,14.6,5.2,0.48,67,2025,September,3
03-09-2025,Maharashtra,128,Moderate,49.5,99.2,20,6.6,0.62,63.5,2025,September,3
03-09-2025,Manipur,148,Moderate,65.2,113.8,21.2,7.6,0.77,59.6,2025,September,3
03-09-2025,Meghalaya,137,Moderate,61.1,103.6,20.9,7.3,0.74,58.1,2025,September,3
03-09-2025,Mizoram,119,Moderate,53,87,17,6.9,0.74,63.5,2025,September,3
03-09-2025,Nagaland,176,Moderate,73.9,121.2,26.9,8.4,0.96,51.7,2025,September,3
03-09-2025,Odisha,142,Moderate,55.8,93,20.6,7.2,0.71,59.4,2025,September,3
03-09-2025,Punjab,148,Moderate,58.2,116.3,22.6,8.1,0.89,53.6,2025,September,3
03-09-2025,Rajasthan,86,Satisfactory,37.2,53.8,10.9,4.5,0.41,61,2025,September,3
03-09-2025,Sikkim,124,Moderate,48.9,79.6,17.7,6.1,0.7,57.5,2025,September,3
03-09-2025,Tamil Nadu,155,Moderate,61.6,119.7,26.7,6.9,0.76,62.6,2025,September,3
03-09-2025,Telangana,121,Moderate,48.4,83.6,20.7,5.5,0.68,62.8,2025,September,3
03-09-2025,Tripura,134,Moderate,56.5,94.3,18.5,7.5,0.83,56.2,2025,September,3
03-09-2025,Uttar Pradesh,158,Moderate,69.8,114.8,23.2,8.5,0.88,60.8,2025,September,3
03-09-2025,Uttarakhand,112,Moderate,52.2,76.6,18.3,5,0.53,56.5,2025,September,3
03-09-2025,West Bengal,76,Satisfactory,27.6,63.5,9.5,4.4,0.47,67.4,2025,September,3
04-09-2025,Andhra Pradesh,149,Moderate,65.1,101.1,21,7.9,0.86,58.6,2025,September,4
04-09-2025,Arunachal Pradesh,68,Satisfactory,26.7,52.3,8.3,3.8,0.31,65.4,2025,September,4
04-09-2025,Assam,140,Moderate,55.4,106.9,23.8,6.9,0.74,61.6,2025,September,4
04-09-2025,Bihar,117,Moderate,48.6,91.8,16.3,6.1,0.73,60.4,2025,September,4
04-09-2025,Chhattisgarh,118,Moderate,48,84.5,16.1,6.9,0.62,62.1,2025,September,4
04-09-2025,Goa,87,Satisfactory,34.5,72.3,16.3,4.4,0.57,67.6,2025,September,4
04-09-2025,Gujarat,98,Satisfactory,43.3,73.6,15.1,5.1,0.64,63.6,2025,September,4
04-09-2025,Haryana,101,Moderate,38.1,78.1,14.1,5.1,0.65,59.2,2025,September,4
04-09-2025,Himachal Pradesh,192,Moderate,77.6,146.4,31.9,10.6,1.08,54.8,2025,September,4
04-09-2025,Jharkhand,171,Moderate,68.3,125.6,25.7,8.2,0.97,52.6,2025,September,4
04-09-2025,Karnataka,121,Moderate,55.2,91.7,19.8,6.6,0.73,57.7,2025,September,4
04-09-2025,Kerala,138,Moderate,56.2,104.8,24.9,6,0.71,63.8,2025,September,4
04-09-2025,Madhya Pradesh,90,Satisfactory,37.9,63,12.8,5,0.59,58.3,2025,September,4
04-09-2025,Maharashtra,136,Moderate,59.3,105.9,21.4,6.7,0.8,58.8,2025,September,4
04-09-2025,Manipur,177,Moderate,73,118.7,30,9.8,0.98,57.1,2025,September,4
04-09-2025,Meghalaya,139,Moderate,64.3,94.6,21.9,7,0.72,62.8,2025,September,4
04-09-2025,Mizoram,125,Moderate,50.2,98.9,21.8,6.3,0.67,56.1,2025,September,4
04-09-2025,Nagaland,152,Moderate,59.2,100.6,24.4,6.8,0.77,60.8,2025,September,4
04-09-2025,Odisha,149,Moderate,61.3,103.4,24.4,7.1,0.81,56.3,2025,September,4
04-09-2025,Punjab,187,Moderate,76.9,144.5,27.6,8.5,1.12,56.9,2025,September,4
04-09-2025,Rajasthan,93,Satisfactory,33.6,71,14.3,5.5,0.46,62.7,2025,September,4
04-09-2025,Sikkim,140,Moderate,62.5,97.1,22.5,6.5,0.77,56.3,2025,September,4
04-09-2025,Tamil Nadu,153,Moderate,64.9,119.2,25.2,7.6,0.87,58.7,2025,September,4
04-09-2025,Telangana,116,Moderate,52.9,92,20.7,6.4,0.58,64.4,2025,September,4
04-09-2025,Tripura,174,Moderate,75.2,129.3,29,8.1,1.07,54,2025,September,4
04-09-2025,Uttar Pradesh,169,Moderate,65.2,124.7,25.3,8.2,0.98,57.2,2025,September,4
04-09-2025,Uttarakhand,84,Satisfactory,30.1,60.9,16.3,5.1,0.51,67.8,2025,September,4
04-09-2025,West Bengal,78,Satisfactory,27.4,59.1,13.4,4.5,0.5,63.6,2025,September,4
05-09-2025,Andhra Pradesh,138,Moderate,56.3,107.6,23.1,6,0.83,61.9,2025,September,5
05-09-2025,Arunachal Pradesh,68,Satisfactory,31.1,44.8,8.8,3.7,0.37,60.5,2025,September,5
05-09-2025,Assam,129,Moderate,57.6,102.3,22.1,5.7,0.74,63.2,2025,September,5
05-09-2025,Bihar,125,Moderate,58.1,83.9,19.7,6.6,0.79,61.6,2025,September,5
05-09-2025,Chhattisgarh,102,Moderate,36.9,74.8,14.3,4.7,0.57,62.8,2025,September,5
05-09-2025,Goa,106,Moderate,50.2,78.3,14.6,6,0.6,66.4,2025,September,5
05-09-2025,Gujarat,100,Satisfactory,36.4,70,16.9,4.2,0.5,57.4,2025,September,5
05-09-2025,Haryana,69,Satisfactory,34.5,48.7,12,2.7,0.39,65,2025,September,5
05-09-2025,Himachal Pradesh,159,Moderate,66.3,122.2,23.7,7.6,0.82,59.8,2025,September,5
05-09-2025,Jharkhand,181,Moderate,71.8,124.6,31.6,9,1.05,55.5,2025,September,5
05-09-2025,Karnataka,133,Moderate,59.7,98.9,22.4,6.5,0.78,60.1,2025,September,5
05-09-2025,Kerala,169,Moderate,72.1,129.9,24,8,1.02,60.6,2025,September,5
05-09-2025,Madhya Pradesh,75,Satisfactory,36.7,48.2,9.2,3.3,0.33,60,2025,September,5
05-09-2025,Maharashtra,172,Moderate,67.2,130.6,27.5,7.9,1,54.1,2025,September,5
05-09-2025,Manipur,176,Moderate,74,123.6,26.1,8.8,0.95,57.7,2025,September,5
05-09-2025,Meghalaya,103,Moderate,46.6,81.6,15.1,4.6,0.59,64.2,2025,September,5
05-09-2025,Mizoram,121,Moderate,46.3,87.8,18.2,6,0.69,62.8,2025,September,5
05-09-2025,Nagaland,148,Moderate,61.9,98.6,25.5,7.4,0.86,63,2025,September,5
05-09-2025,Odisha,164,Moderate,63.1,109.3,23.5,7.6,0.97,59.5,2025,September,5
05-09-2025,Punjab,150,Moderate,65.8,103.1,22.2,8.5,0.82,58.3,2025,September,5
05-09-2025,Rajasthan,104,Moderate,41.2,82.9,13.7,4.6,0.56,59.1,2025,September,5
05-09-2025,Sikkim,130,Moderate,58.1,87.5,19.7,6.3,0.64,63.3,2025,September,5
05-09-2025,Tamil Nadu,125,Moderate,54.6,91.7,22,6.6,0.72,58.9,2025,September,5
05-09-2025,Telangana,120,Moderate,51.6,77,21,6.4,0.7,60.6,2025,September,5
05-09-2025,Tripura,159,Moderate,62.1,115.8,27.6,7.5,0.85,58.8,2025,September,5
05-09-2025,Uttar Pradesh,174,Moderate,74.6,117.6,26.8,8.9,0.97,54.2,2025,September,5
05-09-2025,Uttarakhand,129,Moderate,59.2,87.2,23.5,6.3,0.78,59.6,2025,September,5
05-09-2025,West Bengal,87,Satisfactory,41.1,62.1,12.6,3.6,0.5,63.5,2025,September,5
06-09-2025,Andhra Pradesh,165,Moderate,71.6,117.3,27.5,7.8,0.99,55.6,2025,September,6
06-09-2025,Arunachal Pradesh,82,Satisfactory,33.8,64.5,12.3,4.3,0.38,67,2025,September,6
06-09-2025,Assam,154,Moderate,59.7,102.5,24.8,7.4,0.84,52.9,2025,September,6
06-09-2025,Bihar,130,Moderate,55.5,86.8,23.5,5.5,0.63,60,2025,September,6
06-09-2025,Chhattisgarh,104,Moderate,39.5,79.5,13.7,4.8,0.58,59.6,2025,September,6
06-09-2025,Goa,129,Moderate,59.9,97.9,20.8,6.6,0.68,57.1,2025,September,6
06-09-2025,Gujarat,96,Satisfactory,39.9,76.3,15.8,4.5,0.58,63.5,2025,September,6
06-09-2025,Haryana,79,Satisfactory,28.3,50.5,12.5,4.9,0.46,64.9,2025,September,6
06-09-2025,Himachal Pradesh,176,Moderate,70.6,132.2,28.8,8.1,1.07,59.5,2025,September,6
06-09-2025,Jharkhand,181,Moderate,80.6,123,31.3,8.4,1.06,59.2,2025,September,6
06-09-2025,Karnataka,99,Satisfactory,47.5,69.7,15.7,4.8,0.54,58.1,2025,September,6
06-09-2025,Kerala,151,Moderate,61.1,113.8,24.6,6.9,0.84,60.6,2025,September,6
06-09-2025,Madhya Pradesh,76,Satisfactory,32.2,56.5,14.3,4.1,0.41,63.9,2025,September,6
06-09-2025,Maharashtra,153,Moderate,59.4,109.6,22.7,6.8,0.77,53.1,2025,September,6
06-09-2025,Manipur,152,Moderate,59,109.5,24.5,8.4,0.89,57.4,2025,September,6
06-09-2025,Meghalaya,104,Moderate,46.2,84.7,19.4,4.2,0.51,58,2025,September,6
06-09-2025,Mizoram,148,Moderate,58.7,111,23.2,7.7,0.77,58.7,2025,September,6
06-09-2025,Nagaland,148,Moderate,67.8,114.7,23.3,7.4,0.9,58.9,2025,September,6
06-09-2025,Odisha,131,Moderate,57.3,101.6,20.6,6.4,0.7,55.7,2025,September,6
06-09-2025,Punjab,140,Moderate,63.9,94.6,24.8,7.1,0.71,61.8,2025,September,6
06-09-2025,Rajasthan,107,Moderate,49.5,69.9,15.4,4.9,0.64,56.7,2025,September,6
06-09-2025,Sikkim,142,Moderate,57.2,108.6,23.9,7.3,0.82,56.1,2025,September,6
06-09-2025,Tamil Nadu,132,Moderate,59.8,101.9,21,7.1,0.7,60.3,2025,September,6
06-09-2025,Telangana,95,Satisfactory,37.3,73.9,16.2,3.9,0.52,59.5,2025,September,6
06-09-2025,Tripura,156,Moderate,62.1,105.3,24.7,8.6,0.88,60.1,2025,September,6
06-09-2025,Uttar Pradesh,147,Moderate,61.3,108.9,21.6,7.3,0.79,61.4,2025,September,6
06-09-2025,Uttarakhand,107,Moderate,42.2,74.7,16.9,5.9,0.52,56.8,2025,September,6
06-09-2025,West Bengal,67,Satisfactory,23.1,49.1,13.5,2.6,0.32,64.6,2025,September,6
07-09-2025,Andhra Pradesh,121,Moderate,51.3,96.3,17.7,6.6,0.74,62.7,2025,September,7
07-09-2025,Arunachal Pradesh,101,Moderate,46.9,71.1,13.4,5.2,0.62,65.7,2025,September,7
07-09-2025,Assam,129,Moderate,53.4,102.9,19.6,6.7,0.81,63.8,2025,September,7
07-09-2025,Bihar,123,Moderate,48.9,96.4,18.3,6.3,0.71,58.2,2025,September,7
07-09-2025,Chhattisgarh,126,Moderate,47,91.4,20.2,6.3,0.68,62.8,2025,September,7
07-09-2025,Goa,133,Moderate,55.8,93.6,18.6,5.7,0.8,62.9,2025,September,7
07-09-2025,Gujarat,120,Moderate,52.9,80.6,17.9,5.7,0.69,61.2,2025,September,7
07-09-2025,Haryana,76,Satisfactory,27.9,47.6,10.8,3,0.47,62.5,2025,September,7
07-09-2025,Himachal Pradesh,183,Moderate,76.7,129.2,29.6,8.9,1.07,52.6,2025,September,7
07-09-2025,Jharkhand,172,Moderate,75.6,116.2,25.5,8.7,0.99,59.1,2025,September,7
07-09-2025,Karnataka,131,Moderate,49.2,103.5,22.9,7.1,0.73,55,2025,September,7
07-09-2025,Kerala,161,Moderate,63.1,121.7,22.9,9,0.88,57.1,2025,September,7
07-09-2025,Madhya Pradesh,82,Satisfactory,34.2,67.2,13.7,4.8,0.44,66.7,2025,September,7
07-09-2025,Maharashtra,140,Moderate,56.7,105.2,21.8,7.7,0.71,59.8,2025,September,7
07-09-2025,Manipur,147,Moderate,60.2,96.3,23.4,6.7,0.91,56.7,2025,September,7
07-09-2025,Meghalaya,120,Moderate,56,83,20.9,6.1,0.69,59.9,2025,September,7
07-09-2025,Mizoram,147,Moderate,57.6,115.1,23.3,8.3,0.76,54.6,2025,September,7
07-09-2025,Nagaland,171,Moderate,72.3,121.9,24.8,9.3,1.04,51.4,2025,September,7
07-09-2025,Odisha,154,Moderate,67.2,108.2,26.7,8.5,0.76,58.8,2025,September,7
07-09-2025,Punjab,173,Moderate,72.2,130.9,25.1,9.2,1,60.6,2025,September,7
07-09-2025,Rajasthan,85,Satisfactory,31.1,64.2,13.4,5.2,0.4,64.9,2025,September,7
07-09-2025,Sikkim,137,Moderate,56,98.4,20.8,6,0.69,60.6,2025,September,7
07-09-2025,Tamil Nadu,125,Moderate,56.4,100,18,6.6,0.7,58.7,2025,September,7
07-09-2025,Telangana,124,Moderate,46.7,84.7,19.8,5.5,0.7,57.8,2025,September,7
07-09-2025,Tripura,175,Moderate,73.8,120.6,26.7,8.9,0.96,55.4,2025,September,7
07-09-2025,Uttar Pradesh,181,Moderate,71.4,126.5,27.6,8.7,1.09,58.8,2025,September,7
07-09-2025,Uttarakhand,105,Moderate,49.5,71.6,18.7,5.6,0.52,64.7,2025,September,7
07-09-2025,West Bengal,72,Satisfactory,27.5,54,14.3,4.1,0.37,64.9,2025,September,7
08-09-2025,Andhra Pradesh,165,Moderate,66.1,115.9,25.4,8.6,1,58.6,2025,September,8
08-09-2025,Arunachal Pradesh,115,Moderate,52.9,92,19.7,4.8,0.73,57.3,2025,September,8
08-09-2025,Assam,168,Moderate,72.2,121.4,27.2,7.7,0.88,55,2025,September,8
08-09-2025,Bihar,136,Moderate,55.3,105.6,19.8,6.6,0.75,56.3,2025,September,8
08-09-2025,Chhattisgarh,141,Moderate,57.7,110.6,21.8,6.7,0.73,57,2025,September,8
08-09-2025,Goa,132,Moderate,55.4,97.3,21.5,6.2,0.69,59.8,2025,September,8
08-09-2025,Gujarat,83,Satisfactory,31.9,60.4,13.6,4.7,0.41,62.2,2025,September,8
08-09-2025,Haryana,73,Satisfactory,26,58.3,11,3.7,0.37,65.3,2025,September,8
08-09-2025,Himachal Pradesh,193,Moderate,77.4,147.8,31.2,9.3,1.03,54.5,2025,September,8
08-09-2025,Jharkhand,170,Moderate,73.6,131.5,25.3,8.6,1,58.8,2025,September,8
08-09-2025,Karnataka,112,Moderate,45.6,85.8,18.9,4.8,0.69,57.3,2025,September,8
08-09-2025,Kerala,174,Moderate,78.6,116.5,27.8,9.5,1,58.5,2025,September,8
08-09-2025,Madhya Pradesh,94,Satisfactory,35.9,65.3,17.5,5.5,0.53,61.1,2025,September,8
08-09-2025,Maharashtra,130,Moderate,50.5,98,20.9,6.8,0.8,57.9,2025,September,8
08-09-2025,Manipur,158,Moderate,70.5,122.8,25.8,8.8,0.93,54.2,2025,September,8
08-09-2025,Meghalaya,110,Moderate,43.4,83.1,18,5.4,0.56,62.2,2025,September,8
08-09-2025,Mizoram,160,Moderate,65.6,116.8,26.9,9,0.98,53.8,2025,September,8
08-09-2025,Nagaland,148,Moderate,61.8,106.8,22.8,6.7,0.86,54.4,2025,September,8
08-09-2025,Odisha,161,Moderate,65.7,116,23.8,8.9,0.91,59.4,2025,September,8
08-09-2025,Punjab,142,Moderate,62.6,95,23.6,7.6,0.79,62.8,2025,September,8
08-09-2025,Rajasthan,107,Moderate,40.4,76.8,17.4,4.7,0.69,63.9,2025,September,8
08-09-2025,Sikkim,145,Moderate,57.6,95.3,22.2,6.9,0.82,54.5,2025,September,8
08-09-2025,Tamil Nadu,131,Moderate,53.9,94.5,21.9,7.4,0.7,54.8,2025,September,8
08-09-2025,Telangana,127,Moderate,47.4,92.7,21.2,6.8,0.8,55.7,2025,September,8
08-09-2025,Tripura,154,Moderate,68.1,119.4,23.7,6.8,0.84,54.5,2025,September,8
08-09-2025,Uttar Pradesh,179,Moderate,71.7,124.4,27.2,8.9,0.9,57.1,2025,September,8
08-09-2025,Uttarakhand,91,Satisfactory,44,72.9,12,4.5,0.55,67.6,2025,September,8
08-09-2025,West Bengal,113,Moderate,45.1,77.3,15.8,6.5,0.64,65.6,2025,September,8
09-09-2025,Andhra Pradesh,128,Moderate,56.5,101.3,21.3,6.7,0.73,64.6,2025,September,9
09-09-2025,Arunachal Pradesh,96,Satisfactory,45.7,69.3,18.3,5.6,0.61,66.9,2025,September,9
09-09-2025,Assam,155,Moderate,70.5,121.6,22.7,7.6,0.79,58.7,2025,September,9
09-09-2025,Bihar,94,Satisfactory,38.7,77.4,12.7,5.7,0.6,57.6,2025,September,9
09-09-2025,Chhattisgarh,113,Moderate,52.5,75.4,17.7,6.6,0.65,62.9,2025,September,9
09-09-2025,Goa,124,Moderate,48.8,96.9,19.9,5.6,0.73,58.2,2025,September,9
09-09-2025,Gujarat,84,Satisfactory,32.5,58.4,16,3.8,0.46,67.5,2025,September,9
09-09-2025,Haryana,105,Moderate,39.2,67.7,17.7,4.9,0.51,59.3,2025,September,9
09-09-2025,Himachal Pradesh,182,Moderate,80,140.1,26.2,8.5,0.94,56.9,2025,September,9
09-09-2025,Jharkhand,158,Moderate,66.1,108.5,23,7.3,0.8,53.2,2025,September,9
09-09-2025,Karnataka,87,Satisfactory,38.9,53,16.4,4.1,0.55,63.6,2025,September,9
09-09-2025,Kerala,134,Moderate,55.3,95,19.2,6.6,0.67,60.8,2025,September,9
09-09-2025,Madhya Pradesh,66,Satisfactory,31.5,56.8,9.1,4.1,0.32,60,2025,September,9
09-09-2025,Maharashtra,138,Moderate,62.2,98.4,24,6.2,0.69,59.5,2025,September,9
09-09-2025,Manipur,167,Moderate,68.2,111.7,29.1,7.5,0.85,60,2025,September,9
09-09-2025,Meghalaya,102,Moderate,40.9,77.8,15.4,4.7,0.66,60.6,2025,September,9
09-09-2025,Mizoram,137,Moderate,52,93.2,22.7,7.7,0.85,54.4,2025,September,9
09-09-2025,Nagaland,152,Moderate,63.4,117.5,25.6,7.2,0.89,61.9,2025,September,9
09-09-2025,Odisha,148,Moderate,58,111.5,23.9,6.4,0.79,59.7,2025,September,9
09-09-2025,Punjab,174,Moderate,68.4,123,26.5,7.9,0.96,53,2025,September,9
09-09-2025,Rajasthan,106,Moderate,48,82.9,15.7,4.5,0.67,59.3,2025,September,9
09-09-2025,Sikkim,125,Moderate,58,83.2,17.3,6.8,0.73,62.4,2025,September,9
09-09-2025,Tamil Nadu,130,Moderate,55.5,87.9,19,5.9,0.75,62,2025,September,9
09-09-2025,Telangana,101,Moderate,42.8,75.2,14.9,4.2,0.49,57.7,2025,September,9
09-09-2025,Tripura,157,Moderate,69.8,103.8,24.3,7.3,0.88,59.1,2025,September,9
09-09-2025,Uttar Pradesh,183,Moderate,75.8,135.1,27,9.3,1.11,57.4,2025,September,9
09-09-2025,Uttarakhand,110,Moderate,46.5,78.2,14.7,6,0.58,58.5,2025,September,9
09-09-2025,West Bengal,88,Satisfactory,41.7,65.1,14.1,5,0.5,63.9,2025,September,9
10-09-2025,Andhra Pradesh,171,Moderate,70.5,123.1,24.7,9,0.92,57.4,2025,September,10
10-09-2025,Arunachal Pradesh,95,Satisfactory,38,67.9,15,4.8,0.45,63.2,2025,September,10
10-09-2025,Assam,148,Moderate,59.9,114.6,25.1,6.6,0.9,62.5,2025,September,10
10-09-2025,Bihar,107,Moderate,41.1,71.9,18.6,6.1,0.52,60,2025,September,10
10-09-2025,Chhattisgarh,106,Moderate,41.6,73.2,19.3,4.5,0.6,61.7,2025,September,10
10-09-2025,Goa,122,Moderate,49.4,88.6,20.3,6.6,0.76,61.3,2025,September,10
10-09-2025,Gujarat,119,Moderate,54.4,78.3,20.3,6.2,0.75,64.7,2025,September,10
10-09-2025,Haryana,106,Moderate,42.7,72.7,19.1,5.8,0.56,65.9,2025,September,10
10-09-2025,Himachal Pradesh,175,Moderate,75.7,118.2,27.8,9.4,0.99,54.2,2025,September,10
10-09-2025,Jharkhand,155,Moderate,66.9,112.1,24.5,7.9,0.78,59,2025,September,10
10-09-2025,Karnataka,94,Satisfactory,45,66.6,17.3,4.3,0.52,59.4,2025,September,10
10-09-2025,Kerala,178,Moderate,70.4,122.3,26.5,9.7,1.03,51.1,2025,September,10
10-09-2025,Madhya Pradesh,94,Satisfactory,33.6,63,14,4,0.56,64.5,2025,September,10
10-09-2025,Maharashtra,147,Moderate,63.3,101.8,22.2,8.1,0.91,53.9,2025,September,10
10-09-2025,Manipur,137,Moderate,63.1,102.1,21.9,7.6,0.71,57.7,2025,September,10
10-09-2025,Meghalaya,140,Moderate,61.5,100.1,22.5,7.4,0.79,63.7,2025,September,10
10-09-2025,Mizoram,126,Moderate,57.8,97.2,21.7,7,0.65,56.5,2025,September,10
10-09-2025,Nagaland,147,Moderate,64.6,108.4,20.7,7.4,0.73,61.1,2025,September,10
10-09-2025,Odisha,148,Moderate,57.1,97.5,24.7,7.8,0.79,53.8,2025,September,10
10-09-2025,Punjab,181,Moderate,76.4,137,30.5,9.7,1.05,54.5,2025,September,10
10-09-2025,Rajasthan,108,Moderate,48.4,72.3,19.8,4.8,0.5,56.4,2025,September,10
10-09-2025,Sikkim,160,Moderate,68.2,111.6,24.8,8,0.79,60,2025,September,10
10-09-2025,Tamil Nadu,145,Moderate,61,101.1,23.9,7.4,0.71,54.7,2025,September,10
10-09-2025,Telangana,98,Satisfactory,42,79.1,14.6,3.9,0.57,58.2,2025,September,10
10-09-2025,Tripura,139,Moderate,60.9,96.5,19.3,7.8,0.86,59.2,2025,September,10
10-09-2025,Uttar Pradesh,191,Moderate,78,135.5,33.5,10.4,1.12,57.8,2025,September,10
10-09-2025,Uttarakhand,115,Moderate,47.6,77.5,16.2,4.9,0.63,60.5,2025,September,10
10-09-2025,West Bengal,93,Satisfactory,39.5,63.2,14.6,5.5,0.44,65.1,2025,September,10
11-09-2025,Andhra Pradesh,137,Moderate,56,102.7,20.1,6.9,0.78,58.9,2025,September,11
11-09-2025,Arunachal Pradesh,115,Moderate,42.7,91.9,17,6.1,0.66,62.7,2025,September,11
11-09-2025,Assam,129,Moderate,48.9,86.1,20.8,6.4,0.68,54.7,2025,September,11
11-09-2025,Bihar,98,Satisfactory,41.7,63,12.9,4,0.47,58.7,2025,September,11
11-09-2025,Chhattisgarh,138,Moderate,54.9,92.4,22.7,6.2,0.78,56.8,2025,September,11
11-09-2025,Goa,88,Satisfactory,36,69.7,16,3.5,0.51,65.8,2025,September,11
11-09-2025,Gujarat,83,Satisfactory,39,64.6,14.9,4,0.47,66.6,2025,September,11
11-09-2025,Haryana,100,Satisfactory,44.2,68.4,13.8,5.8,0.63,59.4,2025,September,11
11-09-2025,Himachal Pradesh,161,Moderate,70.3,110.5,23.5,7.7,0.88,52.8,2025,September,11
11-09-2025,Jharkhand,170,Moderate,68.1,117,28.9,8.7,0.87,60.1,2025,September,11
11-09-2025,Karnataka,111,Moderate,52.1,74.6,19.7,6.4,0.54,59.4,2025,September,11
11-09-2025,Kerala,173,Moderate,73.2,114.7,28.8,9.1,1,56.4,2025,September,11
11-09-2025,Madhya Pradesh,111,Moderate,50.7,78.3,15.1,6,0.56,56.4,2025,September,11
11-09-2025,Maharashtra,133,Moderate,56.5,91.8,23.7,6.4,0.76,61.6,2025,September,11
11-09-2025,Manipur,168,Moderate,69,113,29.1,8.3,0.96,61.1,2025,September,11
11-09-2025,Meghalaya,99,Satisfactory,46.3,77.4,13.7,5.8,0.57,57.3,2025,September,11
11-09-2025,Mizoram,128,Moderate,56.9,94,19.9,6.2,0.77,59.4,2025,September,11
11-09-2025,Nagaland,138,Moderate,55.9,90.1,24.6,7.9,0.8,63.6,2025,September,11
11-09-2025,Odisha,131,Moderate,57.3,85.2,22.4,7.4,0.8,63.2,2025,September,11
11-09-2025,Punjab,176,Moderate,78.6,135.3,25.3,8.2,1.02,52.5,2025,September,11
11-09-2025,Rajasthan,98,Satisfactory,40.7,71.5,14.6,4.3,0.52,62.5,2025,September,11
11-09-2025,Sikkim,132,Moderate,52.3,91.2,21.2,5.7,0.72,56.9,2025,September,11
11-09-2025,Tamil Nadu,112,Moderate,47.2,86.3,19.5,5.3,0.61,58.8,2025,September,11
11-09-2025,Telangana,142,Moderate,59.3,104.1,24.5,6.5,0.76,60.6,2025,September,11
11-09-2025,Tripura,132,Moderate,49.8,91.6,21.9,6.7,0.83,55.5,2025,September,11
11-09-2025,Uttar Pradesh,190,Moderate,81.5,141.1,28.5,8.8,1.13,56.6,2025,September,11
11-09-2025,Uttarakhand,123,Moderate,51.2,80.3,19.9,5.9,0.6,64.5,2025,September,11
11-09-2025,West Bengal,69,Satisfactory,29.9,49.2,8.9,3.9,0.46,60.5,2025,September,11
12-09-2025,Andhra Pradesh,142,Moderate,55.9,100.4,25.1,8.1,0.76,62.3,2025,September,12
12-09-2025,Arunachal Pradesh,95,Satisfactory,40,67.6,12.8,3.9,0.51,65.9,2025,September,12
12-09-2025,Assam,172,Moderate,66.2,127.4,30.4,7.7,1.01,53.3,2025,September,12
12-09-2025,Bihar,131,Moderate,53.3,88.2,23.5,5.7,0.64,57,2025,September,12
12-09-2025,Chhattisgarh,129,Moderate,54.8,98.1,18.9,7.2,0.81,63.5,2025,September,12
12-09-2025,Goa,86,Satisfactory,38.9,56.4,15,4.8,0.46,62.3,2025,September,12
12-09-2025,Gujarat,117,Moderate,50.1,83.4,20.4,6.1,0.56,59,2025,September,12
12-09-2025,Haryana,80,Satisfactory,37.2,50.2,13.3,4,0.52,59.4,2025,September,12
12-09-2025,Himachal Pradesh,163,Moderate,70.2,125.3,28.1,8.9,0.98,58.8,2025,September,12
12-09-2025,Jharkhand,148,Moderate,60.7,110.9,21.6,8.1,0.8,57.4,2025,September,12
12-09-2025,Karnataka,124,Moderate,51.3,94.9,22.3,7.2,0.71,57.1,2025,September,12
12-09-2025,Kerala,176,Moderate,70,132.5,30.5,8,1,60.1,2025,September,12
12-09-2025,Madhya Pradesh,87,Satisfactory,37,64.8,14,4.6,0.53,63,2025,September,12
12-09-2025,Maharashtra,147,Moderate,63.6,113.9,22.9,6.4,0.84,61.2,2025,September,12
12-09-2025,Manipur,155,Moderate,68.7,102.1,22.1,8.7,0.78,54.3,2025,September,12
12-09-2025,Meghalaya,100,Satisfactory,40,74,17.1,5.7,0.52,66,2025,September,12
12-09-2025,Mizoram,140,Moderate,56.4,99.2,24.1,6.8,0.69,54.7,2025,September,12
12-09-2025,Nagaland,176,Moderate,78.6,121.9,25.4,8.5,1.04,51.6,2025,September,12
12-09-2025,Odisha,158,Moderate,62,109.5,26,8.7,0.93,61.2,2025,September,12
12-09-2025,Punjab,178,Moderate,72.5,124.6,26.7,9.3,0.91,53.5,2025,September,12
12-09-2025,Rajasthan,97,Satisfactory,44.3,73.4,14.2,5.5,0.46,59.7,2025,September,12
12-09-2025,Sikkim,127,Moderate,48.9,86.6,22.2,5.5,0.61,60.8,2025,September,12
12-09-2025,Tamil Nadu,130,Moderate,60.1,93.9,19,5.9,0.75,56,2025,September,12
12-09-2025,Telangana,112,Moderate,46.4,73.7,18.1,6.1,0.71,63.8,2025,September,12
12-09-2025,Tripura,171,Moderate,76,117.9,27.6,8.5,1.02,55.3,2025,September,12
12-09-2025,Uttar Pradesh,180,Moderate,77.3,126.9,29.5,8.4,1.02,59.3,2025,September,12
12-09-2025,Uttarakhand,120,Moderate,45,86.1,21.3,6.2,0.6,62.3,2025,September,12
12-09-2025,West Bengal,108,Moderate,48.2,80.5,16,6.1,0.67,59,2025,September,12
13-09-2025,Andhra Pradesh,121,Moderate,53.3,97.1,18.2,6.9,0.68,56.3,2025,September,13
13-09-2025,Arunachal Pradesh,107,Moderate,49.5,85.1,16.8,6.1,0.67,61,2025,September,13
13-09-2025,Assam,135,Moderate,51.1,102.9,21.3,7.1,0.82,56.7,2025,September,13
13-09-2025,Bihar,96,Satisfactory,43.8,62.5,13.6,4.4,0.49,63.8,2025,September,13
13-09-2025,Chhattisgarh,93,Satisfactory,43.6,61.3,15.5,5.6,0.53,60.7,2025,September,13
13-09-2025,Goa,98,Satisfactory,37.6,68.8,16,4.8,0.64,66.6,2025,September,13
13-09-2025,Gujarat,116,Moderate,46.7,76.9,18.2,6,0.65,58.5,2025,September,13
13-09-2025,Haryana,85,Satisfactory,34.1,69.6,11,4.9,0.47,64.3,2025,September,13
13-09-2025,Himachal Pradesh,169,Moderate,74.8,118.6,27.8,7.6,0.92,52.8,2025,September,13
13-09-2025,Jharkhand,150,Moderate,65.9,117.2,21.5,6.7,0.83,61.2,2025,September,13
13-09-2025,Karnataka,132,Moderate,56,91.1,19.9,7.5,0.7,56.5,2025,September,13
13-09-2025,Kerala,132,Moderate,57.5,101.9,23.6,6.9,0.64,59.9,2025,September,13
13-09-2025,Madhya Pradesh,69,Satisfactory,28.1,41.1,13.4,3.6,0.32,67.9,2025,September,13
13-09-2025,Maharashtra,126,Moderate,47.7,96.8,19,6.8,0.79,62.7,2025,September,13
13-09-2025,Manipur,173,Moderate,77.9,121.6,28.5,7.7,0.97,57.2,2025,September,13
13-09-2025,Meghalaya,107,Moderate,39.6,76,19.3,5.3,0.64,62.7,2025,September,13
13-09-2025,Mizoram,136,Moderate,61.2,101.3,19.8,6.5,0.75,58.1,2025,September,13
13-09-2025,Nagaland,165,Moderate,70.9,124.2,29.3,9,0.87,54.4,2025,September,13
13-09-2025,Odisha,115,Moderate,48.8,88.4,19.3,5.7,0.7,64.2,2025,September,13
13-09-2025,Punjab,178,Moderate,68.8,131.1,26.2,8.6,0.98,51.4,2025,September,13
13-09-2025,Rajasthan,76,Satisfactory,27.9,47.2,14.8,3.4,0.33,59.5,2025,September,13
13-09-2025,Sikkim,158,Moderate,68.5,104.6,24.5,7.8,0.97,62.3,2025,September,13
13-09-2025,Tamil Nadu,138,Moderate,63.4,98.3,24.7,7,0.76,63.3,2025,September,13
13-09-2025,Telangana,128,Moderate,48.4,87.2,18.2,6.8,0.69,63.1,2025,September,13
13-09-2025,Tripura,172,Moderate,71.6,133.5,29.2,9.2,0.97,57.3,2025,September,13
13-09-2025,Uttar Pradesh,180,Moderate,73.2,128.4,28.5,9.6,1,51.2,2025,September,13
13-09-2025,Uttarakhand,108,Moderate,42.4,72.1,16.5,4.7,0.63,64,2025,September,13
13-09-2025,West Bengal,110,Moderate,47.4,83.9,16.7,5.5,0.67,64.7,2025,September,13
14-09-2025,Andhra Pradesh,138,Moderate,57.7,103.1,24.4,7.2,0.83,59.6,2025,September,14
14-09-2025,Arunachal Pradesh,109,Moderate,44,86.6,17.6,4.5,0.64,58.9,2025,September,14
14-09-2025,Assam,171,Moderate,77.1,113.7,27.6,8.4,1.03,57.3,2025,September,14
14-09-2025,Bihar,120,Moderate,50,95.6,22.1,6.3,0.68,64.1,2025,September,14
14-09-2025,Chhattisgarh,135,Moderate,53.9,99.5,20.3,7.6,0.83,56.4,2025,September,14
14-09-2025,Goa,132,Moderate,55.3,103.8,18.2,6.4,0.74,57.9,2025,September,14
14-09-2025,Gujarat,88,Satisfactory,40.1,68.3,11.7,3.4,0.48,63.9,2025,September,14
14-09-2025,Haryana,65,Satisfactory,29.3,45.1,9.5,2.4,0.29,65.5,2025,September,14
14-09-2025,Himachal Pradesh,173,Moderate,77.2,125.9,29,8.9,0.98,57.3,2025,September,14
14-09-2025,Jharkhand,151,Moderate,67,112.7,26,7.7,0.84,61.5,2025,September,14
14-09-2025,Karnataka,129,Moderate,58.6,100.4,23.4,5.8,0.79,56.6,2025,September,14
14-09-2025,Kerala,155,Moderate,70.2,102.2,24.9,8,0.91,58.2,2025,September,14
14-09-2025,Madhya Pradesh,87,Satisfactory,41.3,69.6,13.1,5.3,0.58,66.9,2025,September,14
14-09-2025,Maharashtra,163,Moderate,63.2,121,25.3,8.4,0.85,55.7,2025,September,14
14-09-2025,Manipur,160,Moderate,68.5,119.9,24.8,7.2,0.89,61.1,2025,September,14
14-09-2025,Meghalaya,123,Moderate,46.9,94.3,18.4,6.8,0.62,62.1,2025,September,14
14-09-2025,Mizoram,145,Moderate,63.7,112.5,25,6.9,0.72,60.9,2025,September,14
14-09-2025,Nagaland,160,Moderate,61.7,122.2,24.7,7.4,0.94,56.7,2025,September,14
14-09-2025,Odisha,123,Moderate,54.5,95.5,20.2,6.7,0.63,55.3,2025,September,14
14-09-2025,Punjab,148,Moderate,59.2,107.5,22.4,6.6,0.85,62.6,2025,September,14
14-09-2025,Rajasthan,83,Satisfactory,33.7,50.3,16.3,3.7,0.45,60.6,2025,September,14
14-09-2025,Sikkim,124,Moderate,49.3,83.3,20.4,7,0.61,64.6,2025,September,14
14-09-2025,Tamil Nadu,126,Moderate,47.7,85.8,23.1,5.6,0.64,62.4,2025,September,14
14-09-2025,Telangana,126,Moderate,57.5,92.1,20,6.8,0.79,63.6,2025,September,14
14-09-2025,Tripura,140,Moderate,61.9,92.4,24.8,6,0.68,57,2025,September,14
14-09-2025,Uttar Pradesh,143,Moderate,63.7,108.3,21.5,7.1,0.85,55.3,2025,September,14
14-09-2025,Uttarakhand,89,Satisfactory,34.7,64.4,15.8,5.2,0.53,58.6,2025,September,14
14-09-2025,West Bengal,93,Satisfactory,37.6,67,12.7,4.8,0.61,61.5,2025,September,14
15-09-2025,Andhra Pradesh,136,Moderate,57.4,91.9,22.2,6.5,0.69,58.2,2025,September,15
15-09-2025,Arunachal Pradesh,75,Satisfactory,26.7,44.7,11.9,3.8,0.33,66.5,2025,September,15
15-09-2025,Assam,146,Moderate,60.9,112.4,25.1,7,0.9,60.4,2025,September,15
15-09-2025,Bihar,113,Moderate,47.9,79.1,15.7,6.6,0.59,63.2,2025,September,15
15-09-2025,Chhattisgarh,109,Moderate,50.2,85.1,15.4,5.8,0.65,61.1,2025,September,15
15-09-2025,Goa,121,Moderate,54.3,80.8,21.8,5.3,0.72,57.4,2025,September,15
15-09-2025,Gujarat,104,Moderate,39.2,73.9,17.2,5.6,0.49,62.6,2025,September,15
15-09-2025,Haryana,105,Moderate,48.1,80.8,14.5,6.2,0.5,64,2025,September,15
15-09-2025,Himachal Pradesh,144,Moderate,63.9,101.5,22,6.2,0.74,60.5,2025,September,15
15-09-2025,Jharkhand,148,Moderate,56.7,99.7,24.3,7.4,0.82,59.2,2025,September,15
15-09-2025,Karnataka,109,Moderate,48.1,85.7,16.2,5.6,0.59,58.9,2025,September,15
15-09-2025,Kerala,160,Moderate,66.6,120.3,25.9,8,0.97,59.8,2025,September,15
15-09-2025,Madhya Pradesh,105,Moderate,47,70,14.6,5.1,0.57,62.6,2025,September,15
15-09-2025,Maharashtra,173,Moderate,74.3,131.2,27.8,9.2,1.03,60.2,2025,September,15
15-09-2025,Manipur,156,Moderate,70.8,121.2,25.6,8.2,0.88,56.1,2025,September,15
15-09-2025,Meghalaya,115,Moderate,47.9,77.1,16.2,6.2,0.68,57.5,2025,September,15
15-09-2025,Mizoram,152,Moderate,66.3,107.9,22.1,8.4,0.87,61.4,2025,September,15
15-09-2025,Nagaland,157,Moderate,66.1,113.7,24.6,7.2,0.8,54.4,2025,September,15
15-09-2025,Odisha,155,Moderate,70.1,120.2,24.8,7.6,0.89,60.5,2025,September,15
15-09-2025,Punjab,176,Moderate,79.1,122.3,28.4,7.8,0.94,52.6,2025,September,15
15-09-2025,Rajasthan,82,Satisfactory,34,50.5,14.9,4,0.55,66.7,2025,September,15
15-09-2025,Sikkim,151,Moderate,66.8,116.9,21.9,7.3,0.83,55.3,2025,September,15
15-09-2025,Tamil Nadu,111,Moderate,40.7,79.3,20.6,4.6,0.69,63.5,2025,September,15
15-09-2025,Telangana,99,Satisfactory,43.2,79.3,16.7,5.9,0.52,58.3,2025,September,15
15-09-2025,Tripura,139,Moderate,59.1,101.8,21,7.3,0.84,61.9,2025,September,15
15-09-2025,Uttar Pradesh,158,Moderate,72.1,110.4,25.1,7.1,0.95,57,2025,September,15
15-09-2025,Uttarakhand,134,Moderate,52.5,102.2,19.1,6.2,0.81,56.4,2025,September,15
15-09-2025,West Bengal,82,Satisfactory,31.1,55.1,12,4.7,0.38,65.9,2025,September,15
16-09-2025,Andhra Pradesh,125,Moderate,52.1,91,22.1,7.2,0.71,63.3,2025,September,16
16-09-2025,Arunachal Pradesh,71,Satisfactory,31.6,50.7,11.3,3.8,0.4,59.7,2025,September,16
16-09-2025,Assam,138,Moderate,57.7,100.8,19.4,6.5,0.85,58.4,2025,September,16
16-09-2025,Bihar,142,Moderate,56.7,102.3,21.9,7.1,0.77,60.4,2025,September,16
16-09-2025,Chhattisgarh,118,Moderate,46.1,86.2,20.1,6.8,0.62,60.4,2025,September,16
16-09-2025,Goa,118,Moderate,55.3,89.7,20.2,5.6,0.71,60.7,2025,September,16
16-09-2025,Gujarat,123,Moderate,49,81.3,20.3,6.9,0.7,60.7,2025,September,16
16-09-2025,Haryana,75,Satisfactory,26.7,55.3,9.7,3.7,0.41,60.6,2025,September,16
16-09-2025,Himachal Pradesh,171,Moderate,66.2,127.6,27,9,0.87,59.6,2025,September,16
16-09-2025,Jharkhand,170,Moderate,72.2,125.3,25.8,7.7,0.96,58.7,2025,September,16
16-09-2025,Karnataka,113,Moderate,45.8,81.1,17.7,5.8,0.64,64.8,2025,September,16
16-09-2025,Kerala,158,Moderate,64.7,122.6,26.1,8.6,0.85,61.7,2025,September,16
16-09-2025,Madhya Pradesh,87,Satisfactory,30.8,66,13.2,4.3,0.56,66.3,2025,September,16
16-09-2025,Maharashtra,169,Moderate,72,123.4,26.2,9.1,0.85,60.5,2025,September,16
16-09-2025,Manipur,161,Moderate,68.2,106.3,25.3,7.8,0.89,53.6,2025,September,16
16-09-2025,Meghalaya,125,Moderate,49.6,85.9,19.4,5.6,0.73,59.1,2025,September,16
16-09-2025,Mizoram,141,Moderate,62.4,92.9,20,7.5,0.82,63,2025,September,16
16-09-2025,Nagaland,174,Moderate,76.1,134.4,28.1,8.8,0.9,55.9,2025,September,16
16-09-2025,Odisha,136,Moderate,61.4,88.3,22.4,7.6,0.84,56.5,2025,September,16
16-09-2025,Punjab,160,Moderate,65,106.1,27.7,7.7,0.85,54.9,2025,September,16
16-09-2025,Rajasthan,77,Satisfactory,26.7,59,9.3,4.2,0.35,61,2025,September,16
16-09-2025,Sikkim,150,Moderate,63.1,99.9,25.6,7.6,0.81,55,2025,September,16
16-09-2025,Tamil Nadu,132,Moderate,57.5,89.2,21.4,6.9,0.72,62.4,2025,September,16
16-09-2025,Telangana,128,Moderate,56,97.1,22,6.6,0.62,62.5,2025,September,16
16-09-2025,Tripura,154,Moderate,65.5,114.2,26,7.2,0.89,57.1,2025,September,16
16-09-2025,Uttar Pradesh,171,Moderate,69.2,130.3,29.1,9,0.86,59.6,2025,September,16
16-09-2025,Uttarakhand,110,Moderate,45.1,75.9,18.8,4.9,0.69,60.1,2025,September,16
16-09-2025,West Bengal,89,Satisfactory,38.9,69.9,12.9,4.9,0.47,66.5,2025,September,16
17-09-2025,Andhra Pradesh,139,Moderate,52.7,95.7,19.3,7.4,0.72,62.7,2025,September,17
17-09-2025,Arunachal Pradesh,75,Satisfactory,37.4,59,11.7,2.8,0.35,67.7,2025,September,17
17-09-2025,Assam,128,Moderate,47.9,86.8,21.9,6.4,0.73,57.3,2025,September,17
17-09-2025,Bihar,125,Moderate,51.6,81.3,22.8,7,0.67,63.2,2025,September,17
17-09-2025,Chhattisgarh,109,Moderate,41.9,86.5,17.7,5,0.59,62.2,2025,September,17
17-09-2025,Goa,85,Satisfactory,35.2,62.2,13.8,3.4,0.53,66.6,2025,September,17
17-09-2025,Gujarat,106,Moderate,43.2,77.8,17,6.1,0.68,60.6,2025,September,17
17-09-2025,Haryana,68,Satisfactory,25.6,43.9,11.5,3.8,0.39,67.6,2025,September,17
17-09-2025,Himachal Pradesh,164,Moderate,63.9,108.2,28.8,8.4,0.97,57,2025,September,17
17-09-2025,Jharkhand,168,Moderate,67.7,126.3,26.4,9.1,0.9,53.2,2025,September,17
17-09-2025,Karnataka,98,Satisfactory,36.3,69.2,15.8,4.4,0.48,58,2025,September,17
17-09-2025,Kerala,172,Moderate,72.4,128.2,29.7,8.9,0.87,56.3,2025,September,17
17-09-2025,Madhya Pradesh,66,Satisfactory,28.2,45.1,9.9,3.6,0.4,67.6,2025,September,17
17-09-2025,Maharashtra,164,Moderate,72.3,119.2,24.7,8.5,0.94,55.5,2025,September,17
17-09-2025,Manipur,176,Moderate,73,119.9,30.8,9,1.03,52.5,2025,September,17
17-09-2025,Meghalaya,100,Satisfactory,39.6,69.7,17.8,5.3,0.64,59.3,2025,September,17
17-09-2025,Mizoram,166,Moderate,69.6,126.9,29.4,8.5,0.9,54.3,2025,September,17
17-09-2025,Nagaland,178,Moderate,71.1,135.7,31.1,9.4,0.92,51.3,2025,September,17
17-09-2025,Odisha,131,Moderate,51.9,84.9,21.6,7.3,0.65,60.6,2025,September,17
17-09-2025,Punjab,167,Moderate,71.8,125,27.4,7.4,0.93,53.9,2025,September,17
17-09-2025,Rajasthan,100,Satisfactory,43,68.9,14.2,5,0.58,60.1,2025,September,17
17-09-2025,Sikkim,163,Moderate,65.3,118.3,25,7.8,0.97,52.7,2025,September,17
17-09-2025,Tamil Nadu,123,Moderate,51.9,81.4,21,5.5,0.72,60.9,2025,September,17
17-09-2025,Telangana,128,Moderate,48.1,85.5,20.8,6.6,0.64,61,2025,September,17
17-09-2025,Tripura,130,Moderate,59.4,98.5,18.8,6.9,0.7,62.1,2025,September,17
17-09-2025,Uttar Pradesh,161,Moderate,71.3,109.7,26.4,7.8,0.89,62.1,2025,September,17
17-09-2025,Uttarakhand,133,Moderate,55.2,101.9,22.1,6,0.81,55.2,2025,September,17
17-09-2025,West Bengal,72,Satisfactory,28,58.6,9.5,2.9,0.39,62.9,2025,September,17
18-09-2025,Andhra Pradesh,157,Moderate,67.5,111.5,25.7,8,0.93,53.8,2025,September,18
18-09-2025,Arunachal Pradesh,112,Moderate,50,83.9,20.3,6,0.65,59.2,2025,September,18
18-09-2025,Assam,138,Moderate,52.6,100.9,22.6,6.7,0.73,55.2,2025,September,18
18-09-2025,Bihar,109,Moderate,40.9,85.9,17.4,4.8,0.63,63.1,2025,September,18
18-09-2025,Chhattisgarh,112,Moderate,49.3,85.6,20.3,5.8,0.6,61.2,2025,September,18
18-09-2025,Goa,108,Moderate,47.7,71.4,15.1,5.9,0.6,64,2025,September,18
18-09-2025,Gujarat,106,Moderate,47.5,84.7,19.5,5,0.56,60.1,2025,September,18
18-09-2025,Haryana,93,Satisfactory,38.9,74,14,3.7,0.45,66.7,2025,September,18
18-09-2025,Himachal Pradesh,157,Moderate,60.4,103.9,25.3,7.6,0.85,58.4,2025,September,18
18-09-2025,Jharkhand,157,Moderate,63.3,115.1,25.5,8.7,0.86,60,2025,September,18
18-09-2025,Karnataka,135,Moderate,62,103.5,20.4,7,0.65,56,2025,September,18
18-09-2025,Kerala,166,Moderate,75.3,112,23.8,8.3,1.02,52.8,2025,September,18
18-09-2025,Madhya Pradesh,103,Moderate,39.8,68,15.9,4.7,0.58,58.4,2025,September,18
18-09-2025,Maharashtra,137,Moderate,54.5,108.5,21.3,6.1,0.76,59,2025,September,18
18-09-2025,Manipur,154,Moderate,60.7,113.6,27.5,8.3,0.85,56.8,2025,September,18
18-09-2025,Meghalaya,129,Moderate,60.2,97.2,23,6.5,0.65,57.4,2025,September,18
18-09-2025,Mizoram,121,Moderate,50.2,79.6,17,5.7,0.71,55.5,2025,September,18
18-09-2025,Nagaland,151,Moderate,68.1,110.2,23.7,8,0.74,60.3,2025,September,18
18-09-2025,Odisha,121,Moderate,56.3,79.5,17,5.3,0.57,61.4,2025,September,18
18-09-2025,Punjab,149,Moderate,66.6,113.8,25.5,6.5,0.91,62.8,2025,September,18
18-09-2025,Rajasthan,114,Moderate,44.9,91,18.3,5.8,0.61,57.2,2025,September,18
18-09-2025,Sikkim,151,Moderate,57.5,112.7,21.6,7.8,0.88,61.4,2025,September,18
18-09-2025,Tamil Nadu,138,Moderate,57.1,104.8,24,6.8,0.82,60,2025,September,18
18-09-2025,Telangana,130,Moderate,49,84.8,18.1,5.9,0.75,56,2025,September,18
18-09-2025,Tripura,158,Moderate,61.1,116.6,26.8,8.6,0.87,53.3,2025,September,18
18-09-2025,Uttar Pradesh,152,Moderate,63.2,108,23.6,7.5,0.81,54.3,2025,September,18
18-09-2025,Uttarakhand,126,Moderate,52.8,96,20.8,5.4,0.72,58,2025,September,18
18-09-2025,West Bengal,105,Moderate,41.8,68.8,14,4.4,0.57,62.4,2025,September,18
19-09-2025,Andhra Pradesh,150,Moderate,65.4,108.2,25.6,7.1,0.79,55.8,2025,September,19
19-09-2025,Arunachal Pradesh,95,Satisfactory,37.8,60.1,17.7,3.9,0.54,62.5,2025,September,19
19-09-2025,Assam,171,Moderate,74.5,113.5,29.6,8.8,0.89,53.1,2025,September,19
19-09-2025,Bihar,103,Moderate,44.9,66.1,18,5.1,0.66,64.4,2025,September,19
19-09-2025,Chhattisgarh,96,Satisfactory,41.6,74.6,12.4,4.6,0.45,58.4,2025,September,19
19-09-2025,Goa,125,Moderate,50.9,83.4,19.2,6.3,0.78,61.2,2025,September,19
19-09-2025,Gujarat,99,Satisfactory,41.9,69.1,13.2,4.4,0.6,59.3,2025,September,19
19-09-2025,Haryana,114,Moderate,48.6,90.8,20.2,6.5,0.59,65.5,2025,September,19
19-09-2025,Himachal Pradesh,177,Moderate,74.5,133.7,30,8.1,1.08,52.6,2025,September,19
19-09-2025,Jharkhand,188,Moderate,79.3,134.4,29.1,9.8,1.04,58,2025,September,19
19-09-2025,Karnataka,123,Moderate,51.1,88.9,18.2,6,0.69,65.1,2025,September,19
19-09-2025,Kerala,130,Moderate,58,97,19.4,6.8,0.77,64,2025,September,19
19-09-2025,Madhya Pradesh,91,Satisfactory,32.9,56.7,13.9,5.3,0.42,66.2,2025,September,19
19-09-2025,Maharashtra,158,Moderate,65.3,117.6,27.5,7.2,0.9,61.4,2025,September,19
19-09-2025,Manipur,135,Moderate,58.1,101.5,20.6,7.6,0.68,57.7,2025,September,19
19-09-2025,Meghalaya,93,Satisfactory,37.8,72.6,14.9,4.1,0.59,64.3,2025,September,19
19-09-2025,Mizoram,131,Moderate,49.9,89.3,18.9,6.5,0.77,56.6,2025,September,19
19-09-2025,Nagaland,144,Moderate,55,98.7,20.6,7.9,0.89,57.5,2025,September,19
19-09-2025,Odisha,136,Moderate,62.5,91.4,20.3,7,0.83,63.8,2025,September,19
19-09-2025,Punjab,151,Moderate,68.6,112.9,25.2,7.5,0.8,57.3,2025,September,19
19-09-2025,Rajasthan,72,Satisfactory,24.6,48.9,8.7,4.5,0.32,63.9,2025,September,19
19-09-2025,Sikkim,149,Moderate,58.4,116.9,25.5,7.1,0.93,62.1,2025,September,19
19-09-2025,Tamil Nadu,112,Moderate,50,78.5,18.2,6.1,0.65,65.1,2025,September,19
19-09-2025,Telangana,113,Moderate,49,90.1,18.3,5.5,0.55,62.6,2025,September,19
19-09-2025,Tripura,135,Moderate,51.7,106.8,21.8,6.7,0.8,59.6,2025,September,19
19-09-2025,Uttar Pradesh,190,Moderate,80.2,131,30.8,8.8,1.08,50.5,2025,September,19
19-09-2025,Uttarakhand,91,Satisfactory,34.3,69.5,13.3,4.5,0.59,65.2,2025,September,19
19-09-2025,West Bengal,105,Moderate,42.1,85.3,14.3,5.6,0.67,61.9,2025,September,19
20-09-2025,Andhra Pradesh,154,Moderate,60.2,112.8,22.2,7.8,0.77,57.1,2025,September,20
20-09-2025,Arunachal Pradesh,103,Moderate,37.8,81.7,18.1,5.2,0.6,61,2025,September,20
20-09-2025,Assam,175,Moderate,69.1,133.9,29.3,8.2,0.93,55.3,2025,September,20
20-09-2025,Bihar,134,Moderate,62.2,89.5,23,7.6,0.82,59.8,2025,September,20
20-09-2025,Chhattisgarh,94,Satisfactory,44.2,69.7,15.9,4.9,0.48,66.6,2025,September,20
20-09-2025,Goa,133,Moderate,50.1,95.3,22.9,7.3,0.74,63,2025,September,20
20-09-2025,Gujarat,120,Moderate,54.4,76.9,21.5,5.7,0.65,56.4,2025,September,20
20-09-2025,Haryana,85,Satisfactory,31.8,53.4,13.7,4.6,0.5,59.9,2025,September,20
20-09-2025,Himachal Pradesh,171,Moderate,72.2,116.3,26,9.5,0.9,55.7,2025,September,20
20-09-2025,Jharkhand,162,Moderate,66.6,121.4,24.4,8.7,0.97,54.7,2025,September,20
20-09-2025,Karnataka,126,Moderate,51.1,100,20.5,6.7,0.63,64.4,2025,September,20
20-09-2025,Kerala,167,Moderate,70.8,116.7,26.3,7.4,0.93,59.4,2025,September,20
20-09-2025,Madhya Pradesh,86,Satisfactory,32.3,60.4,12.5,4.4,0.58,67.3,2025,September,20
20-09-2025,Maharashtra,134,Moderate,57.5,94.1,19.2,6.8,0.83,60.3,2025,September,20
20-09-2025,Manipur,136,Moderate,53.7,104.6,19.7,7.4,0.73,58.1,2025,September,20
20-09-2025,Meghalaya,125,Moderate,48.6,85.2,21.9,6.5,0.69,60.4,2025,September,20
20-09-2025,Mizoram,149,Moderate,62.5,114.5,24.8,8.2,0.75,53.7,2025,September,20
20-09-2025,Nagaland,144,Moderate,60.2,103.6,20.8,7.2,0.72,62.3,2025,September,20
20-09-2025,Odisha,134,Moderate,59.8,102,19.6,6.8,0.7,55.7,2025,September,20
20-09-2025,Punjab,152,Moderate,62.3,102.4,23.6,7,0.75,53.1,2025,September,20
20-09-2025,Rajasthan,102,Moderate,40.2,82.6,14.6,4.5,0.53,61,2025,September,20
20-09-2025,Sikkim,145,Moderate,58.6,111.2,24.6,6.7,0.84,63.2,2025,September,20
20-09-2025,Tamil Nadu,120,Moderate,51.5,94.1,17.9,6,0.65,57.2,2025,September,20
20-09-2025,Telangana,125,Moderate,47.9,99.6,22.1,7.1,0.65,59.5,2025,September,20
20-09-2025,Tripura,165,Moderate,69.5,120.2,27.6,8.4,0.82,59.8,2025,September,20
20-09-2025,Uttar Pradesh,179,Moderate,70.3,124.7,27.8,9.4,0.96,51.2,2025,September,20
20-09-2025,Uttarakhand,115,Moderate,54.1,92.1,16.5,6,0.57,62.5,2025,September,20
20-09-2025,West Bengal,88,Satisfactory,40.4,62.1,14.5,3.8,0.5,63.2,2025,September,20
21-09-2025,Andhra Pradesh,152,Moderate,58.1,99.6,23.1,7.2,0.92,57.9,2025,September,21
21-09-2025,Arunachal Pradesh,87,Satisfactory,36.1,55.9,11.4,3.7,0.53,62,2025,September,21
21-09-2025,Assam,147,Moderate,58.1,103.8,24,7.4,0.76,57.6,2025,September,21
21-09-2025,Bihar,128,Moderate,58.1,86.9,18.3,5.4,0.65,55.2,2025,September,21
21-09-2025,Chhattisgarh,105,Moderate,42.4,71.7,14,4.9,0.67,65.7,2025,September,21
21-09-2025,Goa,120,Moderate,54.9,96.2,17.6,6.9,0.72,60,2025,September,21
21-09-2025,Gujarat,99,Satisfactory,36.1,62.3,15.2,5.3,0.51,60,2025,September,21
21-09-2025,Haryana,99,Satisfactory,38.4,77.5,14.2,4.6,0.56,65.8,2025,September,21
21-09-2025,Himachal Pradesh,148,Moderate,64.4,115.2,25.1,8.4,0.91,57.9,2025,September,21
21-09-2025,Jharkhand,148,Moderate,62.2,104.7,26,7.8,0.79,60.1,2025,September,21
21-09-2025,Karnataka,110,Moderate,51.6,71.7,18.2,4.8,0.53,60.1,2025,September,21
21-09-2025,Kerala,139,Moderate,54.2,102.3,24.1,7.3,0.84,60,2025,September,21
21-09-2025,Madhya Pradesh,97,Satisfactory,40,74.1,16.5,5.3,0.56,66.8,2025,September,21
21-09-2025,Maharashtra,160,Moderate,68,120.3,23,8.3,0.8,52.5,2025,September,21
21-09-2025,Manipur,144,Moderate,57.1,108.1,21.9,6.9,0.86,60.2,2025,September,21
21-09-2025,Meghalaya,136,Moderate,61.9,99.7,20.4,7.1,0.77,59.5,2025,September,21
21-09-2025,Mizoram,147,Moderate,59.9,101.4,25.3,7.4,0.91,59.2,2025,September,21
21-09-2025,Nagaland,181,Moderate,75.1,128.3,26.9,8.8,0.91,54.2,2025,September,21
21-09-2025,Odisha,144,Moderate,56.3,105.8,22.6,8,0.7,63.3,2025,September,21
21-09-2025,Punjab,172,Moderate,74.1,118.6,29.2,8.5,0.98,59.8,2025,September,21
21-09-2025,Rajasthan,85,Satisfactory,30.4,68.3,14.7,4.2,0.46,58.8,2025,September,21
21-09-2025,Sikkim,154,Moderate,62.4,106.2,23,6.9,0.8,54.7,2025,September,21
21-09-2025,Tamil Nadu,123,Moderate,51.2,94.3,18.4,6.1,0.66,63.3,2025,September,21
21-09-2025,Telangana,113,Moderate,51,80.8,18,5,0.58,62.1,2025,September,21
21-09-2025,Tripura,134,Moderate,53.8,88.1,19.3,7.5,0.64,60.2,2025,September,21
21-09-2025,Uttar Pradesh,145,Moderate,60.1,105.5,20.4,7.6,0.83,53.4,2025,September,21
21-09-2025,Uttarakhand,127,Moderate,59,95.5,19.6,5.8,0.63,55.7,2025,September,21
21-09-2025,West Bengal,85,Satisfactory,34.6,65,14.9,4.5,0.53,59.3,2025,September,21
22-09-2025,Andhra Pradesh,139,Moderate,64.2,99.9,24.4,7.6,0.77,63.2,2025,September,22
22-09-2025,Arunachal Pradesh,82,Satisfactory,36.7,49.1,14.3,4.7,0.55,58.8,2025,September,22
22-09-2025,Assam,139,Moderate,54.3,98,22.5,7,0.69,56.5,2025,September,22
22-09-2025,Bihar,122,Moderate,54.2,83.4,19.7,5.7,0.6,58.6,2025,September,22
22-09-2025,Chhattisgarh,126,Moderate,48.6,88.4,17.9,6.1,0.75,58.6,2025,September,22
22-09-2025,Goa,115,Moderate,45.3,83,19.7,5.3,0.61,60.6,2025,September,22
22-09-2025,Gujarat,87,Satisfactory,30.7,58.6,16.3,3.8,0.39,66.3,2025,September,22
22-09-2025,Haryana,110,Moderate,43.1,71.1,19.7,5.2,0.57,62.2,2025,September,22
22-09-2025,Himachal Pradesh,148,Moderate,56.6,104.8,21.5,7.2,0.89,57.2,2025,September,22
22-09-2025,Jharkhand,180,Moderate,73.4,130.7,27.7,8.4,0.93,59.1,2025,September,22
22-09-2025,Karnataka,114,Moderate,50.5,73.8,16.2,5,0.7,64.5,2025,September,22
22-09-2025,Kerala,135,Moderate,60.5,100.7,23,6.3,0.83,57.2,2025,September,22
22-09-2025,Madhya Pradesh,97,Satisfactory,35.9,62,13.6,4.5,0.59,63,2025,September,22
22-09-2025,Maharashtra,139,Moderate,56.5,94.4,24.6,6.9,0.86,54.5,2025,September,22
22-09-2025,Manipur,147,Moderate,58.8,111.8,24.6,7.6,0.91,63,2025,September,22
22-09-2025,Meghalaya,98,Satisfactory,36.7,63.4,16.7,4.1,0.58,60,2025,September,22
22-09-2025,Mizoram,149,Moderate,62.8,99.8,23.4,7.2,0.75,55.1,2025,September,22
22-09-2025,Nagaland,178,Moderate,69.2,132.9,29.4,8.7,1,53.8,2025,September,22
22-09-2025,Odisha,137,Moderate,54.4,104.4,23.3,6.1,0.68,58.2,2025,September,22
22-09-2025,Punjab,177,Moderate,68.4,122.3,27.5,7.9,0.98,52.5,2025,September,22
22-09-2025,Rajasthan,103,Moderate,42.8,64.4,18.3,4.8,0.48,60.9,2025,September,22
22-09-2025,Sikkim,133,Moderate,59.7,88.1,22.9,7.2,0.81,57.1,2025,September,22
22-09-2025,Tamil Nadu,125,Moderate,56.8,82.9,21,6,0.69,58.3,2025,September,22
22-09-2025,Telangana,128,Moderate,56.4,85.5,20.1,6.1,0.71,59.1,2025,September,22
22-09-2025,Tripura,164,Moderate,63.4,110.7,25.6,8.9,0.97,54.5,2025,September,22
22-09-2025,Uttar Pradesh,169,Moderate,67.1,112.5,28.6,7.5,0.88,55.2,2025,September,22
22-09-2025,Uttarakhand,94,Satisfactory,38,64,17.4,4.2,0.57,65.7,2025,September,22
22-09-2025,West Bengal,69,Satisfactory,26,58.8,10.9,3.2,0.44,64.9,2025,September,22
23-09-2025,Andhra Pradesh,125,Moderate,52.7,90.4,20.7,6,0.74,57.6,2025,September,23
23-09-2025,Arunachal Pradesh,76,Satisfactory,37.7,57.6,12.5,4,0.39,63.3,2025,September,23
23-09-2025,Assam,136,Moderate,59.6,93.9,24.1,7.5,0.72,57.7,2025,September,23
23-09-2025,Bihar,113,Moderate,49,85.9,19.7,5.9,0.65,57.2,2025,September,23
23-09-2025,Chhattisgarh,103,Moderate,42.9,78.5,17.8,4.6,0.49,64.9,2025,September,23
23-09-2025,Goa,115,Moderate,43.4,73.9,19.5,4.8,0.67,62.7,2025,September,23
23-09-2025,Gujarat,98,Satisfactory,36.3,80.3,16.4,5.2,0.6,66.5,2025,September,23
23-09-2025,Haryana,77,Satisfactory,37.1,57.7,10.7,3.3,0.36,66.7,2025,September,23
23-09-2025,Himachal Pradesh,168,Moderate,74.5,111.3,23.9,8.9,0.84,59.2,2025,September,23
23-09-2025,Jharkhand,152,Moderate,69.7,119.3,21.4,8.4,0.87,58.8,2025,September,23
23-09-2025,Karnataka,111,Moderate,52.4,79.3,20.5,6.1,0.7,58.5,2025,September,23
23-09-2025,Kerala,163,Moderate,63.7,108,28.8,8.1,0.81,61.6,2025,September,23
23-09-2025,Madhya Pradesh,79,Satisfactory,32.6,53,12.7,3.3,0.53,68.4,2025,September,23
23-09-2025,Maharashtra,145,Moderate,56.1,98.4,22.9,6.7,0.81,58.2,2025,September,23
23-09-2025,Manipur,136,Moderate,62.7,97.2,20.8,6.7,0.74,58.7,2025,September,23
23-09-2025,Meghalaya,116,Moderate,45.7,86.8,18.7,5.1,0.65,60.3,2025,September,23
23-09-2025,Mizoram,139,Moderate,63.9,94.3,24.4,6.7,0.72,59.8,2025,September,23
23-09-2025,Nagaland,171,Moderate,67.4,123.6,26.5,8.2,0.92,60.3,2025,September,23
23-09-2025,Odisha,127,Moderate,57.2,91.8,21.9,5.6,0.68,63.5,2025,September,23
23-09-2025,Punjab,169,Moderate,68.2,126.2,28.1,8.4,0.86,61.1,2025,September,23
23-09-2025,Rajasthan,71,Satisfactory,35.3,45.9,9,2.6,0.31,66.4,2025,September,23
23-09-2025,Sikkim,173,Moderate,69.7,122.8,28.2,9.6,0.93,56.2,2025,September,23
23-09-2025,Tamil Nadu,147,Moderate,60.2,103.9,26,7.4,0.82,57,2025,September,23
23-09-2025,Telangana,121,Moderate,49.5,85.6,19.7,6.6,0.6,55.7,2025,September,23
23-09-2025,Tripura,146,Moderate,67.2,110.8,22.5,6.8,0.83,58.6,2025,September,23
23-09-2025,Uttar Pradesh,153,Moderate,59.6,110.7,21.8,8.2,0.94,61.8,2025,September,23
23-09-2025,Uttarakhand,128,Moderate,53.7,85.7,23.2,6.8,0.74,56.1,2025,September,23
23-09-2025,West Bengal,111,Moderate,44.3,87.8,17.5,4.9,0.62,58.3,2025,September,23
24-09-2025,Andhra Pradesh,133,Moderate,61.2,87,23,6.1,0.81,56.3,2025,September,24
24-09-2025,Arunachal Pradesh,108,Moderate,50.3,75.5,15,5,0.52,57.8,2025,September,24
24-09-2025,Assam,138,Moderate,61.3,109,22.1,7.7,0.69,56.3,2025,September,24
24-09-2025,Bihar,102,Moderate,43.5,75.6,18,4.3,0.51,65.3,2025,September,24
24-09-2025,Chhattisgarh,126,Moderate,57.5,83.8,20,6.5,0.78,57.4,2025,September,24
24-09-2025,Goa,91,Satisfactory,34.8,72.2,16.4,3.8,0.49,61.6,2025,September,24
24-09-2025,Gujarat,81,Satisfactory,28.7,65.2,10.7,4.7,0.44,60.5,2025,September,24
24-09-2025,Haryana,96,Satisfactory,43,59.7,15.3,5.5,0.6,63.8,2025,September,24
24-09-2025,Himachal Pradesh,165,Moderate,67.2,116.1,27.9,7.8,0.87,56.2,2025,September,24
24-09-2025,Jharkhand,171,Moderate,74.7,122.8,28.6,8.8,0.95,51.9,2025,September,24
24-09-2025,Karnataka,109,Moderate,42.2,73,14.7,5.5,0.62,57,2025,September,24
24-09-2025,Kerala,168,Moderate,75.8,130.1,24.4,8.6,1,58,2025,September,24
24-09-2025,Madhya Pradesh,79,Satisfactory,29.6,57.1,12.6,3.8,0.41,59.6,2025,September,24
24-09-2025,Maharashtra,128,Moderate,50.9,89.9,20.7,7,0.73,63.6,2025,September,24
24-09-2025,Manipur,146,Moderate,60.9,113.5,23.2,6.4,0.85,63.1,2025,September,24
24-09-2025,Meghalaya,106,Moderate,46.3,71.8,15,4.6,0.55,65.3,2025,September,24
24-09-2025,Mizoram,135,Moderate,58,99.9,19,7.1,0.68,55.6,2025,September,24
24-09-2025,Nagaland,170,Moderate,69.4,126.6,29.6,8.3,0.97,61.3,2025,September,24
24-09-2025,Odisha,126,Moderate,55.5,89.6,21.2,6.7,0.71,55.1,2025,September,24
24-09-2025,Punjab,156,Moderate,64.9,119.5,23.2,7.4,0.89,52.5,2025,September,24
24-09-2025,Rajasthan,70,Satisfactory,23.8,44,11.4,3.4,0.41,63.9,2025,September,24
24-09-2025,Sikkim,168,Moderate,71,127.2,25.6,8.2,0.94,53,2025,September,24
24-09-2025,Tamil Nadu,142,Moderate,56.3,104.2,21.7,6.7,0.83,57.6,2025,September,24
24-09-2025,Telangana,138,Moderate,58.5,94,19.9,7.2,0.7,61.2,2025,September,24
24-09-2025,Tripura,144,Moderate,66,94.8,23.2,6.7,0.89,54,2025,September,24
24-09-2025,Uttar Pradesh,177,Moderate,77.4,128,25.7,8.5,1.05,52.9,2025,September,24
24-09-2025,Uttarakhand,90,Satisfactory,42.3,60.7,11.7,5.4,0.42,60.2,2025,September,24
24-09-2025,West Bengal,97,Satisfactory,39.4,61.3,16.1,4.8,0.59,66.8,2025,September,24
25-09-2025,Andhra Pradesh,122,Moderate,55.8,82,19.5,6.6,0.69,55.8,2025,September,25
25-09-2025,Arunachal Pradesh,111,Moderate,47,82.8,19.9,5.9,0.71,60.4,2025,September,25
25-09-2025,Assam,130,Moderate,55.7,103.2,19.7,6.2,0.7,56.4,2025,September,25
25-09-2025,Bihar,110,Moderate,45.6,88.5,19.1,5.7,0.54,61.8,2025,September,25
25-09-2025,Chhattisgarh,141,Moderate,55.1,93.8,23.6,6.3,0.72,62.6,2025,September,25
25-09-2025,Goa,86,Satisfactory,32.4,63.2,14.8,4.1,0.42,64.1,2025,September,25
25-09-2025,Gujarat,128,Moderate,54.4,87.5,21.5,7.2,0.61,61.9,2025,September,25
25-09-2025,Haryana,70,Satisfactory,28.4,52.5,8.7,4,0.33,67.4,2025,September,25
25-09-2025,Himachal Pradesh,160,Moderate,66.8,116.6,26.3,7.9,0.94,52.8,2025,September,25
25-09-2025,Jharkhand,152,Moderate,69.1,118.2,27.2,7.7,0.81,57,2025,September,25
25-09-2025,Karnataka,132,Moderate,53.5,89.5,20.5,7.1,0.8,57.4,2025,September,25
25-09-2025,Kerala,161,Moderate,70.1,107.6,23.8,7.3,0.98,58.4,2025,September,25
25-09-2025,Madhya Pradesh,94,Satisfactory,33.9,61.9,17.6,4,0.45,65.4,2025,September,25
25-09-2025,Maharashtra,138,Moderate,62.7,96.6,22.5,6.4,0.69,63.8,2025,September,25
25-09-2025,Manipur,182,Moderate,80.2,134.1,27.8,8.7,0.97,60.1,2025,September,25
25-09-2025,Meghalaya,100,Satisfactory,38.3,75.9,15.1,4.5,0.5,63,2025,September,25
25-09-2025,Mizoram,118,Moderate,47.6,90.8,20.1,5.9,0.61,59.4,2025,September,25
25-09-2025,Nagaland,138,Moderate,53.7,104.5,23.9,6.9,0.71,59.5,2025,September,25
25-09-2025,Odisha,149,Moderate,66.5,103.7,25.4,6.6,0.93,54.2,2025,September,25
25-09-2025,Punjab,153,Moderate,67.7,116.5,26.5,7.4,0.88,52.8,2025,September,25
25-09-2025,Rajasthan,103,Moderate,45.9,83,14.5,5.4,0.57,60.8,2025,September,25
25-09-2025,Sikkim,166,Moderate,71,121.7,26.4,8.8,0.97,55.7,2025,September,25
25-09-2025,Tamil Nadu,141,Moderate,56.7,104.8,24.5,6.1,0.77,62.3,2025,September,25
25-09-2025,Telangana,110,Moderate,51.8,70,19.3,4.9,0.62,65.5,2025,September,25
25-09-2025,Tripura,133,Moderate,61.2,88.6,21.1,7.6,0.76,58.1,2025,September,25
25-09-2025,Uttar Pradesh,150,Moderate,58.8,114.2,22.2,7.5,0.74,58.7,2025,September,25
25-09-2025,Uttarakhand,110,Moderate,45,84.4,17,5,0.58,56.7,2025,September,25
25-09-2025,West Bengal,105,Moderate,44.4,81.2,19.4,5.2,0.53,58.4,2025,September,25
26-09-2025,Andhra Pradesh,165,Moderate,69.4,113.7,25.9,8.7,0.99,53.4,2025,September,26
26-09-2025,Arunachal Pradesh,99,Satisfactory,37.2,81.2,17.5,4.4,0.56,57.5,2025,September,26
26-09-2025,Assam,162,Moderate,66.5,125,28.1,8.9,0.84,58.5,2025,September,26
26-09-2025,Bihar,134,Moderate,58.6,94.5,19,6.3,0.81,61.6,2025,September,26
26-09-2025,Chhattisgarh,143,Moderate,64.9,93.9,20.2,6.2,0.81,54.9,2025,September,26
26-09-2025,Goa,108,Moderate,47.1,78.1,20.3,6.3,0.52,61.3,2025,September,26
26-09-2025,Gujarat,91,Satisfactory,38,64.7,17,3.9,0.59,62.3,2025,September,26
26-09-2025,Haryana,113,Moderate,51.2,84.6,17.9,5.7,0.69,59.6,2025,September,26
26-09-2025,Himachal Pradesh,174,Moderate,68.5,119.5,25.7,8.5,0.89,58.2,2025,September,26
26-09-2025,Jharkhand,182,Moderate,71.7,128,27.4,8.9,1.01,55.2,2025,September,26
26-09-2025,Karnataka,96,Satisfactory,46,63.2,15.4,5.1,0.62,58,2025,September,26
26-09-2025,Kerala,152,Moderate,61.1,102.2,24.5,8.1,0.84,61.1,2025,September,26
26-09-2025,Madhya Pradesh,88,Satisfactory,31,53.7,14.6,4.5,0.47,58.8,2025,September,26
26-09-2025,Maharashtra,161,Moderate,71.1,110.2,26.3,8.4,0.9,59.8,2025,September,26
26-09-2025,Manipur,183,Moderate,81.7,125.5,30.7,8.5,0.93,60,2025,September,26
26-09-2025,Meghalaya,136,Moderate,53.6,97.3,19.8,6.3,0.68,56.5,2025,September,26
26-09-2025,Mizoram,146,Moderate,61.2,97.2,21.6,8.3,0.87,57.2,2025,September,26
26-09-2025,Nagaland,150,Moderate,60.4,105.1,23.1,8.2,0.86,54.2,2025,September,26
26-09-2025,Odisha,159,Moderate,64.5,111.2,24.9,8.4,0.91,60.5,2025,September,26
26-09-2025,Punjab,187,Moderate,75.6,131.3,32.3,8.6,1.04,59.1,2025,September,26
26-09-2025,Rajasthan,109,Moderate,40.4,74.9,14.6,5.5,0.57,62,2025,September,26
26-09-2025,Sikkim,140,Moderate,62.9,93.9,21.9,6.3,0.87,55.7,2025,September,26
26-09-2025,Tamil Nadu,145,Moderate,62.8,106.4,21.3,7.1,0.87,62.9,2025,September,26
26-09-2025,Telangana,105,Moderate,46.4,66.3,14.1,5.6,0.67,64.7,2025,September,26
26-09-2025,Tripura,167,Moderate,64.8,118,29.2,8.3,0.84,57,2025,September,26
26-09-2025,Uttar Pradesh,181,Moderate,70.2,128.7,27.2,9.1,1,54.9,2025,September,26
26-09-2025,Uttarakhand,124,Moderate,51.6,87.2,22.1,6,0.74,61.2,2025,September,26
26-09-2025,West Bengal,85,Satisfactory,37.3,62.6,14.7,4.7,0.45,60.4,2025,September,26
27-09-2025,Andhra Pradesh,148,Moderate,59.2,105.9,25.6,8.2,0.85,62.3,2025,September,27
27-09-2025,Arunachal Pradesh,67,Satisfactory,28.3,52.4,10.6,3.7,0.4,66.4,2025,September,27
27-09-2025,Assam,142,Moderate,62.9,110.3,21.4,7.9,0.71,59.5,2025,September,27
27-09-2025,Bihar,138,Moderate,55.1,95,22.7,7.5,0.71,55.4,2025,September,27
27-09-2025,Chhattisgarh,129,Moderate,55.7,93.7,18.5,7.2,0.72,55.2,2025,September,27
27-09-2025,Goa,109,Moderate,51.4,88.5,19.9,6,0.52,63.7,2025,September,27
27-09-2025,Gujarat,102,Moderate,46.3,71.2,17.5,5,0.47,64.5,2025,September,27
27-09-2025,Haryana,88,Satisfactory,35.2,65.9,13.7,3.9,0.55,67.7,2025,September,27
27-09-2025,Himachal Pradesh,189,Moderate,75.5,134.9,32.5,10.3,1.1,59.1,2025,September,27
27-09-2025,Jharkhand,191,Moderate,74.3,142.9,27.7,9,1.02,57.7,2025,September,27
27-09-2025,Karnataka,101,Moderate,42.5,82.4,14.5,4.3,0.53,63.1,2025,September,27
27-09-2025,Kerala,177,Moderate,78.3,124.6,31.1,8.1,1.08,52.1,2025,September,27
27-09-2025,Madhya Pradesh,103,Moderate,46.9,68.1,13.8,4.2,0.5,62.2,2025,September,27
27-09-2025,Maharashtra,145,Moderate,59.3,95.3,25.6,7,0.77,60.2,2025,September,27
27-09-2025,Manipur,139,Moderate,58.3,97.4,19.4,7,0.84,58.4,2025,September,27
27-09-2025,Meghalaya,142,Moderate,65.5,101.4,24.5,6.1,0.77,59.8,2025,September,27
27-09-2025,Mizoram,158,Moderate,72.2,115.8,25.1,8.4,0.9,52.8,2025,September,27
27-09-2025,Nagaland,145,Moderate,63.3,104.6,23.1,7.9,0.82,61.8,2025,September,27
27-09-2025,Odisha,162,Moderate,73.8,111.2,23.6,8.6,0.99,54.7,2025,September,27
27-09-2025,Punjab,144,Moderate,62.6,103.1,21.6,7.3,0.83,58,2025,September,27
27-09-2025,Rajasthan,95,Satisfactory,38.6,70.2,14.1,4.7,0.54,62.7,2025,September,27
27-09-2025,Sikkim,125,Moderate,53.4,95.9,20.3,6.3,0.62,55.8,2025,September,27
27-09-2025,Tamil Nadu,148,Moderate,66.9,112.1,24,7.1,0.79,62.8,2025,September,27
27-09-2025,Telangana,132,Moderate,58.7,102.2,21.3,7.3,0.67,56.4,2025,September,27
27-09-2025,Tripura,170,Moderate,76.8,120.5,24.5,9,1.01,56.2,2025,September,27
27-09-2025,Uttar Pradesh,142,Moderate,57,96.9,21.5,7.1,0.81,56.7,2025,September,27
27-09-2025,Uttarakhand,92,Satisfactory,43.4,72.5,15.3,5.2,0.47,66.8,2025,September,27
27-09-2025,West Bengal,77,Satisfactory,37,45.5,12.7,4.4,0.5,67.1,2025,September,27
28-09-2025,Andhra Pradesh,122,Moderate,46.1,90.2,16.9,6.3,0.65,55.9,2025,September,28
28-09-2025,Arunachal Pradesh,97,Satisfactory,36.9,63.3,15.2,5.8,0.54,61.7,2025,September,28
28-09-2025,Assam,158,Moderate,67.6,107.6,22.6,8.3,0.8,58.2,2025,September,28
28-09-2025,Bihar,126,Moderate,58.4,99.8,19.1,5.6,0.62,55.9,2025,September,28
28-09-2025,Chhattisgarh,100,Satisfactory,36.8,68.2,18.2,5.8,0.62,66.5,2025,September,28
28-09-2025,Goa,107,Moderate,41.5,74,16.6,5.6,0.64,62.4,2025,September,28
28-09-2025,Gujarat,108,Moderate,50.9,69.8,16.9,5.8,0.58,57.8,2025,September,28
28-09-2025,Haryana,78,Satisfactory,35.9,46.8,9.7,4.8,0.34,64.7,2025,September,28
28-09-2025,Himachal Pradesh,181,Moderate,70.1,129.4,30,10,1.07,56,2025,September,28
28-09-2025,Jharkhand,165,Moderate,71.4,125.7,24.5,8.5,0.94,56.3,2025,September,28
28-09-2025,Karnataka,130,Moderate,55.4,89.1,19.3,5.8,0.78,62.9,2025,September,28
28-09-2025,Kerala,166,Moderate,71.3,126.9,25.2,8.6,0.94,55.9,2025,September,28
28-09-2025,Madhya Pradesh,85,Satisfactory,39,66.1,12.4,4.6,0.39,58.4,2025,September,28
28-09-2025,Maharashtra,148,Moderate,65.7,104.7,23.9,8,0.87,53.3,2025,September,28
28-09-2025,Manipur,145,Moderate,61.5,103.4,24.4,7.6,0.89,61.7,2025,September,28
28-09-2025,Meghalaya,95,Satisfactory,45.1,62.2,14,4,0.5,64.3,2025,September,28
28-09-2025,Mizoram,134,Moderate,53,96.6,18.6,7.2,0.78,54.5,2025,September,28
28-09-2025,Nagaland,141,Moderate,55,97.7,23.1,6.9,0.72,58,2025,September,28
28-09-2025,Odisha,128,Moderate,56.8,86.4,20.1,5.7,0.62,58.7,2025,September,28
28-09-2025,Punjab,169,Moderate,76.7,119.5,26.4,8.7,0.96,59.1,2025,September,28
28-09-2025,Rajasthan,97,Satisfactory,43.2,71.7,15.9,4.9,0.48,61.2,2025,September,28
28-09-2025,Sikkim,157,Moderate,69.5,112.1,27.3,7.5,0.93,59.9,2025,September,28
28-09-2025,Tamil Nadu,131,Moderate,50.4,86.3,18.3,6.2,0.75,54.8,2025,September,28
28-09-2025,Telangana,137,Moderate,63,96.5,23.1,7.3,0.75,56.9,2025,September,28
28-09-2025,Tripura,127,Moderate,55.6,99.4,21.3,6.4,0.74,64.4,2025,September,28
28-09-2025,Uttar Pradesh,155,Moderate,62.9,117.4,24.5,7.8,0.8,60.3,2025,September,28
28-09-2025,Uttarakhand,92,Satisfactory,39.4,57.7,12.3,4.6,0.53,58.3,2025,September,28
28-09-2025,West Bengal,68,Satisfactory,28.6,55.2,10.7,2.5,0.31,67.3,2025,September,28
29-09-2025,Andhra Pradesh,159,Moderate,69.6,121.3,27.1,7.6,0.84,53.4,2025,September,29
29-09-2025,Arunachal Pradesh,95,Satisfactory,34.6,67,15.4,5.5,0.51,63.4,2025,September,29
29-09-2025,Assam,135,Moderate,55.9,106.6,22.8,7.6,0.8,57.1,2025,September,29
29-09-2025,Bihar,109,Moderate,49.6,82.9,17.4,5.4,0.58,64.9,2025,September,29
29-09-2025,Chhattisgarh,96,Satisfactory,37.9,78.7,12.5,4.8,0.6,67.1,2025,September,29
29-09-2025,Goa,90,Satisfactory,38.6,67.2,14.5,3.8,0.57,67.6,2025,September,29
29-09-2025,Gujarat,90,Satisfactory,36.5,59.7,16.3,5.4,0.6,64,2025,September,29
29-09-2025,Haryana,75,Satisfactory,29.7,59.5,11.3,4.3,0.41,64.4,2025,September,29
29-09-2025,Himachal Pradesh,147,Moderate,65.8,115.1,23.3,6.7,0.89,57.1,2025,September,29
29-09-2025,Jharkhand,158,Moderate,65.8,112.7,23.3,7.5,0.91,56.9,2025,September,29
29-09-2025,Karnataka,128,Moderate,50.6,84,21,6.5,0.73,54.8,2025,September,29
29-09-2025,Kerala,138,Moderate,58.3,103.2,20.6,6.5,0.75,59.6,2025,September,29
29-09-2025,Madhya Pradesh,114,Moderate,44.3,90.4,16.1,5.6,0.58,64.8,2025,September,29
29-09-2025,Maharashtra,156,Moderate,68.3,107.1,25.6,8.6,0.8,57.4,2025,September,29
29-09-2025,Manipur,162,Moderate,64.1,118.6,23.5,8.7,0.88,54.9,2025,September,29
29-09-2025,Meghalaya,128,Moderate,51.8,83.3,21.3,6.4,0.68,63,2025,September,29
29-09-2025,Mizoram,130,Moderate,58.3,103,21.8,5.6,0.8,62.5,2025,September,29
29-09-2025,Nagaland,182,Moderate,74.4,124.6,30,8.4,1.07,59.5,2025,September,29
29-09-2025,Odisha,158,Moderate,61.7,110.5,27.6,7.5,0.88,53.1,2025,September,29
29-09-2025,Punjab,181,Moderate,70.3,125.7,31.9,8.9,1,57.9,2025,September,29
29-09-2025,Rajasthan,82,Satisfactory,39.6,67.6,16,3.5,0.45,63.7,2025,September,29
29-09-2025,Sikkim,132,Moderate,53.8,85.5,21.4,6.8,0.66,61.9,2025,September,29
29-09-2025,Tamil Nadu,142,Moderate,65.4,102.7,21,6.6,0.74,56.9,2025,September,29
29-09-2025,Telangana,130,Moderate,57.1,84,20.3,5.8,0.8,55.8,2025,September,29
29-09-2025,Tripura,160,Moderate,68.1,107.1,23.1,7.2,0.82,59.1,2025,September,29
29-09-2025,Uttar Pradesh,183,Moderate,76.1,134.9,27.9,8.8,0.96,58,2025,September,29
29-09-2025,Uttarakhand,103,Moderate,43.6,80.2,15.1,4.8,0.56,58.6,2025,September,29
29-09-2025,West Bengal,84,Satisfactory,37.7,58.8,14.2,4.4,0.37,59.7,2025,September,29
30-09-2025,Andhra Pradesh,170,Moderate,75.9,119.6,25.6,8.5,0.91,57.3,2025,September,30
30-09-2025,Arunachal Pradesh,115,Moderate,53.2,92.1,17.6,5.1,0.59,59.4,2025,September,30
30-09-2025,Assam,149,Moderate,61.6,98,25.1,7.5,0.75,55.5,2025,September,30
30-09-2025,Bihar,131,Moderate,57.8,92.7,23.1,6.3,0.82,55.4,2025,September,30
30-09-2025,Chhattisgarh,116,Moderate,45.9,88.9,20,5.1,0.55,65.2,2025,September,30
30-09-2025,Goa,117,Moderate,45.8,91.7,19.4,6.8,0.65,59.3,2025,September,30
30-09-2025,Gujarat,100,Satisfactory,43.1,73.2,17.7,5.6,0.64,63.5,2025,September,30
30-09-2025,Haryana,83,Satisfactory,34.4,65.7,13.9,3.7,0.55,63.5,2025,September,30
30-09-2025,Himachal Pradesh,160,Moderate,63,109.5,22.7,7.9,0.95,54.7,2025,September,30
30-09-2025,Jharkhand,167,Moderate,75.2,111.2,27,7.5,0.83,51.8,2025,September,30
30-09-2025,Karnataka,90,Satisfactory,41.7,65.3,13.3,4.9,0.4,59.4,2025,September,30
30-09-2025,Kerala,134,Moderate,52.8,96.5,19.6,7.5,0.68,60.6,2025,September,30
30-09-2025,Madhya Pradesh,106,Moderate,39,79.1,15.4,6.1,0.55,65.7,2025,September,30
30-09-2025,Maharashtra,168,Moderate,65.7,116.4,28.7,7.8,0.84,57,2025,September,30
30-09-2025,Manipur,150,Moderate,65.6,98.5,25,8.5,0.74,53.5,2025,September,30
30-09-2025,Meghalaya,94,Satisfactory,44.7,59.6,12.2,4.3,0.52,63.7,2025,September,30
30-09-2025,Mizoram,120,Moderate,54.4,79.7,21.9,6.7,0.65,60.3,2025,September,30
30-09-2025,Nagaland,156,Moderate,69.5,109.8,27.3,6.9,0.8,57,2025,September,30
30-09-2025,Odisha,161,Moderate,71.3,125.9,23.7,7.2,0.93,56,2025,September,30
30-09-2025,Punjab,156,Moderate,70.9,104.9,27.1,7.6,0.95,61.9,2025,September,30
30-09-2025,Rajasthan,112,Moderate,41.8,78.3,20.8,5.9,0.58,65.7,2025,September,30
30-09-2025,Sikkim,142,Moderate,62.2,110.4,23,7.7,0.86,60,2025,September,30
30-09-2025,Tamil Nadu,139,Moderate,59.7,107.2,25,7,0.86,59.1,2025,September,30
30-09-2025,Telangana,121,Moderate,56.6,92.9,16.7,6,0.65,55.6,2025,September,30
30-09-2025,Tripura,162,Moderate,67.2,117.1,25.7,7.8,0.97,53.9,2025,September,30
30-09-2025,Uttar Pradesh,168,Moderate,65.2,116.8,24.9,9,0.89,55.7,2025,September,30
30-09-2025,Uttarakhand,122,Moderate,51.4,83.7,17.3,5.5,0.61,58.4,2025,September,30
30-09-2025,West Bengal,103,Moderate,39.3,64.2,16.8,5.5,0.53,62.3,2025,September,30
01-10-2025,Andhra Pradesh,171,Moderate,73.5,119.9,30,8.1,1.01,53.3,2025,October,1
01-10-2025,Arunachal Pradesh,69,Satisfactory,34.4,59.2,8,4.4,0.47,64.1,2025,October,1
01-10-2025,Assam,156,Moderate,67.5,114.3,25.9,7,0.82,61.7,2025,October,1
01-10-2025,Bihar,106,Moderate,38.5,86.2,14.2,5.2,0.54,63.2,2025,October,1
01-10-2025,Chhattisgarh,111,Moderate,44.9,82.6,16.1,6.2,0.58,59.1,2025,October,1
01-10-2025,Goa,123,Moderate,50.7,90.3,21,6.2,0.78,64.8,2025,October,1
01-10-2025,Gujarat,127,Moderate,51.1,94.8,18.3,6.9,0.66,63,2025,October,1
01-10-2025,Haryana,76,Satisfactory,31.9,62.3,10.6,4,0.46,66.4,2025,October,1
01-10-2025,Himachal Pradesh,150,Moderate,60.2,110.2,21.2,6.8,0.76,58.8,2025,October,1
01-10-2025,Jharkhand,186,Moderate,75.6,139.1,27.8,9.5,1,54.5,2025,October,1
01-10-2025,Karnataka,116,Moderate,45.6,85.4,17.2,6.5,0.59,59.3,2025,October,1
01-10-2025,Kerala,134,Moderate,57.5,105.3,24.4,7,0.69,62.3,2025,October,1
01-10-2025,Madhya Pradesh,96,Satisfactory,35.3,77.6,12.6,4.5,0.53,57.7,2025,October,1
01-10-2025,Maharashtra,131,Moderate,58.4,85.9,19.1,7.2,0.68,62.6,2025,October,1
01-10-2025,Manipur,143,Moderate,55.6,109.2,25,7.7,0.7,58.9,2025,October,1
01-10-2025,Meghalaya,138,Moderate,62,95.6,24.9,7.6,0.77,63.4,2025,October,1
01-10-2025,Mizoram,161,Moderate,68.1,107.1,26.4,7.3,0.9,56.3,2025,October,1
01-10-2025,Nagaland,171,Moderate,73.1,120.4,25.9,9.4,0.99,58.3,2025,October,1
01-10-2025,Odisha,151,Moderate,58.1,112.9,22.7,8.3,0.91,54.1,2025,October,1
01-10-2025,Punjab,140,Moderate,59.3,100.6,22.6,8,0.77,56.2,2025,October,1
01-10-2025,Rajasthan,105,Moderate,40,70.5,16.7,6.1,0.48,59.6,2025,October,1
01-10-2025,Sikkim,152,Moderate,64.1,112.1,23,7.9,0.83,54.1,2025,October,1
01-10-2025,Tamil Nadu,121,Moderate,52.7,86,17.1,5.7,0.74,62.8,2025,October,1
01-10-2025,Telangana,95,Satisfactory,34.1,64.2,13.4,5.3,0.5,61,2025,October,1
01-10-2025,Tripura,135,Moderate,51.4,99.8,21.2,7.5,0.79,55.4,2025,October,1
01-10-2025,Uttar Pradesh,161,Moderate,65.1,109.3,28.1,7.6,0.92,57.3,2025,October,1
01-10-2025,Uttarakhand,87,Satisfactory,32.3,67.5,13.5,3.8,0.45,59.5,2025,October,1
01-10-2025,West Bengal,104,Moderate,47.2,75.7,17.1,5.8,0.59,63.5,2025,October,1
02-10-2025,Andhra Pradesh,151,Moderate,60.9,101,22,7.8,0.75,56.3,2025,October,2
02-10-2025,Arunachal Pradesh,69,Satisfactory,28,49.6,11.7,2.8,0.37,62,2025,October,2
02-10-2025,Assam,177,Moderate,73.5,121.7,26.3,9.8,0.89,57.9,2025,October,2
02-10-2025,Bihar,100,Satisfactory,40.7,76.7,15.5,4.5,0.54,57.2,2025,October,2
02-10-2025,Chhattisgarh,108,Moderate,45.3,79.2,16.1,6.1,0.66,59.3,2025,October,2
02-10-2025,Goa,93,Satisfactory,42.1,64.4,14.8,4.9,0.58,63.5,2025,October,2
02-10-2025,Gujarat,81,Satisfactory,32,50.2,13.7,4.8,0.36,67.8,2025,October,2
02-10-2025,Haryana,96,Satisfactory,45.3,74.3,16.7,5.7,0.47,64,2025,October,2
02-10-2025,Himachal Pradesh,185,Moderate,72.8,129.2,29.3,9,1.12,55.2,2025,October,2
02-10-2025,Jharkhand,194,Moderate,81.7,143.6,30,9.2,1.06,52.1,2025,October,2
02-10-2025,Karnataka,94,Satisfactory,42.7,72.5,12.7,4,0.45,67.1,2025,October,2
02-10-2025,Kerala,174,Moderate,69.5,115.6,30.6,9.2,1.05,58.4,2025,October,2
02-10-2025,Madhya Pradesh,77,Satisfactory,37.9,63.3,14.8,4.5,0.53,63.7,2025,October,2
02-10-2025,Maharashtra,158,Moderate,70.2,111.1,22.4,7.6,0.86,56.1,2025,October,2
02-10-2025,Manipur,138,Moderate,58.4,90.3,21.9,6.2,0.68,59.3,2025,October,2
02-10-2025,Meghalaya,126,Moderate,51.8,82.5,20.5,5.7,0.69,55.6,2025,October,2
02-10-2025,Mizoram,121,Moderate,46,96,18.7,6,0.58,60.6,2025,October,2
02-10-2025,Nagaland,174,Moderate,68,135,24.9,8.2,0.98,61.1,2025,October,2
02-10-2025,Odisha,139,Moderate,64,104.8,22.8,7.3,0.67,58,2025,October,2
02-10-2025,Punjab,165,Moderate,64.8,116.1,24.3,9.2,0.88,58.7,2025,October,2
02-10-2025,Rajasthan,83,Satisfactory,39.2,55,13.2,3.8,0.42,60.1,2025,October,2
02-10-2025,Sikkim,140,Moderate,64.4,108.7,23.8,7.6,0.68,54,2025,October,2
02-10-2025,Tamil Nadu,119,Moderate,49.4,82.7,21.1,6.2,0.6,60.8,2025,October,2
02-10-2025,Telangana,95,Satisfactory,35.9,58.9,13.3,3.9,0.59,59.6,2025,October,2
02-10-2025,Tripura,172,Moderate,71,117.4,29.7,8.9,0.87,60.7,2025,October,2
02-10-2025,Uttar Pradesh,154,Moderate,63.6,120.6,25.7,8.1,0.9,55.1,2025,October,2
02-10-2025,Uttarakhand,98,Satisfactory,38.2,63.7,17.7,5.1,0.61,61.5,2025,October,2
02-10-2025,West Bengal,106,Moderate,41.6,77.8,18.5,5.4,0.59,57.1,2025,October,2
03-10-2025,Andhra Pradesh,133,Moderate,53.1,86,19.9,7,0.72,59.4,2025,October,3
03-10-2025,Arunachal Pradesh,71,Satisfactory,30.7,44.7,10.7,2.8,0.34,65.2,2025,October,3
03-10-2025,Assam,165,Moderate,74.9,128.5,26.1,9,0.89,54.9,2025,October,3
03-10-2025,Bihar,118,Moderate,45.6,75,18.7,5.6,0.57,63.4,2025,October,3
03-10-2025,Chhattisgarh,114,Moderate,53.2,80,18.1,5.9,0.59,59.4,2025,October,3
03-10-2025,Goa,132,Moderate,57.6,86.5,24.1,6.2,0.72,59.8,2025,October,3
03-10-2025,Gujarat,115,Moderate,45.4,84.3,17.9,6.2,0.62,58.2,2025,October,3
03-10-2025,Haryana,91,Satisfactory,42.3,62.3,13.1,4,0.5,65.7,2025,October,3
03-10-2025,Himachal Pradesh,167,Moderate,71.1,129.1,28.5,8.4,0.94,55.4,2025,October,3
03-10-2025,Jharkhand,151,Moderate,62.6,116,22.3,8,0.9,60,2025,October,3
03-10-2025,Karnataka,131,Moderate,53.2,104.3,19.2,5.7,0.8,55.8,2025,October,3
03-10-2025,Kerala,145,Moderate,59.4,105.8,23.5,7.8,0.88,57.1,2025,October,3
03-10-2025,Madhya Pradesh,89,Satisfactory,32.7,72.4,16.9,3.6,0.41,64.3,2025,October,3
03-10-2025,Maharashtra,166,Moderate,66.4,121.4,29.2,9,0.86,52,2025,October,3
03-10-2025,Manipur,185,Moderate,78.2,128,32,9.7,0.96,52.4,2025,October,3
03-10-2025,Meghalaya,113,Moderate,51.2,72.1,16,6.6,0.57,58.5,2025,October,3
03-10-2025,Mizoram,135,Moderate,58.4,106.7,19.3,7.1,0.76,62.4,2025,October,3
03-10-2025,Nagaland,152,Moderate,67.9,119.2,26.1,7.3,0.9,58.2,2025,October,3
03-10-2025,Odisha,155,Moderate,62.9,116.1,26.3,8,0.91,52.8,2025,October,3
03-10-2025,Punjab,183,Moderate,71.3,130.5,27.3,9.2,0.95,58.9,2025,October,3
03-10-2025,Rajasthan,72,Satisfactory,34.7,50.4,10.3,3.7,0.49,67.4,2025,October,3
03-10-2025,Sikkim,166,Moderate,75.5,126,26.9,8.8,0.88,58,2025,October,3
03-10-2025,Tamil Nadu,134,Moderate,55,96.6,19,7,0.7,55.6,2025,October,3
03-10-2025,Telangana,141,Moderate,63.1,95.1,25.2,6.9,0.83,58.3,2025,October,3
03-10-2025,Tripura,173,Moderate,71.3,127.5,29.5,8,1.04,55.1,2025,October,3
03-10-2025,Uttar Pradesh,164,Moderate,64.6,115.6,28.7,8,0.89,53.1,2025,October,3
03-10-2025,Uttarakhand,91,Satisfactory,42.2,59.5,11.9,4.3,0.57,61,2025,October,3
03-10-2025,West Bengal,69,Satisfactory,23.8,49.3,8.8,2.5,0.31,61.9,2025,October,3
04-10-2025,Andhra Pradesh,153,Moderate,62.5,110.8,25.7,8.6,0.77,61.9,2025,October,4
04-10-2025,Arunachal Pradesh,87,Satisfactory,36.2,66.7,11.1,5.1,0.48,67.9,2025,October,4
04-10-2025,Assam,136,Moderate,62.6,103.8,19.1,7.4,0.84,54.2,2025,October,4
04-10-2025,Bihar,135,Moderate,61.9,97.5,22.4,6,0.69,57,2025,October,4
04-10-2025,Chhattisgarh,119,Moderate,44.4,91.8,21.9,6.9,0.74,61.3,2025,October,4
04-10-2025,Goa,119,Moderate,50.2,84.5,21.9,5.2,0.66,57.9,2025,October,4
04-10-2025,Gujarat,86,Satisfactory,31,57.4,11.7,4.5,0.42,58.4,2025,October,4
04-10-2025,Haryana,86,Satisfactory,37.5,57.3,14.6,4.2,0.48,63.8,2025,October,4
04-10-2025,Himachal Pradesh,169,Moderate,66.5,126,27.3,7.9,0.84,55.8,2025,October,4
04-10-2025,Jharkhand,167,Moderate,67.7,111.3,28.7,8.7,0.85,61.2,2025,October,4
04-10-2025,Karnataka,95,Satisfactory,37.2,66.8,12.4,5.6,0.61,59.3,2025,October,4
04-10-2025,Kerala,163,Moderate,72.6,120.6,27.3,7.7,0.94,58.7,2025,October,4
04-10-2025,Madhya Pradesh,107,Moderate,42.5,84.2,17.6,5.5,0.67,60.8,2025,October,4
04-10-2025,Maharashtra,149,Moderate,66.2,105.5,21,8.1,0.88,61.8,2025,October,4
04-10-2025,Manipur,137,Moderate,56.6,107.6,22.1,6.4,0.78,62.1,2025,October,4
04-10-2025,Meghalaya,140,Moderate,64.5,110.8,21.4,6.1,0.69,62.5,2025,October,4
04-10-2025,Mizoram,142,Moderate,56,109.3,22.1,8,0.87,55.9,2025,October,4
04-10-2025,Nagaland,171,Moderate,73.1,121,28.5,9.3,1.03,59,2025,October,4
04-10-2025,Odisha,162,Moderate,65.9,107.2,26.2,7.4,0.89,60.5,2025,October,4
04-10-2025,Punjab,160,Moderate,72,116.9,23.9,8.1,0.95,55,2025,October,4
04-10-2025,Rajasthan,113,Moderate,46.8,91.3,18.6,6.4,0.67,61.6,2025,October,4
04-10-2025,Sikkim,147,Moderate,65,107.9,25.3,8.3,0.82,54.4,2025,October,4
04-10-2025,Tamil Nadu,149,Moderate,64.1,116.7,24.4,7.5,0.91,62.7,2025,October,4
04-10-2025,Telangana,133,Moderate,52.7,92.6,21.6,6.6,0.72,57.3,2025,October,4
04-10-2025,Tripura,171,Moderate,76.4,130.8,25.3,8.9,1.02,52.7,2025,October,4
04-10-2025,Uttar Pradesh,146,Moderate,66,112.9,22.2,7.5,0.75,59.5,2025,October,4
04-10-2025,Uttarakhand,109,Moderate,42,75.7,15.5,5.6,0.51,56.4,2025,October,4
04-10-2025,West Bengal,91,Satisfactory,37.6,64.9,14.2,5.5,0.6,65.6,2025,October,4
05-10-2025,Andhra Pradesh,167,Moderate,65.9,126.1,24.9,8.9,0.89,57,2025,October,5
05-10-2025,Arunachal Pradesh,104,Moderate,41,84.5,14.4,4.3,0.61,63.7,2025,October,5
05-10-2025,Assam,149,Moderate,66,106.8,24.9,6.7,0.83,60.3,2025,October,5
05-10-2025,Bihar,120,Moderate,46.8,95.5,19,6,0.69,63.2,2025,October,5
05-10-2025,Chhattisgarh,137,Moderate,59.7,98.7,19.1,6.3,0.83,61.5,2025,October,5
05-10-2025,Goa,96,Satisfactory,38.5,72.1,15.9,4.4,0.56,58,2025,October,5
05-10-2025,Gujarat,128,Moderate,49.2,89.3,21.4,6.5,0.62,64.3,2025,October,5
05-10-2025,Haryana,76,Satisfactory,34,48.1,9.4,4,0.46,66.2,2025,October,5
05-10-2025,Himachal Pradesh,186,Moderate,76.7,132.4,28.6,9.2,0.97,57.4,2025,October,5
05-10-2025,Jharkhand,188,Moderate,74,144.3,30.7,9.4,1,55.8,2025,October,5
05-10-2025,Karnataka,129,Moderate,54.3,100.1,18.9,6.2,0.7,56.1,2025,October,5
05-10-2025,Kerala,171,Moderate,72.1,121.8,26.2,8.7,0.91,54.6,2025,October,5
05-10-2025,Madhya Pradesh,115,Moderate,53.8,75.1,18.2,6.6,0.68,59.5,2025,October,5
05-10-2025,Maharashtra,151,Moderate,61.3,103.4,25.8,7.6,0.78,57,2025,October,5
05-10-2025,Manipur,184,Moderate,77.4,126.1,31.7,9.2,1.06,51.1,2025,October,5
05-10-2025,Meghalaya,104,Moderate,42.1,65.1,16.3,6,0.48,64.4,2025,October,5
05-10-2025,Mizoram,135,Moderate,55.4,89.8,19.6,6.9,0.84,58,2025,October,5
05-10-2025,Nagaland,147,Moderate,66,96.8,20.8,8.1,0.73,53.5,2025,October,5
05-10-2025,Odisha,136,Moderate,53.8,104.3,22,6.3,0.68,59.4,2025,October,5
05-10-2025,Punjab,142,Moderate,64.2,102.4,24,6.2,0.85,57.2,2025,October,5
05-10-2025,Rajasthan,91,Satisfactory,34.4,61.8,13.8,5.4,0.58,62.9,2025,October,5
05-10-2025,Sikkim,125,Moderate,56.3,97.2,18.5,5.9,0.64,63.2,2025,October,5
05-10-2025,Tamil Nadu,146,Moderate,60.5,99.7,22.3,6.9,0.9,57,2025,October,5
05-10-2025,Telangana,140,Moderate,59.8,110.4,20.3,6.7,0.76,55.5,2025,October,5
05-10-2025,Tripura,161,Moderate,66.5,124,23.1,8,0.84,58.2,2025,October,5
05-10-2025,Uttar Pradesh,145,Moderate,65.9,107.4,25.9,8,0.74,62.8,2025,October,5
05-10-2025,Uttarakhand,109,Moderate,44.1,74.1,16.4,4.7,0.68,60.8,2025,October,5
05-10-2025,West Bengal,71,Satisfactory,24.1,48.1,9.2,4.1,0.31,65,2025,October,5
06-10-2025,Andhra Pradesh,145,Moderate,63.2,111.2,25.9,7,0.85,63.1,2025,October,6
06-10-2025,Arunachal Pradesh,98,Satisfactory,47,73.1,16.5,5.1,0.6,64.3,2025,October,6
06-10-2025,Assam,144,Moderate,58.8,98.1,22.2,7,0.83,55.6,2025,October,6
06-10-2025,Bihar,138,Moderate,57.1,103.1,22,7.1,0.85,60.1,2025,October,6
06-10-2025,Chhattisgarh,139,Moderate,64.2,108.5,24.8,6.1,0.78,61.4,2025,October,6
06-10-2025,Goa,130,Moderate,55.3,86.9,20,6.9,0.67,62.9,2025,October,6
06-10-2025,Gujarat,126,Moderate,47.3,99.7,18.4,5.6,0.73,55.9,2025,October,6
06-10-2025,Haryana,73,Satisfactory,31.6,53.9,13.5,3.9,0.48,67.8,2025,October,6
06-10-2025,Himachal Pradesh,159,Moderate,69,107.4,28.4,8,0.89,56.2,2025,October,6
06-10-2025,Jharkhand,167,Moderate,65.3,113.8,25.4,8.1,1.01,57.8,2025,October,6
06-10-2025,Karnataka,119,Moderate,45.9,76.3,21.6,6.8,0.66,62.1,2025,October,6
06-10-2025,Kerala,171,Moderate,76,116.3,26.6,8.2,1.05,58.7,2025,October,6
06-10-2025,Madhya Pradesh,77,Satisfactory,27.1,58.6,12.1,4.6,0.44,68.6,2025,October,6
06-10-2025,Maharashtra,135,Moderate,57.5,88.9,20.1,7.5,0.84,63.5,2025,October,6
06-10-2025,Manipur,151,Moderate,69,110.9,22.8,6.8,0.75,56.2,2025,October,6
06-10-2025,Meghalaya,130,Moderate,53.8,97.3,20.8,6.4,0.72,56.2,2025,October,6
06-10-2025,Mizoram,149,Moderate,59.7,107.5,24.8,8.4,0.84,58.8,2025,October,6
06-10-2025,Nagaland,185,Moderate,77.8,124,29.2,9.9,1.09,59.8,2025,October,6
06-10-2025,Odisha,149,Moderate,58.9,110.7,26.6,8,0.73,55.6,2025,October,6
06-10-2025,Punjab,152,Moderate,64.4,115.1,22.7,7.2,0.84,61.2,2025,October,6
06-10-2025,Rajasthan,116,Moderate,47.8,89.7,16.2,5.9,0.61,59.9,2025,October,6
06-10-2025,Sikkim,141,Moderate,64.8,96.2,19.7,7.8,0.79,57.7,2025,October,6
06-10-2025,Tamil Nadu,111,Moderate,47.4,88.1,16.4,5,0.54,65.4,2025,October,6
06-10-2025,Telangana,131,Moderate,57.8,93.7,22.6,6.7,0.68,57.4,2025,October,6
06-10-2025,Tripura,143,Moderate,56.9,101.4,22.1,6.4,0.74,61.7,2025,October,6
06-10-2025,Uttar Pradesh,157,Moderate,62.7,107.3,22.7,8.2,0.86,56.5,2025,October,6
06-10-2025,Uttarakhand,107,Moderate,41.6,78,16.8,4.4,0.65,56.6,2025,October,6
06-10-2025,West Bengal,92,Satisfactory,44.2,65,16.2,4.6,0.48,65.3,2025,October,6
07-10-2025,Andhra Pradesh,156,Moderate,62.1,107.6,26.1,7.7,0.81,61.7,2025,October,7
07-10-2025,Arunachal Pradesh,103,Moderate,43.1,66.9,16.2,5.1,0.57,62.5,2025,October,7
07-10-2025,Assam,158,Moderate,68.4,105.1,22.5,7,0.93,54.7,2025,October,7
07-10-2025,Bihar,114,Moderate,51.7,80.3,15.5,4.9,0.67,59.9,2025,October,7
07-10-2025,Chhattisgarh,106,Moderate,40.8,74.3,19.9,5.4,0.6,58.1,2025,October,7
07-10-2025,Goa,131,Moderate,52,88.3,23.9,5.7,0.76,57.7,2025,October,7
07-10-2025,Gujarat,82,Satisfactory,30.1,57.8,16.1,4.1,0.42,62.7,2025,October,7
07-10-2025,Haryana,96,Satisfactory,41,76.6,16.9,5.5,0.58,63.4,2025,October,7
07-10-2025,Himachal Pradesh,151,Moderate,60.1,101.3,26.1,6.9,0.83,57.7,2025,October,7
07-10-2025,Jharkhand,147,Moderate,65.8,98,24.6,6.6,0.85,61.5,2025,October,7
07-10-2025,Karnataka,135,Moderate,52.1,106.9,21.1,6.4,0.85,59.2,2025,October,7
07-10-2025,Kerala,153,Moderate,58.4,112,24.5,7.1,0.88,56.4,2025,October,7
07-10-2025,Madhya Pradesh,113,Moderate,42.1,76.4,15.8,6.2,0.63,57.6,2025,October,7
07-10-2025,Maharashtra,124,Moderate,48.3,97.1,19.1,6.1,0.78,59.5,2025,October,7
07-10-2025,Manipur,163,Moderate,65.5,111,23.1,7.8,0.94,53.9,2025,October,7
07-10-2025,Meghalaya,129,Moderate,56.7,93.2,23.4,5.9,0.64,58.4,2025,October,7
07-10-2025,Mizoram,153,Moderate,68.9,115.6,27.3,8,0.92,55.9,2025,October,7
07-10-2025,Nagaland,166,Moderate,68.1,125.3,28.2,8.9,0.85,60.9,2025,October,7
07-10-2025,Odisha,120,Moderate,47.4,80.7,19.6,6.4,0.63,56,2025,October,7
07-10-2025,Punjab,145,Moderate,58.5,112.4,20.5,6.4,0.85,60.6,2025,October,7
07-10-2025,Rajasthan,79,Satisfactory,35.9,48.7,11.4,4.5,0.34,66.3,2025,October,7
07-10-2025,Sikkim,159,Moderate,68.7,116.1,22.7,7,0.98,53.8,2025,October,7
07-10-2025,Tamil Nadu,146,Moderate,57.9,101.8,21.8,7.1,0.9,61,2025,October,7
07-10-2025,Telangana,99,Satisfactory,42.7,62.6,13.4,5.9,0.61,59.8,2025,October,7
07-10-2025,Tripura,159,Moderate,67.3,117,26,7.1,0.98,55.8,2025,October,7
07-10-2025,Uttar Pradesh,156,Moderate,61.9,112.2,26.9,8.2,0.87,61.4,2025,October,7
07-10-2025,Uttarakhand,86,Satisfactory,32.8,53.7,12.4,4.1,0.41,64,2025,October,7
07-10-2025,West Bengal,83,Satisfactory,40.7,56.2,12.1,3.8,0.45,67.6,2025,October,7
08-10-2025,Andhra Pradesh,131,Moderate,59.9,97.9,22.9,6,0.73,61.7,2025,October,8
08-10-2025,Arunachal Pradesh,80,Satisfactory,37.2,64.6,11.9,4.1,0.44,62.8,2025,October,8
08-10-2025,Assam,137,Moderate,55.3,98.7,19.7,7.8,0.78,57.1,2025,October,8
08-10-2025,Bihar,121,Moderate,56.8,85.8,20.9,5.1,0.65,57.8,2025,October,8
08-10-2025,Chhattisgarh,100,Satisfactory,47.2,70.1,18.2,5.5,0.65,65.3,2025,October,8
08-10-2025,Goa,128,Moderate,50,93.9,19.6,5.5,0.62,56.9,2025,October,8
08-10-2025,Gujarat,88,Satisfactory,35.5,72.4,13.3,4,0.55,59.5,2025,October,8
08-10-2025,Haryana,70,Satisfactory,32,57.6,11.2,2.9,0.3,67.2,2025,October,8
08-10-2025,Himachal Pradesh,179,Moderate,77,132.5,31.3,8.9,0.92,59.2,2025,October,8
08-10-2025,Jharkhand,158,Moderate,65,116.1,23.6,8.5,0.86,54.4,2025,October,8
08-10-2025,Karnataka,100,Satisfactory,44.5,63,13.3,5,0.47,61.4,2025,October,8
08-10-2025,Kerala,149,Moderate,65.8,100.6,21.2,8,0.75,56.7,2025,October,8
08-10-2025,Madhya Pradesh,93,Satisfactory,37.5,66.7,16.8,4,0.54,58.1,2025,October,8
08-10-2025,Maharashtra,138,Moderate,60.6,100.7,22,6,0.72,62.9,2025,October,8
08-10-2025,Manipur,168,Moderate,70.9,114.1,25,9.1,0.87,61.4,2025,October,8
08-10-2025,Meghalaya,135,Moderate,57.7,106.8,20.7,7.7,0.76,54.5,2025,October,8
08-10-2025,Mizoram,136,Moderate,51.7,104.4,24.1,6,0.7,61.2,2025,October,8
08-10-2025,Nagaland,138,Moderate,55.2,109.1,19.6,7.6,0.8,61,2025,October,8
08-10-2025,Odisha,115,Moderate,51.4,77.6,19.3,5.8,0.68,57.7,2025,October,8
08-10-2025,Punjab,166,Moderate,69.8,125.6,24.7,7.5,1,56.2,2025,October,8
08-10-2025,Rajasthan,111,Moderate,47.9,70,16.1,6.1,0.58,57,2025,October,8
08-10-2025,Sikkim,132,Moderate,54.4,101.1,19,6.5,0.75,61.5,2025,October,8
08-10-2025,Tamil Nadu,140,Moderate,57.2,91.8,21.4,7.2,0.78,61.3,2025,October,8
08-10-2025,Telangana,99,Satisfactory,43.9,67,13.9,5.6,0.61,62.1,2025,October,8
08-10-2025,Tripura,170,Moderate,66.6,117.9,30.1,8.5,0.95,60.5,2025,October,8
08-10-2025,Uttar Pradesh,151,Moderate,59.4,101.6,23.8,6.9,0.81,55.2,2025,October,8
08-10-2025,Uttarakhand,119,Moderate,48.3,93,19.4,5.2,0.71,58.1,2025,October,8
08-10-2025,West Bengal,70,Satisfactory,28,55.6,11.7,3.3,0.44,64,2025,October,8
09-10-2025,Andhra Pradesh,162,Moderate,71.4,126.3,27.9,7.7,0.93,58.7,2025,October,9
09-10-2025,Arunachal Pradesh,97,Satisfactory,38.2,60.4,14.8,4.9,0.62,65.2,2025,October,9
09-10-2025,Assam,163,Moderate,66.5,108.2,24.2,8.8,0.81,60.1,2025,October,9
09-10-2025,Bihar,108,Moderate,42.9,75.4,15,4.6,0.59,58.9,2025,October,9
09-10-2025,Chhattisgarh,121,Moderate,55.7,82.7,18.6,5.5,0.76,61.8,2025,October,9
09-10-2025,Goa,111,Moderate,44.6,76.2,18.2,5.8,0.71,64.2,2025,October,9
09-10-2025,Gujarat,118,Moderate,55.5,91,17.6,5.8,0.67,64.7,2025,October,9
09-10-2025,Haryana,109,Moderate,49.6,87.3,15.2,6.3,0.68,63.7,2025,October,9
09-10-2025,Himachal Pradesh,165,Moderate,73.5,126.5,27.4,8.9,1,60.8,2025,October,9
09-10-2025,Jharkhand,192,Moderate,76.1,142.1,28.8,9.8,1.02,57.2,2025,October,9
09-10-2025,Karnataka,94,Satisfactory,34.9,58.8,15.4,4.7,0.45,58.3,2025,October,9
09-10-2025,Kerala,151,Moderate,68.1,109.6,24.7,8,0.85,62.7,2025,October,9
09-10-2025,Madhya Pradesh,86,Satisfactory,41.9,58.3,11.8,3.6,0.49,66.2,2025,October,9
09-10-2025,Maharashtra,132,Moderate,59.7,102.4,19,7.2,0.69,60.5,2025,October,9
09-10-2025,Manipur,156,Moderate,63.3,107.7,27.9,7.7,0.88,61.3,2025,October,9
09-10-2025,Meghalaya,113,Moderate,43.9,84.8,18.4,6.3,0.71,62,2025,October,9
09-10-2025,Mizoram,121,Moderate,55.8,91.6,17.5,6.4,0.62,58.7,2025,October,9
09-10-2025,Nagaland,177,Moderate,70,121.9,27.5,9.5,0.9,56.3,2025,October,9
09-10-2025,Odisha,143,Moderate,56.6,101.5,24.8,7.5,0.82,55.5,2025,October,9
09-10-2025,Punjab,185,Moderate,73.4,124,26.8,9.6,1.09,55.2,2025,October,9
09-10-2025,Rajasthan,77,Satisfactory,35.6,56.9,10.8,4.5,0.41,68.8,2025,October,9
09-10-2025,Sikkim,149,Moderate,64.3,104.2,21.2,8.3,0.81,55.4,2025,October,9
09-10-2025,Tamil Nadu,140,Moderate,54.7,100.3,21.9,6.1,0.85,62.9,2025,October,9
09-10-2025,Telangana,97,Satisfactory,41.4,73.4,17.6,5.1,0.52,65.4,2025,October,9
09-10-2025,Tripura,141,Moderate,65.2,98.7,23.7,8,0.77,60.2,2025,October,9
09-10-2025,Uttar Pradesh,185,Moderate,83.3,141,26.7,8.6,1,53,2025,October,9
09-10-2025,Uttarakhand,109,Moderate,48.5,85.6,19.9,5.1,0.6,65.3,2025,October,9
09-10-2025,West Bengal,73,Satisfactory,32.7,60.2,10.6,3.7,0.38,59.4,2025,October,9
10-10-2025,Andhra Pradesh,169,Moderate,71.9,119.9,28.1,8,0.97,55.2,2025,October,10
10-10-2025,Arunachal Pradesh,102,Moderate,38.7,74.4,18.6,4.6,0.65,63.6,2025,October,10
10-10-2025,Assam,133,Moderate,60.4,104.8,19.8,7.5,0.77,57,2025,October,10
10-10-2025,Bihar,116,Moderate,50.8,90.8,19.9,5.7,0.64,59.7,2025,October,10
10-10-2025,Chhattisgarh,132,Moderate,51.5,91.6,22.6,7.4,0.66,57.3,2025,October,10
10-10-2025,Goa,104,Moderate,38.3,79.3,17,4.3,0.58,58.6,2025,October,10
10-10-2025,Gujarat,118,Moderate,46.8,79.1,16.3,6.9,0.73,62.1,2025,October,10
10-10-2025,Haryana,90,Satisfactory,37.4,68,15.9,3.6,0.45,64,2025,October,10
10-10-2025,Himachal Pradesh,186,Moderate,73.2,129.9,32.6,8.5,1.03,50.8,2025,October,10
10-10-2025,Jharkhand,157,Moderate,67.6,107.4,27.1,8.5,0.79,57.3,2025,October,10
10-10-2025,Karnataka,133,Moderate,59.7,96.3,19.9,7.3,0.73,60.8,2025,October,10
10-10-2025,Kerala,155,Moderate,69.2,106,23.2,8.4,0.85,57.3,2025,October,10
10-10-2025,Madhya Pradesh,109,Moderate,44,71.1,18.6,5.4,0.68,65.5,2025,October,10
10-10-2025,Maharashtra,168,Moderate,75.4,127.4,27.3,9.4,1,52.5,2025,October,10
10-10-2025,Manipur,166,Moderate,72.6,114.4,25,7.8,1.01,53.6,2025,October,10
10-10-2025,Meghalaya,142,Moderate,59.8,102.5,24.7,7.2,0.78,58.6,2025,October,10
10-10-2025,Mizoram,127,Moderate,58.1,92.7,22.3,7.2,0.72,61.9,2025,October,10
10-10-2025,Nagaland,142,Moderate,64.8,108.7,25.4,7.2,0.74,61.1,2025,October,10
10-10-2025,Odisha,152,Moderate,64.6,103.8,25.9,7.5,0.88,53.7,2025,October,10
10-10-2025,Punjab,150,Moderate,61.7,99.9,26.6,7.1,0.84,62.6,2025,October,10
10-10-2025,Rajasthan,110,Moderate,46.3,81.9,17.9,4.7,0.68,61.2,2025,October,10
10-10-2025,Sikkim,157,Moderate,62.3,115.5,25.5,8.4,0.86,52.5,2025,October,10
10-10-2025,Tamil Nadu,133,Moderate,59.6,91.7,22.9,6.9,0.8,57.4,2025,October,10
10-10-2025,Telangana,112,Moderate,44.2,87.6,18.4,4.6,0.72,61.5,2025,October,10
10-10-2025,Tripura,127,Moderate,48.3,86.6,19.1,7.2,0.69,55.4,2025,October,10
10-10-2025,Uttar Pradesh,163,Moderate,64.6,126.5,26.1,8,0.82,53.9,2025,October,10
10-10-2025,Uttarakhand,125,Moderate,50.8,95.2,17.5,7,0.71,60.5,2025,October,10
10-10-2025,West Bengal,75,Satisfactory,35.5,61.9,10.5,4.4,0.5,60.6,2025,October,10
11-10-2025,Andhra Pradesh,165,Moderate,63.6,115.3,26.1,8.4,0.84,61.8,2025,October,11
11-10-2025,Arunachal Pradesh,93,Satisfactory,42.7,75.3,15.5,5.5,0.52,59.6,2025,October,11
11-10-2025,Assam,165,Moderate,66.5,117.4,28.7,7.3,0.95,52.7,2025,October,11
11-10-2025,Bihar,93,Satisfactory,43.6,60.6,15.3,4.6,0.49,66.3,2025,October,11
11-10-2025,Chhattisgarh,108,Moderate,41.7,76.1,15.9,4.7,0.57,63.5,2025,October,11
11-10-2025,Goa,114,Moderate,47.4,79.6,17.6,6.3,0.61,62.8,2025,October,11
11-10-2025,Gujarat,105,Moderate,49.9,76.6,16.3,5.2,0.68,60.7,2025,October,11
11-10-2025,Haryana,66,Satisfactory,27.3,51.6,9.2,2.6,0.39,60.8,2025,October,11
11-10-2025,Himachal Pradesh,163,Moderate,70.8,110.9,27.2,8.9,1,57.8,2025,October,11
11-10-2025,Jharkhand,158,Moderate,66.7,105.3,25.3,7.4,0.86,57.3,2025,October,11
11-10-2025,Karnataka,117,Moderate,54.4,89,16.7,5.5,0.65,60.3,2025,October,11
11-10-2025,Kerala,156,Moderate,68.9,120.5,26.2,6.9,0.94,58.1,2025,October,11
11-10-2025,Madhya Pradesh,97,Satisfactory,44.8,61.2,17.7,5.1,0.49,64.4,2025,October,11
11-10-2025,Maharashtra,126,Moderate,48.1,87.8,21.1,5.5,0.67,56.3,2025,October,11
11-10-2025,Manipur,151,Moderate,65.6,105.6,24.9,6.6,0.94,58.9,2025,October,11
11-10-2025,Meghalaya,116,Moderate,53.2,80.8,21.1,6.2,0.63,55.7,2025,October,11
11-10-2025,Mizoram,119,Moderate,51.3,89.6,22,5,0.58,58.1,2025,October,11
11-10-2025,Nagaland,156,Moderate,69.1,121.9,23,7.7,0.92,61.3,2025,October,11
11-10-2025,Odisha,122,Moderate,52.7,85.8,16.7,6.4,0.68,59.3,2025,October,11
11-10-2025,Punjab,149,Moderate,66.2,112.6,22.5,6.5,0.82,53.3,2025,October,11
11-10-2025,Rajasthan,68,Satisfactory,31.2,53.6,9.7,3.5,0.37,67.8,2025,October,11
11-10-2025,Sikkim,160,Moderate,62,121.2,27,9,0.87,61.8,2025,October,11
11-10-2025,Tamil Nadu,120,Moderate,46.8,88.7,17.3,5.9,0.64,63.1,2025,October,11
11-10-2025,Telangana,130,Moderate,57.2,94.4,19.9,6.6,0.67,59.1,2025,October,11
11-10-2025,Tripura,173,Moderate,68.1,129,29,8.5,0.98,51.8,2025,October,11
11-10-2025,Uttar Pradesh,153,Moderate,61.8,109,22.2,7.8,0.77,57.3,2025,October,11
11-10-2025,Uttarakhand,133,Moderate,60.5,100.7,22.7,6.6,0.76,64.2,2025,October,11
11-10-2025,West Bengal,72,Satisfactory,32.8,54.5,8.9,3,0.45,59.6,2025,October,11
12-10-2025,Andhra Pradesh,126,Moderate,55.5,95.9,18.1,5.4,0.75,55.5,2025,October,12
12-10-2025,Arunachal Pradesh,99,Satisfactory,43,76.5,14.2,4,0.61,62.1,2025,October,12
12-10-2025,Assam,148,Moderate,61.2,115.6,25.3,8.1,0.75,57.7,2025,October,12
12-10-2025,Bihar,125,Moderate,57.3,84.7,21.1,6.7,0.79,57,2025,October,12
12-10-2025,Chhattisgarh,140,Moderate,58.6,99.3,21.5,7.1,0.78,55.6,2025,October,12
12-10-2025,Goa,104,Moderate,43.5,73.1,14.3,4.9,0.55,64.2,2025,October,12
12-10-2025,Gujarat,91,Satisfactory,42.8,61.1,17.4,4.4,0.54,61.9,2025,October,12
12-10-2025,Haryana,110,Moderate,46.8,69.4,15.7,5.2,0.54,59.7,2025,October,12
12-10-2025,Himachal Pradesh,182,Moderate,72.8,141,29.6,8.4,0.92,54.6,2025,October,12
12-10-2025,Jharkhand,168,Moderate,71.1,127.3,25.1,8.9,0.99,54,2025,October,12
12-10-2025,Karnataka,126,Moderate,58.2,94.8,18.5,6.9,0.65,56.1,2025,October,12
12-10-2025,Kerala,140,Moderate,53.4,107.4,24.5,7.8,0.75,57.4,2025,October,12
12-10-2025,Madhya Pradesh,71,Satisfactory,24.9,45.4,11,4.5,0.32,59.5,2025,October,12
12-10-2025,Maharashtra,165,Moderate,65.8,118.3,27.6,7.9,0.83,54.7,2025,October,12
12-10-2025,Manipur,146,Moderate,59.5,96.9,21,6.3,0.9,54,2025,October,12
12-10-2025,Meghalaya,128,Moderate,49.9,101.8,19.8,5.9,0.64,62.9,2025,October,12
12-10-2025,Mizoram,140,Moderate,55.9,101,22.6,7.9,0.74,56.5,2025,October,12
12-10-2025,Nagaland,157,Moderate,68.6,107.1,27.2,8.1,0.94,52.9,2025,October,12
12-10-2025,Odisha,117,Moderate,45.9,81,16.7,6.5,0.61,62.5,2025,October,12
12-10-2025,Punjab,166,Moderate,71,123.6,29.5,8,0.95,58.7,2025,October,12
12-10-2025,Rajasthan,99,Satisfactory,46.1,68.9,14.4,4.1,0.55,65.8,2025,October,12
12-10-2025,Sikkim,168,Moderate,68.9,130.2,27.3,7.6,0.95,55.9,2025,October,12
12-10-2025,Tamil Nadu,150,Moderate,63.2,102.3,22.1,7.4,0.85,56.3,2025,October,12
12-10-2025,Telangana,137,Moderate,59.4,102.8,22.7,7.1,0.86,58.9,2025,October,12
12-10-2025,Tripura,141,Moderate,65,105.5,24.9,6.2,0.79,62.6,2025,October,12
12-10-2025,Uttar Pradesh,180,Moderate,75.1,130.4,27.8,9.2,1.04,52.7,2025,October,12
12-10-2025,Uttarakhand,118,Moderate,55.2,75.3,17.8,5.7,0.66,62.3,2025,October,12
12-10-2025,West Bengal,100,Satisfactory,47.6,64.9,17.5,5.2,0.5,66.6,2025,October,12
13-10-2025,Andhra Pradesh,142,Moderate,65.6,100.3,24.2,7.1,0.77,61.1,2025,October,13
13-10-2025,Arunachal Pradesh,106,Moderate,46.9,67.7,15.5,5.1,0.49,58.4,2025,October,13
13-10-2025,Assam,176,Moderate,74.4,134.6,26.6,9.6,1.05,53.5,2025,October,13
13-10-2025,Bihar,129,Moderate,54.4,83.3,23.5,6.5,0.71,64.1,2025,October,13
13-10-2025,Chhattisgarh,129,Moderate,60.1,92.2,17.9,7.1,0.77,63.4,2025,October,13
13-10-2025,Goa,87,Satisfactory,40.6,54.3,15.5,4,0.53,65.9,2025,October,13
13-10-2025,Gujarat,125,Moderate,56,93.8,22.6,5.4,0.74,57.1,2025,October,13
13-10-2025,Haryana,106,Moderate,45.4,78.3,15.7,5.7,0.51,57.2,2025,October,13
13-10-2025,Himachal Pradesh,172,Moderate,74.8,114.6,25.2,8.2,0.9,57.4,2025,October,13
13-10-2025,Jharkhand,192,Moderate,78.2,132.9,33.6,9.2,1.13,59.6,2025,October,13
13-10-2025,Karnataka,135,Moderate,56.5,91.7,21.5,7.4,0.85,54.8,2025,October,13
13-10-2025,Kerala,159,Moderate,66.3,113.9,27.3,8.9,0.92,54.3,2025,October,13
13-10-2025,Madhya Pradesh,106,Moderate,43.4,74.4,17,4.3,0.6,56.8,2025,October,13
13-10-2025,Maharashtra,129,Moderate,57.9,84.3,23,6.9,0.69,60.5,2025,October,13
13-10-2025,Manipur,175,Moderate,77.2,124.5,27.4,9.4,1.06,53.3,2025,October,13
13-10-2025,Meghalaya,127,Moderate,53.2,99.9,17.8,6.9,0.69,59.3,2025,October,13
13-10-2025,Mizoram,160,Moderate,72.4,124.8,28.3,8.8,0.94,53.6,2025,October,13
13-10-2025,Nagaland,170,Moderate,72,118.7,25.3,9,0.86,57.3,2025,October,13
13-10-2025,Odisha,147,Moderate,63,107.5,22.2,8,0.88,59.4,2025,October,13
13-10-2025,Punjab,167,Moderate,68.3,128.7,28.3,8.9,1,56.8,2025,October,13
13-10-2025,Rajasthan,112,Moderate,46.6,71.7,15.9,5.8,0.53,58.5,2025,October,13
13-10-2025,Sikkim,161,Moderate,64.5,117.9,24.3,8.7,0.96,52.5,2025,October,13
13-10-2025,Tamil Nadu,131,Moderate,58.5,94.7,19,5.8,0.68,57.7,2025,October,13
13-10-2025,Telangana,141,Moderate,60.3,95.4,22.1,7.9,0.82,63,2025,October,13
13-10-2025,Tripura,176,Moderate,77.1,128.5,29.6,9,1,58.5,2025,October,13
13-10-2025,Uttar Pradesh,162,Moderate,65,120.7,25.9,8.7,0.86,57,2025,October,13
13-10-2025,Uttarakhand,100,Satisfactory,42.8,66.7,13.1,5.2,0.47,59,2025,October,13
13-10-2025,West Bengal,95,Satisfactory,42.9,67.7,18.2,4.4,0.52,62.4,2025,October,13
14-10-2025,Andhra Pradesh,140,Moderate,55.9,104.5,24.3,6.7,0.73,56.4,2025,October,14
14-10-2025,Arunachal Pradesh,65,Satisfactory,28.2,36.9,11.9,3.3,0.3,63.6,2025,October,14
14-10-2025,Assam,170,Moderate,70.5,118.8,25.3,8.3,0.96,55,2025,October,14
14-10-2025,Bihar,126,Moderate,51.7,94.9,18.1,5.7,0.67,63.7,2025,October,14
14-10-2025,Chhattisgarh,142,Moderate,60.3,108.8,21.1,7.2,0.7,58,2025,October,14
14-10-2025,Goa,108,Moderate,39.5,85.6,16.5,5.3,0.56,62.7,2025,October,14
14-10-2025,Gujarat,90,Satisfactory,32.7,62.3,15.4,4.2,0.41,59.1,2025,October,14
14-10-2025,Haryana,67,Satisfactory,33.5,54.5,9.2,3.6,0.4,67,2025,October,14
14-10-2025,Himachal Pradesh,167,Moderate,66.9,129.3,26.9,7.6,0.94,59.8,2025,October,14
14-10-2025,Jharkhand,167,Moderate,70.1,116.3,26.1,7.8,0.85,55.7,2025,October,14
14-10-2025,Karnataka,85,Satisfactory,33.8,57.1,14.5,3.8,0.47,62.3,2025,October,14
14-10-2025,Kerala,140,Moderate,53.1,106.7,22.5,7.2,0.85,56,2025,October,14
14-10-2025,Madhya Pradesh,83,Satisfactory,32.7,51,15.8,4.8,0.51,65.6,2025,October,14
14-10-2025,Maharashtra,149,Moderate,61.2,97.9,25.2,7.2,0.83,56.6,2025,October,14
14-10-2025,Manipur,136,Moderate,58.9,93.2,21,7.5,0.75,60.3,2025,October,14
14-10-2025,Meghalaya,115,Moderate,48.7,91.6,21.3,5.4,0.55,64.7,2025,October,14
14-10-2025,Mizoram,125,Moderate,52.7,85.5,21.5,6.1,0.69,64.1,2025,October,14
14-10-2025,Nagaland,179,Moderate,77.4,133.6,28.2,8.7,0.98,54,2025,October,14
14-10-2025,Odisha,122,Moderate,47.8,97.2,21.7,7.1,0.62,65,2025,October,14
14-10-2025,Punjab,169,Moderate,74.4,122.7,24.2,7.6,0.93,59.5,2025,October,14
14-10-2025,Rajasthan,106,Moderate,42.6,72.4,16.7,5.2,0.53,60.3,2025,October,14
14-10-2025,Sikkim,146,Moderate,64.8,103.9,21.5,6.9,0.82,56.5,2025,October,14
14-10-2025,Tamil Nadu,115,Moderate,47.9,80.4,18.4,5.8,0.56,56.3,2025,October,14
14-10-2025,Telangana,130,Moderate,51.9,88.1,23,7,0.81,60.1,2025,October,14
14-10-2025,Tripura,169,Moderate,70.2,113.9,27.9,9.2,1,57.7,2025,October,14
14-10-2025,Uttar Pradesh,177,Moderate,68.7,125.1,26.7,8.7,1.05,60.8,2025,October,14
14-10-2025,Uttarakhand,113,Moderate,41.8,83.6,16.6,6.4,0.54,60.3,2025,October,14
14-10-2025,West Bengal,92,Satisfactory,36.3,70.8,13.2,3.8,0.56,60.9,2025,October,14
15-10-2025,Andhra Pradesh,163,Moderate,71.3,110.3,25.2,7.9,0.83,59,2025,October,15
15-10-2025,Arunachal Pradesh,84,Satisfactory,34.9,58.8,11.2,4.5,0.54,60,2025,October,15
15-10-2025,Assam,152,Moderate,69.7,113,27,7.4,0.88,60.1,2025,October,15
15-10-2025,Bihar,95,Satisfactory,34.9,71.4,17.1,4.4,0.45,66.2,2025,October,15
15-10-2025,Chhattisgarh,106,Moderate,50.3,84.6,15.1,4.3,0.62,57,2025,October,15
15-10-2025,Goa,122,Moderate,54.8,93.1,17.8,6.7,0.65,59.7,2025,October,15
15-10-2025,Gujarat,96,Satisfactory,36.1,59.9,14.8,4.8,0.49,67.3,2025,October,15
15-10-2025,Haryana,104,Moderate,46.3,66.8,13.7,4.9,0.63,57.5,2025,October,15
15-10-2025,Himachal Pradesh,147,Moderate,60.6,114,26.4,7.3,0.77,62.6,2025,October,15
15-10-2025,Jharkhand,174,Moderate,67.9,116.1,26.5,8.9,1.05,59.9,2025,October,15
15-10-2025,Karnataka,96,Satisfactory,34.7,73.7,18.2,5.5,0.53,66.8,2025,October,15
15-10-2025,Kerala,159,Moderate,68.8,105.2,27.6,7.2,0.84,56.3,2025,October,15
15-10-2025,Madhya Pradesh,67,Satisfactory,23.5,40.4,12.2,3.7,0.38,63.8,2025,October,15
15-10-2025,Maharashtra,150,Moderate,63.3,107.3,26.2,7.7,0.79,59.3,2025,October,15
15-10-2025,Manipur,184,Moderate,82.6,130.5,31.1,9.4,1.04,55.3,2025,October,15
15-10-2025,Meghalaya,133,Moderate,56.1,88.8,22.1,6.5,0.83,58.2,2025,October,15
15-10-2025,Mizoram,123,Moderate,53,89,19.1,5.3,0.7,58.5,2025,October,15
15-10-2025,Nagaland,142,Moderate,65.6,111.9,23.9,7.9,0.83,59.1,2025,October,15
15-10-2025,Odisha,121,Moderate,45.5,84.6,17.9,5.2,0.64,62.6,2025,October,15
15-10-2025,Punjab,164,Moderate,67.1,120.4,27.4,7.6,0.87,54,2025,October,15
15-10-2025,Rajasthan,105,Moderate,43.2,72.3,19.4,4.7,0.62,58.9,2025,October,15
15-10-2025,Sikkim,150,Moderate,64.6,105.3,23.9,8.3,0.79,54.5,2025,October,15
15-10-2025,Tamil Nadu,149,Moderate,57.3,115.6,21.4,8.2,0.91,54,2025,October,15
15-10-2025,Telangana,93,Satisfactory,36.4,65.5,15.6,3.8,0.49,65.2,2025,October,15
15-10-2025,Tripura,155,Moderate,60.2,117.1,24.1,7.7,0.77,60.4,2025,October,15
15-10-2025,Uttar Pradesh,153,Moderate,69,113.7,24.1,8,0.88,60.7,2025,October,15
15-10-2025,Uttarakhand,94,Satisfactory,42.5,75.9,14.8,5,0.58,59.1,2025,October,15
15-10-2025,West Bengal,116,Moderate,50.7,87.7,16.1,6.6,0.61,64.1,2025,October,15
16-10-2025,Andhra Pradesh,143,Moderate,55,96.8,24.2,7,0.71,55.2,2025,October,16
16-10-2025,Arunachal Pradesh,88,Satisfactory,42.1,67.1,12.1,3.5,0.46,58.6,2025,October,16
16-10-2025,Assam,174,Moderate,78.2,118.5,25.6,7.8,0.91,53.7,2025,October,16
16-10-2025,Bihar,112,Moderate,46.4,89.4,14.9,4.8,0.71,60.5,2025,October,16
16-10-2025,Chhattisgarh,94,Satisfactory,44.4,75.2,15.8,5.3,0.6,58.4,2025,October,16
16-10-2025,Goa,89,Satisfactory,42.6,66.9,16.1,4.6,0.55,60.8,2025,October,16
16-10-2025,Gujarat,130,Moderate,59,84.5,23.5,7.3,0.74,62.4,2025,October,16
16-10-2025,Haryana,105,Moderate,39.1,85.2,16.2,4.5,0.53,59.5,2025,October,16
16-10-2025,Himachal Pradesh,175,Moderate,77.9,134.2,29.4,8.9,0.95,59.3,2025,October,16
16-10-2025,Jharkhand,178,Moderate,72.2,121.7,30.6,9.7,1.07,58.5,2025,October,16
16-10-2025,Karnataka,102,Moderate,47.8,68.4,19.3,4.2,0.54,66.8,2025,October,16
16-10-2025,Kerala,180,Moderate,76.8,136.6,30.9,8.1,1.03,53.9,2025,October,16
16-10-2025,Madhya Pradesh,86,Satisfactory,31.8,53.7,15.9,4.1,0.4,62.4,2025,October,16
16-10-2025,Maharashtra,167,Moderate,68.7,110.9,25.4,8,0.88,54.6,2025,October,16
16-10-2025,Manipur,161,Moderate,65.6,111.3,23.2,7.4,0.86,61.8,2025,October,16
16-10-2025,Meghalaya,95,Satisfactory,36.3,65.3,15.8,5.4,0.57,62.5,2025,October,16
16-10-2025,Mizoram,152,Moderate,65.2,101.4,23.1,8.6,0.89,54.7,2025,October,16
16-10-2025,Nagaland,182,Moderate,80.7,126.5,26.2,8.2,0.97,60.2,2025,October,16
16-10-2025,Odisha,146,Moderate,56.6,98.9,22.3,6.3,0.89,58.4,2025,October,16
16-10-2025,Punjab,163,Moderate,65.9,110.4,26.5,7.4,0.88,52.1,2025,October,16
16-10-2025,Rajasthan,118,Moderate,45.3,94.3,19,5,0.7,59.7,2025,October,16
16-10-2025,Sikkim,155,Moderate,62.2,114,27.7,7,0.89,57.8,2025,October,16
16-10-2025,Tamil Nadu,134,Moderate,62,95.6,22.6,7.3,0.67,59.5,2025,October,16
16-10-2025,Telangana,120,Moderate,47.3,94.1,18.9,5,0.68,57.6,2025,October,16
16-10-2025,Tripura,130,Moderate,60.3,101.5,19.4,6,0.82,57.9,2025,October,16
16-10-2025,Uttar Pradesh,164,Moderate,67.2,114.7,24,7.5,0.84,52.6,2025,October,16
16-10-2025,Uttarakhand,109,Moderate,48.8,78.7,14.9,4.7,0.64,57.8,2025,October,16
16-10-2025,West Bengal,104,Moderate,46.9,71.9,19.2,6.1,0.51,59.2,2025,October,16
17-10-2025,Andhra Pradesh,144,Moderate,64.5,103.8,24.8,7.3,0.76,57.3,2025,October,17
17-10-2025,Arunachal Pradesh,108,Moderate,45.1,83.7,18.5,6.3,0.54,62,2025,October,17
17-10-2025,Assam,155,Moderate,65.5,116.8,23.5,8.5,0.88,58.2,2025,October,17
17-10-2025,Bihar,114,Moderate,44.3,73.8,16.5,6.6,0.64,56.6,2025,October,17
17-10-2025,Chhattisgarh,105,Moderate,49.8,83.4,16.9,4.5,0.57,58.7,2025,October,17
17-10-2025,Goa,116,Moderate,45.1,75.7,18.3,6.8,0.62,58.1,2025,October,17
17-10-2025,Gujarat,118,Moderate,45.4,88.2,17.3,5.1,0.73,62.8,2025,October,17
17-10-2025,Haryana,102,Moderate,38.4,77.1,13.7,4.8,0.51,61.1,2025,October,17
17-10-2025,Himachal Pradesh,174,Moderate,74.2,131.2,26,8.1,0.88,57,2025,October,17
17-10-2025,Jharkhand,165,Moderate,74.6,112.8,25.1,9.2,0.93,60.4,2025,October,17
17-10-2025,Karnataka,95,Satisfactory,40.6,59,16.4,3.9,0.52,65.7,2025,October,17
17-10-2025,Kerala,147,Moderate,64.1,99.4,21.2,7.4,0.79,63,2025,October,17
17-10-2025,Madhya Pradesh,109,Moderate,47.9,79.8,20.4,4.5,0.56,59.6,2025,October,17
17-10-2025,Maharashtra,141,Moderate,59.9,100.2,22,6.2,0.88,58.3,2025,October,17
17-10-2025,Manipur,137,Moderate,58.5,107.6,22.1,7.2,0.86,59.1,2025,October,17
17-10-2025,Meghalaya,94,Satisfactory,40.7,58.6,16.2,4.4,0.53,62.1,2025,October,17
17-10-2025,Mizoram,134,Moderate,55.6,100.9,22.7,5.8,0.73,56.3,2025,October,17
17-10-2025,Nagaland,178,Moderate,79.3,135.6,30.3,9.7,0.99,56.6,2025,October,17
17-10-2025,Odisha,121,Moderate,51.2,85.8,16.8,6.6,0.69,57.9,2025,October,17
17-10-2025,Punjab,158,Moderate,65.4,116.4,27.3,7.6,0.88,56.2,2025,October,17
17-10-2025,Rajasthan,107,Moderate,42,72.5,17.8,5.2,0.5,58.6,2025,October,17
17-10-2025,Sikkim,132,Moderate,59.1,87.6,20.9,6.6,0.66,59,2025,October,17
17-10-2025,Tamil Nadu,125,Moderate,58.2,97.4,21.8,7.2,0.67,55.7,2025,October,17
17-10-2025,Telangana,141,Moderate,54.3,108,22.6,6.8,0.71,59.3,2025,October,17
17-10-2025,Tripura,142,Moderate,55.1,101.3,20.4,7.3,0.8,61.6,2025,October,17
17-10-2025,Uttar Pradesh,141,Moderate,57.6,97.3,22.6,7.7,0.74,53.9,2025,October,17
17-10-2025,Uttarakhand,129,Moderate,54.1,98.3,18.7,6.2,0.8,61.1,2025,October,17
17-10-2025,West Bengal,100,Satisfactory,45.3,76,13.7,4.6,0.56,61,2025,October,17
18-10-2025,Andhra Pradesh,130,Moderate,49.9,85.8,20.1,5.7,0.8,60.9,2025,October,18
18-10-2025,Arunachal Pradesh,83,Satisfactory,39.7,50.1,11.9,4.5,0.54,64.8,2025,October,18
18-10-2025,Assam,131,Moderate,59.6,97.6,19.8,7.5,0.64,63.6,2025,October,18
18-10-2025,Bihar,141,Moderate,65.2,108.8,20.6,7.9,0.78,60.1,2025,October,18
18-10-2025,Chhattisgarh,124,Moderate,46.9,79.8,19.1,6.6,0.65,55.5,2025,October,18
18-10-2025,Goa,94,Satisfactory,36.6,62.9,15.5,3.9,0.53,61,2025,October,18
18-10-2025,Gujarat,99,Satisfactory,37.1,64.4,18.8,4.5,0.46,58.8,2025,October,18
18-10-2025,Haryana,113,Moderate,47.6,72.1,16.4,5.7,0.72,59.1,2025,October,18
18-10-2025,Himachal Pradesh,189,Moderate,74.4,135.7,30.5,8.5,0.95,53.5,2025,October,18
18-10-2025,Jharkhand,164,Moderate,70.2,124,25.4,8.3,0.96,55.3,2025,October,18
18-10-2025,Karnataka,85,Satisfactory,39.8,59.1,13.1,3.5,0.46,68,2025,October,18
18-10-2025,Kerala,143,Moderate,65.8,103.2,22.8,7.6,0.78,55.6,2025,October,18
18-10-2025,Madhya Pradesh,87,Satisfactory,30.9,55.4,11.5,3.4,0.39,65.1,2025,October,18
18-10-2025,Maharashtra,155,Moderate,69.4,105.7,24.5,8.3,0.79,55.2,2025,October,18
18-10-2025,Manipur,149,Moderate,67,107.7,21,6.9,0.75,57.7,2025,October,18
18-10-2025,Meghalaya,92,Satisfactory,36.5,71.3,15.5,4.1,0.58,62.1,2025,October,18
18-10-2025,Mizoram,168,Moderate,76.5,119.5,26.6,8.1,0.85,57.4,2025,October,18
18-10-2025,Nagaland,146,Moderate,59.6,103.5,20.4,8.2,0.9,61.8,2025,October,18
18-10-2025,Odisha,133,Moderate,52.7,87.1,20.8,6,0.65,58.7,2025,October,18
18-10-2025,Punjab,161,Moderate,73.2,115.7,22.9,7.7,0.81,55.9,2025,October,18
18-10-2025,Rajasthan,99,Satisfactory,40.7,61.7,16.5,4.3,0.48,58.6,2025,October,18
18-10-2025,Sikkim,127,Moderate,56.7,85.6,21.6,6.7,0.75,64.1,2025,October,18
18-10-2025,Tamil Nadu,126,Moderate,51.3,95.1,20.3,6.4,0.61,57.9,2025,October,18
18-10-2025,Telangana,124,Moderate,53.2,83.3,21.5,5.4,0.75,58.1,2025,October,18
18-10-2025,Tripura,132,Moderate,54.9,94.4,20.8,7.1,0.74,59.2,2025,October,18
18-10-2025,Uttar Pradesh,159,Moderate,69.4,109.8,23.5,7.7,0.8,56.7,2025,October,18
18-10-2025,Uttarakhand,117,Moderate,48,91.8,16.9,6.2,0.69,63.6,2025,October,18
18-10-2025,West Bengal,73,Satisfactory,35.9,48.2,14.5,3.9,0.4,59.3,2025,October,18
19-10-2025,Andhra Pradesh,171,Moderate,66.6,114,27.6,7.9,0.99,56.6,2025,October,19
19-10-2025,Arunachal Pradesh,70,Satisfactory,28.1,60,10,4.3,0.42,68.8,2025,October,19
19-10-2025,Assam,167,Moderate,74.6,127.9,25.6,8.9,0.91,53.5,2025,October,19
19-10-2025,Bihar,101,Moderate,48.3,77.8,16.5,5.6,0.59,59.4,2025,October,19
19-10-2025,Chhattisgarh,134,Moderate,60.8,93.7,22,6.7,0.83,54.8,2025,October,19
19-10-2025,Goa,132,Moderate,57.3,100.4,23.2,6,0.75,63.6,2025,October,19
19-10-2025,Gujarat,124,Moderate,50.5,93.5,21.2,5.8,0.65,61.4,2025,October,19
19-10-2025,Haryana,80,Satisfactory,39,65.9,13.8,3.5,0.38,62.4,2025,October,19
19-10-2025,Himachal Pradesh,174,Moderate,72.3,130,24.9,8.8,0.94,57.5,2025,October,19
19-10-2025,Jharkhand,173,Moderate,71.8,121.2,27.6,8.9,0.91,57.9,2025,October,19
19-10-2025,Karnataka,117,Moderate,43.6,92.6,15.9,6.4,0.68,60.1,2025,October,19
19-10-2025,Kerala,148,Moderate,56.3,109.8,21.9,7.8,0.9,56.9,2025,October,19
19-10-2025,Madhya Pradesh,92,Satisfactory,42.6,63,14.3,3.6,0.57,60.6,2025,October,19
19-10-2025,Maharashtra,135,Moderate,56.2,90.2,21.3,6.6,0.75,61.5,2025,October,19
19-10-2025,Manipur,180,Moderate,70.3,124.9,27.2,9.5,1.01,60.4,2025,October,19
19-10-2025,Meghalaya,118,Moderate,46.1,92.1,18.8,6.2,0.73,64.3,2025,October,19
19-10-2025,Mizoram,124,Moderate,52.5,80.8,21.9,5.4,0.65,59.5,2025,October,19
19-10-2025,Nagaland,155,Moderate,64.4,119,27.6,8.4,0.87,58.4,2025,October,19
19-10-2025,Odisha,143,Moderate,60.9,103.8,25.3,7.3,0.71,59.5,2025,October,19
19-10-2025,Punjab,176,Moderate,78.5,124.6,29.4,8,0.92,57.5,2025,October,19
19-10-2025,Rajasthan,97,Satisfactory,38.7,63.9,15.3,5.2,0.59,66.7,2025,October,19
19-10-2025,Sikkim,172,Moderate,74.7,123.5,27.8,9,0.99,59.8,2025,October,19
19-10-2025,Tamil Nadu,153,Moderate,66.8,109.6,26.1,7.9,0.81,54.3,2025,October,19
19-10-2025,Telangana,96,Satisfactory,35.6,63.9,17.4,4.4,0.52,62.7,2025,October,19
19-10-2025,Tripura,131,Moderate,51.8,86.1,18.1,7.2,0.77,62.7,2025,October,19
19-10-2025,Uttar Pradesh,147,Moderate,64.6,108.7,25.2,7.3,0.77,54.9,2025,October,19
19-10-2025,Uttarakhand,107,Moderate,48.9,82.9,15.2,4.4,0.58,59.6,2025,October,19
19-10-2025,West Bengal,69,Satisfactory,24.6,52.1,8.9,3.1,0.38,65.4,2025,October,19
20-10-2025,Andhra Pradesh,156,Moderate,63.3,113.7,24.1,8.6,0.96,53.9,2025,October,20
20-10-2025,Arunachal Pradesh,78,Satisfactory,27.5,62.5,9.5,3.2,0.51,60,2025,October,20
20-10-2025,Assam,150,Moderate,60.9,107.9,22.2,8.1,0.79,57.5,2025,October,20
20-10-2025,Bihar,103,Moderate,41.5,76.6,15.4,4.9,0.55,63.2,2025,October,20
20-10-2025,Chhattisgarh,134,Moderate,56.8,87.9,23.5,7.1,0.69,55.6,2025,October,20
20-10-2025,Goa,111,Moderate,49.2,86.5,15.3,5.9,0.58,63,2025,October,20
20-10-2025,Gujarat,83,Satisfactory,38.7,53.1,15.2,4.3,0.55,64.7,2025,October,20
20-10-2025,Haryana,65,Satisfactory,29.4,50,12,2.5,0.44,61.6,2025,October,20
20-10-2025,Himachal Pradesh,155,Moderate,66.3,109.4,25.7,7,0.96,54.1,2025,October,20
20-10-2025,Jharkhand,195,Moderate,84.8,130.8,31.2,10.4,1.11,57.4,2025,October,20
20-10-2025,Karnataka,127,Moderate,55.8,94.3,21.3,6.3,0.66,58.8,2025,October,20
20-10-2025,Kerala,157,Moderate,69.2,111.9,22.6,7.6,0.86,52.7,2025,October,20
20-10-2025,Madhya Pradesh,107,Moderate,47,81.6,16.4,4.8,0.5,63,2025,October,20
20-10-2025,Maharashtra,130,Moderate,49.3,87.6,18.3,6.7,0.7,57.8,2025,October,20
20-10-2025,Manipur,180,Moderate,73.8,131.2,28.5,9.8,0.95,59.8,2025,October,20
20-10-2025,Meghalaya,98,Satisfactory,44.6,63.7,14.8,4.2,0.58,57.9,2025,October,20
20-10-2025,Mizoram,140,Moderate,55.7,95.2,21.9,7.6,0.72,57.9,2025,October,20
20-10-2025,Nagaland,177,Moderate,78.7,120.8,28.8,9.3,1.03,53.3,2025,October,20
20-10-2025,Odisha,149,Moderate,62.1,97.4,26.4,7.4,0.73,53.9,2025,October,20
20-10-2025,Punjab,165,Moderate,66.7,113.7,28,7.6,0.97,61.6,2025,October,20
20-10-2025,Rajasthan,83,Satisfactory,33.4,54.1,13,5,0.44,59,2025,October,20
20-10-2025,Sikkim,173,Moderate,77.6,130.9,29.6,8.7,0.98,58.8,2025,October,20
20-10-2025,Tamil Nadu,146,Moderate,66.5,107.7,25.9,8.2,0.87,58.7,2025,October,20
20-10-2025,Telangana,125,Moderate,47.1,95.1,21.7,6,0.7,61.2,2025,October,20
20-10-2025,Tripura,146,Moderate,65.2,111,26,7.6,0.85,57.3,2025,October,20
20-10-2025,Uttar Pradesh,178,Moderate,72.2,127.7,30.6,8.8,0.95,52.4,2025,October,20
20-10-2025,Uttarakhand,94,Satisfactory,42.7,74.6,16.4,5.7,0.44,59.8,2025,October,20
20-10-2025,West Bengal,68,Satisfactory,26.5,46.6,12,2.9,0.33,65.7,2025,October,20
21-10-2025,Andhra Pradesh,142,Moderate,63.1,99.6,21.3,6.9,0.75,57.5,2025,October,21
21-10-2025,Arunachal Pradesh,73,Satisfactory,31.8,57.3,9.4,3.5,0.41,59.6,2025,October,21
21-10-2025,Assam,165,Moderate,70.6,115.9,23.7,9.1,0.97,57.2,2025,October,21
21-10-2025,Bihar,133,Moderate,54.9,90.1,20.5,5.7,0.65,58.1,2025,October,21
21-10-2025,Chhattisgarh,102,Moderate,37.1,73.1,17.2,5.8,0.64,61.8,2025,October,21
21-10-2025,Goa,85,Satisfactory,33.5,67.3,10.8,4.2,0.57,66,2025,October,21
21-10-2025,Gujarat,86,Satisfactory,34.3,71.7,11.6,4.3,0.49,67.5,2025,October,21
21-10-2025,Haryana,96,Satisfactory,38.1,63.2,13.8,4.4,0.57,61.6,2025,October,21
21-10-2025,Himachal Pradesh,170,Moderate,76.4,119.3,28.8,9.1,0.99,60.7,2025,October,21
21-10-2025,Jharkhand,183,Moderate,82.3,136.9,29.8,9.7,0.92,55.3,2025,October,21
21-10-2025,Karnataka,118,Moderate,48.3,89.2,17.7,5.2,0.71,64.7,2025,October,21
21-10-2025,Kerala,135,Moderate,56.5,105.8,19.9,7.1,0.66,62.7,2025,October,21
21-10-2025,Madhya Pradesh,76,Satisfactory,31.9,49.7,10.9,4.2,0.38,64.6,2025,October,21
21-10-2025,Maharashtra,130,Moderate,52.5,90.9,19.6,6.8,0.76,59,2025,October,21
21-10-2025,Manipur,165,Moderate,69,127.7,26.1,7.9,0.92,54.5,2025,October,21
21-10-2025,Meghalaya,120,Moderate,44.9,95,17.1,5.3,0.57,60.3,2025,October,21
21-10-2025,Mizoram,130,Moderate,53,87.6,19.5,5.9,0.8,60.8,2025,October,21
21-10-2025,Nagaland,182,Moderate,81.6,128.2,30.6,8.9,1,53.2,2025,October,21
21-10-2025,Odisha,144,Moderate,58.1,106.3,22.1,7.5,0.72,58.5,2025,October,21
21-10-2025,Punjab,141,Moderate,63.6,94.3,23.6,7.5,0.85,63.5,2025,October,21
21-10-2025,Rajasthan,84,Satisfactory,40.2,64.3,13.3,3.5,0.46,60.7,2025,October,21
21-10-2025,Sikkim,136,Moderate,59.8,99.1,20.4,6.5,0.77,60.3,2025,October,21
21-10-2025,Tamil Nadu,133,Moderate,60.8,88.3,20.9,6.4,0.78,55.2,2025,October,21
21-10-2025,Telangana,95,Satisfactory,40.7,78.2,13,4.3,0.52,58.4,2025,October,21
21-10-2025,Tripura,174,Moderate,67.3,124.5,30.5,9.7,1.01,56.3,2025,October,21
21-10-2025,Uttar Pradesh,159,Moderate,64.9,123.2,28,7.2,0.8,56.7,2025,October,21
21-10-2025,Uttarakhand,130,Moderate,56.4,97.2,21.9,5.5,0.81,60.4,2025,October,21
21-10-2025,West Bengal,85,Satisfactory,33,69.7,12.3,5.2,0.52,64.2,2025,October,21
22-10-2025,Andhra Pradesh,121,Moderate,51.3,86.4,19.1,5.9,0.69,58.4,2025,October,22
22-10-2025,Arunachal Pradesh,86,Satisfactory,36.3,58,12.9,3.7,0.39,65.1,2025,October,22
22-10-2025,Assam,134,Moderate,52.2,94,19,7.2,0.8,63.3,2025,October,22
22-10-2025,Bihar,135,Moderate,60.8,96.3,24.3,7,0.76,58.7,2025,October,22
22-10-2025,Chhattisgarh,114,Moderate,53,91.1,21.1,5.5,0.72,56.3,2025,October,22
22-10-2025,Goa,107,Moderate,45.6,83.8,14.5,5.6,0.66,66,2025,October,22
22-10-2025,Gujarat,86,Satisfactory,38.5,62.4,13.3,5.2,0.38,62.5,2025,October,22
22-10-2025,Haryana,84,Satisfactory,33.7,67.5,14,5,0.51,59,2025,October,22
22-10-2025,Himachal Pradesh,192,Moderate,80,142.1,30.8,8.9,1.03,50.6,2025,October,22
22-10-2025,Jharkhand,191,Moderate,79.1,134.2,28.5,9.5,1.03,57.8,2025,October,22
22-10-2025,Karnataka,115,Moderate,49.5,75.1,16.6,5.5,0.6,65.3,2025,October,22
22-10-2025,Kerala,164,Moderate,66.6,121.6,24.1,7.9,0.94,56.7,2025,October,22
22-10-2025,Madhya Pradesh,107,Moderate,48.3,83.5,18.6,5.3,0.5,57.6,2025,October,22
22-10-2025,Maharashtra,135,Moderate,52.9,105.6,22.6,6.8,0.72,63.7,2025,October,22
22-10-2025,Manipur,144,Moderate,54.8,113.1,20.2,7.3,0.88,58,2025,October,22
22-10-2025,Meghalaya,101,Moderate,47.2,78.4,17.6,5.2,0.55,59.4,2025,October,22
22-10-2025,Mizoram,135,Moderate,57.1,101.1,21.6,7.5,0.69,54.8,2025,October,22
22-10-2025,Nagaland,144,Moderate,62.7,106.4,25.2,6.8,0.73,62,2025,October,22
22-10-2025,Odisha,124,Moderate,52.9,96.8,21.1,6.5,0.79,65,2025,October,22
22-10-2025,Punjab,187,Moderate,78.1,135.5,29.7,10.1,1.1,59,2025,October,22
22-10-2025,Rajasthan,79,Satisfactory,30.8,58.8,14.6,3.9,0.45,60.5,2025,October,22
22-10-2025,Sikkim,135,Moderate,55.4,92.7,22.5,7.7,0.65,55.5,2025,October,22
22-10-2025,Tamil Nadu,114,Moderate,53.5,80.5,20.3,5.4,0.57,61.3,2025,October,22
22-10-2025,Telangana,109,Moderate,47.7,68.6,17.4,5.7,0.54,57.9,2025,October,22
22-10-2025,Tripura,135,Moderate,54.2,106.4,19.9,6,0.83,58.7,2025,October,22
22-10-2025,Uttar Pradesh,157,Moderate,65.5,103.2,24.1,7,0.9,58.3,2025,October,22
22-10-2025,Uttarakhand,106,Moderate,45.7,66.9,19.8,5.4,0.64,63.8,2025,October,22
22-10-2025,West Bengal,101,Moderate,40.5,73.8,15.8,4.9,0.58,63.4,2025,October,22
23-10-2025,Andhra Pradesh,170,Moderate,67.9,124.3,29.7,9,0.92,55.8,2025,October,23
23-10-2025,Arunachal Pradesh,85,Satisfactory,35.5,67.9,14.5,4.4,0.39,63.2,2025,October,23
23-10-2025,Assam,145,Moderate,63.3,104.3,21.1,6.3,0.9,60.3,2025,October,23
23-10-2025,Bihar,115,Moderate,50.4,80.8,16,6,0.67,56.1,2025,October,23
23-10-2025,Chhattisgarh,115,Moderate,54.1,87.6,16.8,4.8,0.61,59.6,2025,October,23
23-10-2025,Goa,92,Satisfactory,40,64.7,13.9,3.7,0.42,58.6,2025,October,23
23-10-2025,Gujarat,109,Moderate,41.6,78.9,16.8,6.4,0.58,66.3,2025,October,23
23-10-2025,Haryana,94,Satisfactory,38.3,70.4,13.4,4.1,0.45,66.2,2025,October,23
23-10-2025,Himachal Pradesh,149,Moderate,56.9,103.7,21,7.6,0.92,58.6,2025,October,23
23-10-2025,Jharkhand,192,Moderate,77.4,140.9,29.9,10.1,1.01,55.9,2025,October,23
23-10-2025,Karnataka,119,Moderate,44.7,84.4,20.5,6.4,0.66,55.6,2025,October,23
23-10-2025,Kerala,130,Moderate,53.7,86.1,18.3,6.4,0.69,58.5,2025,October,23
23-10-2025,Madhya Pradesh,107,Moderate,42.1,78.3,16,6.1,0.68,61,2025,October,23
23-10-2025,Maharashtra,138,Moderate,58.2,96.4,21.4,7.7,0.85,57.2,2025,October,23
23-10-2025,Manipur,137,Moderate,58.3,106.5,21.9,6,0.76,55.2,2025,October,23
23-10-2025,Meghalaya,122,Moderate,54,86.8,17.8,7,0.77,55.2,2025,October,23
23-10-2025,Mizoram,140,Moderate,64.8,103.6,21.7,7.3,0.82,60.5,2025,October,23
23-10-2025,Nagaland,153,Moderate,66.8,119.4,27,7.7,0.9,55,2025,October,23
23-10-2025,Odisha,150,Moderate,62.9,106.7,21.9,8.1,0.84,62.1,2025,October,23
23-10-2025,Punjab,141,Moderate,56.4,110.3,23.4,7.6,0.81,63.5,2025,October,23
23-10-2025,Rajasthan,101,Moderate,47.9,66.6,17.7,4.7,0.6,57,2025,October,23
23-10-2025,Sikkim,145,Moderate,58.3,99.5,25.3,7.7,0.75,53.6,2025,October,23
23-10-2025,Tamil Nadu,142,Moderate,58.7,95.8,21.5,6.4,0.73,59.7,2025,October,23
23-10-2025,Telangana,101,Moderate,41.4,79.3,16,6,0.57,62.1,2025,October,23
23-10-2025,Tripura,135,Moderate,57,92,19.1,6.7,0.69,64.1,2025,October,23
23-10-2025,Uttar Pradesh,159,Moderate,69.3,124.3,28.2,8.6,0.93,53.8,2025,October,23
23-10-2025,Uttarakhand,108,Moderate,44.5,86.7,20.2,5.7,0.5,63.7,2025,October,23
23-10-2025,West Bengal,74,Satisfactory,32.9,60.4,10.2,2.8,0.34,63.6,2025,October,23
24-10-2025,Andhra Pradesh,162,Moderate,66.4,112.3,26.4,9,0.87,53.9,2025,October,24
24-10-2025,Arunachal Pradesh,82,Satisfactory,32.9,60.5,11,3.2,0.55,66.8,2025,October,24
24-10-2025,Assam,162,Moderate,73.5,124.3,24.5,8.5,0.99,56.1,2025,October,24
24-10-2025,Bihar,140,Moderate,57.1,101.8,21.2,6,0.69,57.7,2025,October,24
24-10-2025,Chhattisgarh,134,Moderate,53.9,90.8,22.9,7.1,0.77,62.6,2025,October,24
24-10-2025,Goa,87,Satisfactory,38.2,67.5,14.6,4.2,0.53,65,2025,October,24
24-10-2025,Gujarat,102,Moderate,39.1,79.6,13.8,5.1,0.56,65.3,2025,October,24
24-10-2025,Haryana,99,Satisfactory,45.7,66.1,16.8,5.3,0.62,63.2,2025,October,24
24-10-2025,Himachal Pradesh,168,Moderate,65.6,115.4,29.2,8.5,0.87,58,2025,October,24
24-10-2025,Jharkhand,184,Moderate,72.8,131.1,32,8.3,0.94,56.3,2025,October,24
24-10-2025,Karnataka,116,Moderate,43.5,75.9,20.6,4.9,0.61,61.4,2025,October,24
24-10-2025,Kerala,148,Moderate,64.1,111,26.6,7.5,0.79,61.4,2025,October,24
24-10-2025,Madhya Pradesh,88,Satisfactory,39.1,62,11.3,3.8,0.39,64.1,2025,October,24
24-10-2025,Maharashtra,172,Moderate,69.1,117.9,24.9,8.4,0.93,54.5,2025,October,24
24-10-2025,Manipur,182,Moderate,77.8,125.1,29.1,8.7,1.08,54.2,2025,October,24
24-10-2025,Meghalaya,110,Moderate,51.1,88,17.8,5.3,0.57,64,2025,October,24
24-10-2025,Mizoram,145,Moderate,58.7,113.7,21.2,7.5,0.73,62.3,2025,October,24
24-10-2025,Nagaland,147,Moderate,61.5,100.5,22.8,8.3,0.75,56,2025,October,24
24-10-2025,Odisha,153,Moderate,62.3,116.8,23.7,7.2,0.78,58.2,2025,October,24
24-10-2025,Punjab,164,Moderate,63.7,122,25.1,7.2,0.87,59.6,2025,October,24
24-10-2025,Rajasthan,83,Satisfactory,35.3,62.2,11.7,4.8,0.43,64.1,2025,October,24
24-10-2025,Sikkim,173,Moderate,67.6,121.9,27.7,9.4,0.92,58.4,2025,October,24
24-10-2025,Tamil Nadu,156,Moderate,63.9,103.1,23.3,8,0.85,58.7,2025,October,24
24-10-2025,Telangana,129,Moderate,48.9,94.6,22.4,5.9,0.71,56.1,2025,October,24
24-10-2025,Tripura,144,Moderate,54.6,97.5,21.5,6.3,0.85,60.9,2025,October,24
24-10-2025,Uttar Pradesh,147,Moderate,59,97.3,26.5,7.8,0.81,56.1,2025,October,24
24-10-2025,Uttarakhand,88,Satisfactory,37.7,66.7,11.3,5.1,0.53,66,2025,October,24
24-10-2025,West Bengal,92,Satisfactory,34.3,75.7,16.8,5.3,0.41,62.2,2025,October,24
25-10-2025,Andhra Pradesh,162,Moderate,73.4,111.7,26.1,7.2,0.93,55.5,2025,October,25
25-10-2025,Arunachal Pradesh,100,Satisfactory,47.9,66.5,15.4,5.2,0.61,61.2,2025,October,25
25-10-2025,Assam,157,Moderate,67.4,107.2,25.1,7.5,0.87,52.6,2025,October,25
25-10-2025,Bihar,111,Moderate,42.9,80.1,20,5,0.64,62.2,2025,October,25
25-10-2025,Chhattisgarh,111,Moderate,42.6,70.8,19.2,5.6,0.63,57.9,2025,October,25
25-10-2025,Goa,101,Moderate,46.4,77.5,16.7,5,0.54,66.6,2025,October,25
25-10-2025,Gujarat,95,Satisfactory,39.2,65.7,16.2,5.4,0.52,67.1,2025,October,25
25-10-2025,Haryana,99,Satisfactory,45.5,78.4,13.9,5.3,0.61,63.2,2025,October,25
25-10-2025,Himachal Pradesh,189,Moderate,76,138.9,32.9,8.6,1.03,52.1,2025,October,25
25-10-2025,Jharkhand,178,Moderate,77.2,129.4,27.7,9.2,0.95,52.9,2025,October,25
25-10-2025,Karnataka,105,Moderate,43.5,80.3,19.3,5.7,0.62,66.6,2025,October,25
25-10-2025,Kerala,170,Moderate,69.9,126.8,24.7,9.4,0.93,59.4,2025,October,25
25-10-2025,Madhya Pradesh,84,Satisfactory,40.9,54.8,14,3.5,0.48,61.1,2025,October,25
25-10-2025,Maharashtra,147,Moderate,61.8,103.6,23.4,7.7,0.85,54.8,2025,October,25
25-10-2025,Manipur,148,Moderate,57.4,113,23.1,6.7,0.89,62.7,2025,October,25
25-10-2025,Meghalaya,109,Moderate,48.8,70,18.2,4.6,0.65,59.4,2025,October,25
25-10-2025,Mizoram,137,Moderate,62.5,104.8,20.9,6.6,0.71,56.1,2025,October,25
25-10-2025,Nagaland,177,Moderate,77.2,136.3,27.3,8.6,0.93,50.9,2025,October,25
25-10-2025,Odisha,151,Moderate,65.2,108.8,23.2,8.3,0.81,61.5,2025,October,25
25-10-2025,Punjab,157,Moderate,71.3,118.1,22.7,7.7,0.79,60.7,2025,October,25
25-10-2025,Rajasthan,70,Satisfactory,25,52.6,14,4.3,0.35,59.8,2025,October,25
25-10-2025,Sikkim,167,Moderate,65.3,121.7,26.1,8.3,0.98,58.1,2025,October,25
25-10-2025,Tamil Nadu,121,Moderate,46.1,89.9,17,6.1,0.59,57.3,2025,October,25
25-10-2025,Telangana,136,Moderate,59.7,104,22.9,6.5,0.7,63.8,2025,October,25
25-10-2025,Tripura,149,Moderate,62.4,106.4,24.4,8,0.82,60.5,2025,October,25
25-10-2025,Uttar Pradesh,160,Moderate,72.6,117.2,22.9,8.9,0.88,60.7,2025,October,25
25-10-2025,Uttarakhand,105,Moderate,49.8,69.8,16.5,6.2,0.67,58.3,2025,October,25
25-10-2025,West Bengal,87,Satisfactory,31.6,57,13.8,4.9,0.54,61.5,2025,October,25
26-10-2025,Andhra Pradesh,131,Moderate,58.7,98.6,23.8,6,0.65,63.3,2025,October,26
26-10-2025,Arunachal Pradesh,65,Satisfactory,22.5,38.4,9.2,2.3,0.46,62.2,2025,October,26
26-10-2025,Assam,160,Moderate,71.7,115.3,26.5,7.4,0.8,53,2025,October,26
26-10-2025,Bihar,116,Moderate,49.7,81.3,20.2,6,0.62,65.2,2025,October,26
26-10-2025,Chhattisgarh,140,Moderate,63.5,102.4,22.9,6.3,0.85,62,2025,October,26
26-10-2025,Goa,93,Satisfactory,35,57.9,17,5.1,0.58,63.2,2025,October,26
26-10-2025,Gujarat,93,Satisfactory,35.2,59.4,13.4,4.2,0.51,62.7,2025,October,26
26-10-2025,Haryana,75,Satisfactory,30,57.7,12.8,3.5,0.45,65.4,2025,October,26
26-10-2025,Himachal Pradesh,149,Moderate,63.1,99.2,21.1,7.1,0.93,62.7,2025,October,26
26-10-2025,Jharkhand,151,Moderate,59.6,116.3,24,8.1,0.84,57.2,2025,October,26
26-10-2025,Karnataka,116,Moderate,50.8,90.3,18.9,5.3,0.61,60.2,2025,October,26
26-10-2025,Kerala,156,Moderate,63.4,113.6,23.9,8.4,0.89,55.1,2025,October,26
26-10-2025,Madhya Pradesh,90,Satisfactory,40.5,69,13.3,4.3,0.41,67.6,2025,October,26
26-10-2025,Maharashtra,151,Moderate,64.8,104.8,24.6,6.6,0.81,53.9,2025,October,26
26-10-2025,Manipur,163,Moderate,74.1,119.8,28.3,8.9,0.81,58.7,2025,October,26
26-10-2025,Meghalaya,142,Moderate,64.3,92.7,23.4,7.6,0.75,60.4,2025,October,26
26-10-2025,Mizoram,148,Moderate,60.7,109.3,24.3,7.5,0.83,59.3,2025,October,26
26-10-2025,Nagaland,147,Moderate,66.6,104.7,23.2,6.5,0.8,59.7,2025,October,26
26-10-2025,Odisha,160,Moderate,71.5,109.8,23.5,7,0.8,62.2,2025,October,26
26-10-2025,Punjab,163,Moderate,71.3,113.2,24.7,8.7,0.83,61.1,2025,October,26
26-10-2025,Rajasthan,91,Satisfactory,37.5,55.5,15.9,5.4,0.6,67.4,2025,October,26
26-10-2025,Sikkim,174,Moderate,78.9,132.4,28.8,8.4,1.03,54.2,2025,October,26
26-10-2025,Tamil Nadu,154,Moderate,63.8,120.5,26.8,8.3,0.78,59.9,2025,October,26
26-10-2025,Telangana,142,Moderate,59.8,108.4,20.2,7.2,0.76,57.6,2025,October,26
26-10-2025,Tripura,154,Moderate,65.9,110.3,24,7.6,0.86,60.9,2025,October,26
26-10-2025,Uttar Pradesh,174,Moderate,77.4,131.8,26.7,9.3,1.05,54.7,2025,October,26
26-10-2025,Uttarakhand,108,Moderate,43.6,69,15.8,5.6,0.55,61.5,2025,October,26
26-10-2025,West Bengal,113,Moderate,51,91.1,18.8,5,0.58,56.9,2025,October,26
27-10-2025,Andhra Pradesh,167,Moderate,64.7,118,26.2,7.4,1.01,52.8,2025,October,27
27-10-2025,Arunachal Pradesh,95,Satisfactory,40,63.5,15.4,4.4,0.44,66.4,2025,October,27
27-10-2025,Assam,167,Moderate,66.3,126.5,25.5,9.2,0.89,58.4,2025,October,27
27-10-2025,Bihar,101,Moderate,39.7,73.7,15,4.5,0.48,57.5,2025,October,27
27-10-2025,Chhattisgarh,134,Moderate,60.5,104.6,21.1,6.8,0.81,62,2025,October,27
27-10-2025,Goa,91,Satisfactory,42.4,57.9,16.2,3.6,0.43,64.9,2025,October,27
27-10-2025,Gujarat,125,Moderate,49.7,89.2,19.3,5.9,0.71,59.8,2025,October,27
27-10-2025,Haryana,78,Satisfactory,38.7,48,9.7,3.4,0.43,65.8,2025,October,27
27-10-2025,Himachal Pradesh,168,Moderate,72.4,127,29.4,9,0.95,56.9,2025,October,27
27-10-2025,Jharkhand,172,Moderate,69.6,114.9,27.6,9.5,1.04,51.4,2025,October,27
27-10-2025,Karnataka,85,Satisfactory,34.2,65.9,11.2,3.7,0.42,61.3,2025,October,27
27-10-2025,Kerala,130,Moderate,54.6,92.6,18,6.6,0.79,63.8,2025,October,27
27-10-2025,Madhya Pradesh,73,Satisfactory,31,62.2,10.3,4.5,0.42,63.7,2025,October,27
27-10-2025,Maharashtra,145,Moderate,64.3,104.9,22.3,7.4,0.86,62.4,2025,October,27
27-10-2025,Manipur,173,Moderate,69.2,120.5,25.2,8.4,0.98,58,2025,October,27
27-10-2025,Meghalaya,126,Moderate,51.9,97.5,21.3,5.4,0.77,64.5,2025,October,27
27-10-2025,Mizoram,118,Moderate,50.7,78.1,21,5.8,0.58,61.7,2025,October,27
27-10-2025,Nagaland,184,Moderate,80.2,140.5,28.2,9,1.12,55.2,2025,October,27
27-10-2025,Odisha,118,Moderate,50.2,89.3,16.1,6.6,0.74,60.9,2025,October,27
27-10-2025,Punjab,169,Moderate,69.1,116.8,29.8,7.6,0.89,55,2025,October,27
27-10-2025,Rajasthan,118,Moderate,55.3,93.8,16.4,5.3,0.73,57.4,2025,October,27
27-10-2025,Sikkim,133,Moderate,57,93.5,22.8,7.6,0.73,60.8,2025,October,27
27-10-2025,Tamil Nadu,144,Moderate,57.8,94.2,24.2,7.7,0.87,55.9,2025,October,27
27-10-2025,Telangana,116,Moderate,43.5,86.2,18.5,5.9,0.67,56.6,2025,October,27
27-10-2025,Tripura,138,Moderate,62.6,97.2,20.4,6.1,0.68,54,2025,October,27
27-10-2025,Uttar Pradesh,152,Moderate,66.7,104.5,24.1,7.2,0.79,60.6,2025,October,27
27-10-2025,Uttarakhand,102,Moderate,43.8,74.6,14.1,4.4,0.64,65.6,2025,October,27
27-10-2025,West Bengal,86,Satisfactory,38.8,59.8,16,4.8,0.38,62.3,2025,October,27
28-10-2025,Andhra Pradesh,141,Moderate,55.7,93.3,19.6,6.3,0.82,60.8,2025,October,28
28-10-2025,Arunachal Pradesh,110,Moderate,43.7,80.1,17,5.9,0.65,58.2,2025,October,28
28-10-2025,Assam,134,Moderate,61.8,102.1,19.6,6.1,0.7,59,2025,October,28
28-10-2025,Bihar,93,Satisfactory,42.6,59.3,14.9,4,0.61,57.7,2025,October,28
28-10-2025,Chhattisgarh,126,Moderate,47.5,95,18.7,5.4,0.73,62.9,2025,October,28
28-10-2025,Goa,92,Satisfactory,33.3,62.6,12.7,5.5,0.52,65.8,2025,October,28
28-10-2025,Gujarat,118,Moderate,53.1,81.4,18.3,6.3,0.65,55.7,2025,October,28
28-10-2025,Haryana,65,Satisfactory,26.4,47.9,13.2,3.7,0.45,67.1,2025,October,28
28-10-2025,Himachal Pradesh,176,Moderate,79.3,134.5,31,9.3,0.89,57.1,2025,October,28
28-10-2025,Jharkhand,181,Moderate,70.6,135.4,30,10,0.95,52.1,2025,October,28
28-10-2025,Karnataka,111,Moderate,42.2,89.1,17.2,5.4,0.64,61.9,2025,October,28
28-10-2025,Kerala,156,Moderate,68,108.4,24.9,7.9,0.89,57.6,2025,October,28
28-10-2025,Madhya Pradesh,108,Moderate,51.2,87.1,16.1,5.2,0.6,61.7,2025,October,28
28-10-2025,Maharashtra,166,Moderate,68.8,128,25.1,8.2,0.9,54.9,2025,October,28
28-10-2025,Manipur,143,Moderate,58.5,104.7,21.7,7.9,0.77,63.2,2025,October,28
28-10-2025,Meghalaya,96,Satisfactory,39.3,70.6,12.4,4.2,0.59,57.7,2025,October,28
28-10-2025,Mizoram,134,Moderate,59.5,89.7,22.3,7.4,0.7,60.1,2025,October,28
28-10-2025,Nagaland,160,Moderate,72.3,123.5,24.3,7.7,0.94,52.7,2025,October,28
28-10-2025,Odisha,136,Moderate,60.9,107.5,24.1,6.5,0.7,55.1,2025,October,28
28-10-2025,Punjab,159,Moderate,61.4,115.7,24.8,8.5,0.86,53.1,2025,October,28
28-10-2025,Rajasthan,74,Satisfactory,31,45.3,11.1,3.6,0.41,62.3,2025,October,28
28-10-2025,Sikkim,151,Moderate,61.3,115.2,21.8,7.3,0.8,58.7,2025,October,28
28-10-2025,Tamil Nadu,138,Moderate,58.7,94.9,21.4,7.4,0.72,61.8,2025,October,28
28-10-2025,Telangana,106,Moderate,39.9,69.7,18.4,4.4,0.6,57.7,2025,October,28
28-10-2025,Tripura,129,Moderate,52.3,92.5,19,6.9,0.66,59.3,2025,October,28
28-10-2025,Uttar Pradesh,168,Moderate,67.7,116.7,26.9,8,0.96,58.1,2025,October,28
28-10-2025,Uttarakhand,84,Satisfactory,34.4,53.6,11.5,3.4,0.47,60.5,2025,October,28
28-10-2025,West Bengal,76,Satisfactory,29.4,59.9,9.4,3.4,0.47,68.7,2025,October,28
29-10-2025,Andhra Pradesh,135,Moderate,59,104,21.8,7.3,0.75,56.9,2025,October,29
29-10-2025,Arunachal Pradesh,104,Moderate,39.5,71.6,15.7,5.1,0.56,66.4,2025,October,29
29-10-2025,Assam,155,Moderate,69.1,119.9,23,6.9,0.89,62.1,2025,October,29
29-10-2025,Bihar,111,Moderate,42.9,72.4,15.6,5.8,0.55,62.8,2025,October,29
29-10-2025,Chhattisgarh,123,Moderate,53.1,86,18.4,6.9,0.76,59.2,2025,October,29
29-10-2025,Goa,128,Moderate,58.5,91.6,20.8,6.3,0.71,62.5,2025,October,29
29-10-2025,Gujarat,108,Moderate,49.1,71,18.8,4.7,0.68,64.4,2025,October,29
29-10-2025,Haryana,78,Satisfactory,29.8,61.4,15.2,4.6,0.41,68.7,2025,October,29
29-10-2025,Himachal Pradesh,152,Moderate,59.3,112.9,22,7.4,0.76,62.4,2025,October,29
29-10-2025,Jharkhand,156,Moderate,64.9,106,23.7,8.6,0.83,54.5,2025,October,29
29-10-2025,Karnataka,131,Moderate,51.3,90.1,23.3,6.9,0.74,62,2025,October,29
29-10-2025,Kerala,151,Moderate,69,114.7,23.3,6.6,0.77,59.2,2025,October,29
29-10-2025,Madhya Pradesh,108,Moderate,40.3,69.7,18.8,4.8,0.56,66.1,2025,October,29
29-10-2025,Maharashtra,138,Moderate,58.8,107.2,22.1,6.4,0.69,57.3,2025,October,29
29-10-2025,Manipur,141,Moderate,61.6,101.3,24.8,7.2,0.87,57.3,2025,October,29
29-10-2025,Meghalaya,98,Satisfactory,40.9,73.2,12.7,3.9,0.44,60.6,2025,October,29
29-10-2025,Mizoram,133,Moderate,52.8,95.2,23.9,7.1,0.82,59,2025,October,29
29-10-2025,Nagaland,184,Moderate,71.7,124.5,28.4,8.7,1,56.7,2025,October,29
29-10-2025,Odisha,132,Moderate,53.9,90.2,20.8,7.1,0.8,54.6,2025,October,29
29-10-2025,Punjab,184,Moderate,74.5,136,30.9,9.2,1.1,55.2,2025,October,29
29-10-2025,Rajasthan,88,Satisfactory,35.5,68.6,13.4,3.9,0.55,63,2025,October,29
29-10-2025,Sikkim,147,Moderate,62.5,99.7,24.5,8.2,0.86,56.5,2025,October,29
29-10-2025,Tamil Nadu,128,Moderate,49.4,93.9,21.8,7.3,0.66,64.2,2025,October,29
29-10-2025,Telangana,104,Moderate,41.1,76.3,18,5.2,0.48,57.3,2025,October,29
29-10-2025,Tripura,145,Moderate,57.3,96.4,24.2,7.7,0.75,54.4,2025,October,29
29-10-2025,Uttar Pradesh,155,Moderate,67.3,120.4,23.2,8,0.9,53,2025,October,29
29-10-2025,Uttarakhand,133,Moderate,61.6,93.8,24.3,7.2,0.73,58.9,2025,October,29
29-10-2025,West Bengal,88,Satisfactory,35.5,58.9,13.2,3.8,0.52,64.3,2025,October,29
30-10-2025,Andhra Pradesh,142,Moderate,59.9,109.6,25.4,6.4,0.8,62,2025,October,30
30-10-2025,Arunachal Pradesh,112,Moderate,44.3,79.7,18.6,5.2,0.61,59.6,2025,October,30
30-10-2025,Assam,162,Moderate,68.5,111.6,26.5,8.9,0.81,59.7,2025,October,30
30-10-2025,Bihar,102,Moderate,40,82.4,19.1,5,0.57,61.8,2025,October,30
30-10-2025,Chhattisgarh,139,Moderate,60.1,95.3,22.8,6.7,0.68,58.6,2025,October,30
30-10-2025,Goa,93,Satisfactory,41.6,76.6,12.7,4.3,0.55,57.6,2025,October,30
30-10-2025,Gujarat,98,Satisfactory,43.4,66,14.4,4.8,0.63,60.4,2025,October,30
30-10-2025,Haryana,98,Satisfactory,39,69.9,16.6,4.8,0.47,59.4,2025,October,30
30-10-2025,Himachal Pradesh,171,Moderate,69.8,113.2,28.7,9.4,0.87,51.5,2025,October,30
30-10-2025,Jharkhand,185,Moderate,80.7,126.5,30.3,8.7,0.98,50.9,2025,October,30
30-10-2025,Karnataka,87,Satisfactory,38,66.8,16.4,5.1,0.46,59.1,2025,October,30
30-10-2025,Kerala,130,Moderate,56.3,98.4,23.3,5.5,0.75,58.1,2025,October,30
30-10-2025,Madhya Pradesh,115,Moderate,44.9,75.9,19.6,4.8,0.63,57.4,2025,October,30
30-10-2025,Maharashtra,162,Moderate,71.5,124.3,27.4,8.2,0.97,54.9,2025,October,30
30-10-2025,Manipur,170,Moderate,76.6,124.9,27.5,7.6,0.96,54.9,2025,October,30
30-10-2025,Meghalaya,110,Moderate,45.1,87.6,16.7,6.4,0.58,63.4,2025,October,30
30-10-2025,Mizoram,122,Moderate,51.5,96.1,18.1,5.3,0.69,63.3,2025,October,30
30-10-2025,Nagaland,138,Moderate,62.4,100.9,23.2,7,0.84,58.8,2025,October,30
30-10-2025,Odisha,118,Moderate,54.5,93.5,17.3,5,0.57,57.1,2025,October,30
30-10-2025,Punjab,178,Moderate,76.4,132,29.6,9.5,1.06,54.3,2025,October,30
30-10-2025,Rajasthan,84,Satisfactory,34,59.7,12.3,4.5,0.44,62.8,2025,October,30
30-10-2025,Sikkim,150,Moderate,63.6,117.1,26.5,7.4,0.74,61.9,2025,October,30
30-10-2025,Tamil Nadu,108,Moderate,49.1,81,16.2,6.3,0.64,66,2025,October,30
30-10-2025,Telangana,125,Moderate,52.9,96,22.8,7.2,0.62,59.7,2025,October,30
30-10-2025,Tripura,169,Moderate,71.6,122.2,26.1,9.1,0.87,56,2025,October,30
30-10-2025,Uttar Pradesh,178,Moderate,72.6,125.1,31.1,9.3,1.07,54.5,2025,October,30
30-10-2025,Uttarakhand,134,Moderate,51.5,95.4,19.7,7.6,0.74,56.4,2025,October,30
30-10-2025,West Bengal,76,Satisfactory,29.6,64,14.1,4.5,0.39,66.4,2025,October,30
31-10-2025,Andhra Pradesh,143,Moderate,62.9,109.1,23,6.2,0.77,60,2025,October,31
31-10-2025,Arunachal Pradesh,65,Satisfactory,27.8,48.1,11.3,3.4,0.41,61.9,2025,October,31
31-10-2025,Assam,136,Moderate,51.8,92.6,18.9,7.3,0.77,54.9,2025,October,31
31-10-2025,Bihar,113,Moderate,47.5,80.3,17.2,5.2,0.55,59.4,2025,October,31
31-10-2025,Chhattisgarh,117,Moderate,51.8,90.5,20.9,5.1,0.59,56.3,2025,October,31
31-10-2025,Goa,115,Moderate,49.2,76.2,19,5.3,0.71,60.3,2025,October,31
31-10-2025,Gujarat,109,Moderate,50.6,76.3,15.6,6.1,0.56,58.4,2025,October,31
31-10-2025,Haryana,84,Satisfactory,41,63.9,11.7,3.7,0.38,63.2,2025,October,31
31-10-2025,Himachal Pradesh,150,Moderate,64.1,107.8,24.7,7.1,0.75,60.9,2025,October,31
31-10-2025,Jharkhand,166,Moderate,63.7,121.7,28.6,8,0.84,58.7,2025,October,31
31-10-2025,Karnataka,135,Moderate,51.1,98.2,18.6,6.9,0.8,54.8,2025,October,31
31-10-2025,Kerala,180,Moderate,71.8,124.9,26.3,9.5,0.95,55.8,2025,October,31
31-10-2025,Madhya Pradesh,79,Satisfactory,39,63.2,12.7,3,0.46,67.1,2025,October,31
31-10-2025,Maharashtra,137,Moderate,57.8,105.3,20.9,7.2,0.69,63.3,2025,October,31
31-10-2025,Manipur,150,Moderate,61.3,117.5,23.9,7.7,0.76,57.4,2025,October,31
31-10-2025,Meghalaya,138,Moderate,61.2,94.7,22.7,5.9,0.81,60.2,2025,October,31
31-10-2025,Mizoram,153,Moderate,66.8,109.4,26.3,6.7,0.93,56.5,2025,October,31
31-10-2025,Nagaland,142,Moderate,58.7,106.8,25.2,6.7,0.84,59.8,2025,October,31
31-10-2025,Odisha,135,Moderate,53.3,95.6,21.8,6,0.67,63.6,2025,October,31
31-10-2025,Punjab,142,Moderate,57.9,108.8,23.2,6.1,0.71,62.5,2025,October,31
31-10-2025,Rajasthan,100,Satisfactory,44.8,81.8,18.9,5.6,0.59,65.8,2025,October,31
31-10-2025,Sikkim,125,Moderate,48.5,85.9,22.8,6,0.79,64.3,2025,October,31
31-10-2025,Tamil Nadu,148,Moderate,65.3,112.6,24.9,7.2,0.75,61.3,2025,October,31
31-10-2025,Telangana,128,Moderate,51.2,84.7,18.7,5.9,0.65,60.6,2025,October,31
31-10-2025,Tripura,171,Moderate,67.1,128.4,24.4,9.4,0.96,55.6,2025,October,31
31-10-2025,Uttar Pradesh,152,Moderate,65.6,104.4,24.2,7.5,0.79,55.5,2025,October,31
31-10-2025,Uttarakhand,91,Satisfactory,40.7,70.6,14.8,5.4,0.49,63,2025,October,31
31-10-2025,West Bengal,79,Satisfactory,30.1,61,11.7,3.2,0.49,66.4,2025,October,31
01-11-2025,Andhra Pradesh,168,Moderate,66.7,111.6,25.9,8.4,0.87,61,2025,November,1
01-11-2025,Arunachal Pradesh,147,Moderate,56.9,115.7,21.4,8,0.8,55.2,2025,November,1
01-11-2025,Assam,185,Moderate,78.2,134.7,31.7,8.5,0.97,57.2,2025,November,1
01-11-2025,Bihar,142,Moderate,62,111.9,25.1,7.4,0.81,60.1,2025,November,1
01-11-2025,Chhattisgarh,178,Moderate,69.8,133.2,27.1,9.3,0.94,52.6,2025,November,1
01-11-2025,Goa,179,Moderate,77.4,123.4,30.4,9.5,0.97,59.6,2025,November,1
01-11-2025,Gujarat,148,Moderate,65.2,103.4,24.8,7.6,0.88,61.4,2025,November,1
01-11-2025,Haryana,142,Moderate,58.9,97.5,22.1,6.6,0.89,59.6,2025,November,1
01-11-2025,Himachal Pradesh,191,Moderate,84.9,128.2,31.7,9,1.04,54.1,2025,November,1
01-11-2025,Jharkhand,202,Poor,84.7,147.2,33.3,10.4,1.18,51.8,2025,November,1
01-11-2025,Karnataka,140,Moderate,62.5,96.7,24.8,6.4,0.84,61.4,2025,November,1
01-11-2025,Kerala,189,Moderate,83.7,136.7,31.8,9,1.04,49.9,2025,November,1
01-11-2025,Madhya Pradesh,156,Moderate,68.4,111.2,26.2,8.4,0.79,59.9,2025,November,1
01-11-2025,Maharashtra,172,Moderate,76.7,121.9,25.6,8.1,0.87,57.3,2025,November,1
01-11-2025,Manipur,223,Poor,90.1,158.5,38.2,11.6,1.32,51.1,2025,November,1
01-11-2025,Meghalaya,180,Moderate,81.5,127.8,26.3,9.2,1.02,59.8,2025,November,1
01-11-2025,Mizoram,174,Moderate,67.2,125.7,29.8,9.4,0.92,51.8,2025,November,1
01-11-2025,Nagaland,190,Moderate,76.4,143.6,33.2,8.8,1.14,50.8,2025,November,1
01-11-2025,Odisha,184,Moderate,83.2,126.7,27.5,9.9,1.12,51.8,2025,November,1
01-11-2025,Punjab,198,Moderate,78.8,136.9,31.6,9.1,1.11,50.6,2025,November,1
01-11-2025,Rajasthan,135,Moderate,52.9,104.7,21.4,6.5,0.67,55.8,2025,November,1
01-11-2025,Sikkim,213,Poor,83.7,155.2,31.8,11.4,1.27,50,2025,November,1
01-11-2025,Tamil Nadu,200,Moderate,86.4,148.8,33.9,10.6,1.17,55.5,2025,November,1
01-11-2025,Telangana,140,Moderate,55.9,99.3,22,6.2,0.71,62.9,2025,November,1
01-11-2025,Tripura,181,Moderate,75.4,138.5,30,9.3,1.01,59.9,2025,November,1
01-11-2025,Uttar Pradesh,220,Poor,94.7,155.3,33,10.5,1.19,52.1,2025,November,1
01-11-2025,Uttarakhand,152,Moderate,62.6,111.7,24,7.8,0.85,62.3,2025,November,1
01-11-2025,West Bengal,133,Moderate,51.4,88.5,20.1,5.8,0.78,62.9,2025,November,1
02-11-2025,Andhra Pradesh,194,Moderate,75.7,146.1,33.2,8.7,1.03,57.4,2025,November,2
02-11-2025,Arunachal Pradesh,160,Moderate,67.4,125.1,26.2,7.9,0.95,56.4,2025,November,2
02-11-2025,Assam,192,Moderate,78.2,141.6,31.5,8.8,1.14,49.8,2025,November,2
02-11-2025,Bihar,140,Moderate,58.1,104.5,19.8,7.9,0.87,59.6,2025,November,2
02-11-2025,Chhattisgarh,157,Moderate,71.4,119.4,27.2,7.6,0.88,56.9,2025,November,2
02-11-2025,Goa,164,Moderate,65,113,26.2,7.7,0.97,55.9,2025,November,2
02-11-2025,Gujarat,149,Moderate,62.6,116.6,24.9,6.8,0.87,61.5,2025,November,2
02-11-2025,Haryana,111,Moderate,52.4,87.7,14.9,5,0.58,62.5,2025,November,2
02-11-2025,Himachal Pradesh,220,Poor,88.8,162.4,36.6,11,1.26,55.6,2025,November,2
02-11-2025,Jharkhand,232,Poor,94.3,173.2,34.7,10.7,1.21,48.9,2025,November,2
02-11-2025,Karnataka,142,Moderate,62.5,106,23.9,7.7,0.85,59.7,2025,November,2
02-11-2025,Kerala,218,Poor,86.9,148.9,37.4,10.9,1.23,47.9,2025,November,2
02-11-2025,Madhya Pradesh,136,Moderate,62.3,89.4,23.5,6.1,0.7,63.1,2025,November,2
02-11-2025,Maharashtra,182,Moderate,79.2,122,30.6,8.4,1.02,54.9,2025,November,2
02-11-2025,Manipur,188,Moderate,81.3,142.6,32.2,10.4,1.03,55.2,2025,November,2
02-11-2025,Meghalaya,166,Moderate,73.8,116,25.5,7.8,0.96,59.6,2025,November,2
02-11-2025,Mizoram,213,Poor,90.7,147.7,36,11.2,1.25,49.8,2025,November,2
02-11-2025,Nagaland,199,Moderate,80.6,148.8,31,9.8,1.05,49.6,2025,November,2
02-11-2025,Odisha,205,Poor,89.3,147.4,34,9.5,1.18,50.1,2025,November,2
02-11-2025,Punjab,196,Moderate,80.5,137.9,30.9,10,1.14,55.3,2025,November,2
02-11-2025,Rajasthan,120,Moderate,45,93.7,21.5,6,0.65,58.7,2025,November,2
02-11-2025,Sikkim,195,Moderate,76.3,132.3,29.2,9.2,1.1,55.6,2025,November,2
02-11-2025,Tamil Nadu,186,Moderate,74.1,137.5,30.8,8.9,1.11,54.6,2025,November,2
02-11-2025,Telangana,153,Moderate,65.6,118.9,27.1,8.3,0.89,62.8,2025,November,2
02-11-2025,Tripura,195,Moderate,87.7,134.3,32.2,9.8,1.15,51.7,2025,November,2
02-11-2025,Uttar Pradesh,205,Poor,91.9,153.3,31,10.1,1.23,51.6,2025,November,2
02-11-2025,Uttarakhand,145,Moderate,64.4,99.9,24.5,6.7,0.72,54.1,2025,November,2
02-11-2025,West Bengal,147,Moderate,63.5,106,24.4,7.6,0.73,61,2025,November,2
03-11-2025,Andhra Pradesh,191,Moderate,78.7,130,32.7,9.4,1.02,55.4,2025,November,3
03-11-2025,Arunachal Pradesh,154,Moderate,69.4,102.7,27.3,7.9,0.92,56.8,2025,November,3
03-11-2025,Assam,183,Moderate,79.1,136.5,26.7,9.6,1.12,51,2025,November,3
03-11-2025,Bihar,163,Moderate,63.2,110.7,26,7.4,0.92,58.8,2025,November,3
03-11-2025,Chhattisgarh,142,Moderate,61.5,108.4,24,7.7,0.86,56.6,2025,November,3
03-11-2025,Goa,174,Moderate,70,120.5,26.8,9.3,0.93,59.6,2025,November,3
03-11-2025,Gujarat,166,Moderate,65.1,115,25.1,8,0.94,60.1,2025,November,3
03-11-2025,Haryana,156,Moderate,65.1,113.4,25,7.3,0.94,60.8,2025,November,3
03-11-2025,Himachal Pradesh,234,Poor,97.3,174.6,38.6,12.6,1.34,55.4,2025,November,3
03-11-2025,Jharkhand,240,Poor,104.3,164.3,38.8,11.3,1.35,50.7,2025,November,3
03-11-2025,Karnataka,177,Moderate,70.2,119.9,25.7,9.7,1.01,54.2,2025,November,3
03-11-2025,Kerala,182,Moderate,72.7,135.4,27.5,9.4,0.92,58,2025,November,3
03-11-2025,Madhya Pradesh,154,Moderate,58.7,102.9,23.4,6.9,0.91,54.1,2025,November,3
03-11-2025,Maharashtra,194,Moderate,79.8,141.6,30.1,10,1,52.5,2025,November,3
03-11-2025,Manipur,225,Poor,95.5,169.1,38.9,11.8,1.25,48.2,2025,November,3
03-11-2025,Meghalaya,159,Moderate,69.4,115.2,26.8,8.4,0.96,58.2,2025,November,3
03-11-2025,Mizoram,195,Moderate,77.7,138.9,29.2,9.2,1.06,50.4,2025,November,3
03-11-2025,Nagaland,197,Moderate,82.6,132.1,34.2,9.7,1.15,50.7,2025,November,3
03-11-2025,Odisha,183,Moderate,77.1,132.2,30.1,8.7,0.93,57.1,2025,November,3
03-11-2025,Punjab,232,Poor,99.2,157.3,39.7,10.8,1.33,54.9,2025,November,3
03-11-2025,Rajasthan,162,Moderate,72.5,116.4,25.1,7.6,0.85,59.2,2025,November,3
03-11-2025,Sikkim,199,Moderate,88.7,148.4,34.2,9.5,1.02,56.5,2025,November,3
03-11-2025,Tamil Nadu,163,Moderate,66.8,113,26.3,8.1,0.99,56.2,2025,November,3
03-11-2025,Telangana,152,Moderate,65.9,100,23.1,6.6,0.81,55.7,2025,November,3
03-11-2025,Tripura,178,Moderate,73.4,118.7,30.8,8,0.95,54.2,2025,November,3
03-11-2025,Uttar Pradesh,196,Moderate,86.6,144.4,29.7,9.6,1.06,58.2,2025,November,3
03-11-2025,Uttarakhand,177,Moderate,78.3,119.2,28.7,9.6,0.92,56.2,2025,November,3
03-11-2025,West Bengal,139,Moderate,58.6,92.6,21.9,7.3,0.78,61.8,2025,November,3
04-11-2025,Andhra Pradesh,195,Moderate,84.5,134.4,33,9,1.14,53.5,2025,November,4
04-11-2025,Arunachal Pradesh,141,Moderate,55.7,102.8,24.1,7,0.79,59.7,2025,November,4
04-11-2025,Assam,174,Moderate,69.7,123.6,26.2,8.1,0.89,58.1,2025,November,4
04-11-2025,Bihar,178,Moderate,74.1,127.4,26.5,9.4,1.02,56,2025,November,4
04-11-2025,Chhattisgarh,179,Moderate,78.4,132.7,31.5,8.9,0.99,59.1,2025,November,4
04-11-2025,Goa,146,Moderate,59.4,101.9,23.5,8.3,0.75,57.3,2025,November,4
04-11-2025,Gujarat,158,Moderate,62.1,117.9,22.5,6.9,0.92,58.9,2025,November,4
04-11-2025,Haryana,156,Moderate,70.5,116.5,27,7.7,0.78,53.3,2025,November,4
04-11-2025,Himachal Pradesh,215,Poor,86.6,161,36.3,10.8,1.21,56.1,2025,November,4
04-11-2025,Jharkhand,202,Poor,90.5,138.4,31.1,10.2,1.13,50,2025,November,4
04-11-2025,Karnataka,175,Moderate,70,133,28.4,7.8,1.07,58.6,2025,November,4
04-11-2025,Kerala,189,Moderate,83.5,138,30.9,9.5,1.01,53.2,2025,November,4
04-11-2025,Madhya Pradesh,145,Moderate,63.2,112.6,25.8,7.9,0.73,59.7,2025,November,4
04-11-2025,Maharashtra,173,Moderate,70.3,130.8,29.7,8.6,0.9,54.7,2025,November,4
04-11-2025,Manipur,219,Poor,94.7,162.3,36.4,10.5,1.27,54.1,2025,November,4
04-11-2025,Meghalaya,180,Moderate,74.6,135.5,27.1,9.8,0.98,58,2025,November,4
04-11-2025,Mizoram,202,Poor,80.7,139.3,33.6,9.6,1.21,53.3,2025,November,4
04-11-2025,Nagaland,207,Poor,84.6,156.8,36,10.1,1.24,57.8,2025,November,4
04-11-2025,Odisha,179,Moderate,72.8,129.9,26.5,8.8,1.05,59.7,2025,November,4
04-11-2025,Punjab,219,Poor,93.9,156.8,34.6,10.9,1.27,51.2,2025,November,4
04-11-2025,Rajasthan,158,Moderate,60.9,107.5,24.7,6.9,0.89,54.3,2025,November,4
04-11-2025,Sikkim,172,Moderate,74.1,130.8,29.4,7.8,0.99,56.5,2025,November,4
04-11-2025,Tamil Nadu,197,Moderate,87.7,143.9,34,9.2,1.12,51.9,2025,November,4
04-11-2025,Telangana,147,Moderate,59.4,111.1,21.1,8,0.87,62.6,2025,November,4
04-11-2025,Tripura,173,Moderate,70.9,125.8,28.1,8.7,1,53.6,2025,November,4
04-11-2025,Uttar Pradesh,224,Poor,99.3,159.9,34.9,12,1.31,53.1,2025,November,4
04-11-2025,Uttarakhand,178,Moderate,69.3,124.8,26.1,8.6,1.08,59.9,2025,November,4
04-11-2025,West Bengal,149,Moderate,67.3,103.5,23.6,7.7,0.84,62.9,2025,November,4
05-11-2025,Andhra Pradesh,216,Poor,90.9,160.2,35.9,11.1,1.16,52.3,2025,November,5
05-11-2025,Arunachal Pradesh,133,Moderate,60.3,88.8,19.6,7.4,0.8,61,2025,November,5
05-11-2025,Assam,195,Moderate,84.9,141.1,29.2,9.3,1.16,50.8,2025,November,5
05-11-2025,Bihar,166,Moderate,68.8,119.5,25.9,7.5,0.96,59.4,2025,November,5
05-11-2025,Chhattisgarh,168,Moderate,67.2,125,29.7,9.1,0.99,58.1,2025,November,5
05-11-2025,Goa,157,Moderate,70.4,120.6,24.9,7.7,0.9,55.4,2025,November,5
05-11-2025,Gujarat,133,Moderate,56.8,88.6,21.4,7.2,0.7,59.7,2025,November,5
05-11-2025,Haryana,143,Moderate,57.1,98.2,24.6,6.8,0.82,57.8,2025,November,5
05-11-2025,Himachal Pradesh,211,Poor,86.5,146.9,33,11,1.25,56.1,2025,November,5
05-11-2025,Jharkhand,210,Poor,91.2,153,33.4,10.5,1.23,48.2,2025,November,5
05-11-2025,Karnataka,145,Moderate,62.3,96.7,25.9,6.8,0.81,59.7,2025,November,5
05-11-2025,Kerala,217,Poor,95.3,152.3,33.8,10.4,1.18,52.7,2025,November,5
05-11-2025,Madhya Pradesh,141,Moderate,63.7,92.4,23.1,7,0.79,58.6,2025,November,5
05-11-2025,Maharashtra,197,Moderate,78.4,150.3,28.9,9.1,1.15,55.8,2025,November,5
05-11-2025,Manipur,229,Poor,93.2,160.3,39.2,12.3,1.33,53.2,2025,November,5
05-11-2025,Meghalaya,187,Moderate,74.2,126.2,32.4,8.5,1.06,58.9,2025,November,5
05-11-2025,Mizoram,165,Moderate,66.6,125.9,23.7,8.5,0.91,58.3,2025,November,5
05-11-2025,Nagaland,214,Poor,89.1,150.6,35.8,10.6,1.23,55.8,2025,November,5
05-11-2025,Odisha,166,Moderate,64.8,113.3,25.6,9,0.87,56.5,2025,November,5
05-11-2025,Punjab,201,Poor,88.4,136.5,30,9.2,1.06,49.1,2025,November,5
05-11-2025,Rajasthan,156,Moderate,66.6,121.2,24.5,8.3,0.89,58.1,2025,November,5
05-11-2025,Sikkim,209,Poor,87.3,143.3,31.9,10.3,1.18,57.9,2025,November,5
05-11-2025,Tamil Nadu,155,Moderate,60.5,106.3,27.5,8.1,0.95,60.9,2025,November,5
05-11-2025,Telangana,178,Moderate,74.2,125.1,27.5,8.7,0.96,58.9,2025,November,5
05-11-2025,Tripura,206,Poor,80.7,149.4,32.1,10,1.08,50.8,2025,November,5
05-11-2025,Uttar Pradesh,217,Poor,93.9,152.3,35.5,11.1,1.27,52.8,2025,November,5
05-11-2025,Uttarakhand,156,Moderate,62.1,114.7,23.8,7.7,0.86,59,2025,November,5
05-11-2025,West Bengal,142,Moderate,54.3,98,23.6,7.4,0.87,60.9,2025,November,5
06-11-2025,Andhra Pradesh,184,Moderate,80.7,131.1,29.2,9.4,1.1,54.7,2025,November,6
06-11-2025,Arunachal Pradesh,133,Moderate,57.6,99,20.2,6.4,0.79,59.2,2025,November,6
06-11-2025,Assam,216,Poor,85.7,153.6,32,10.7,1.21,56,2025,November,6
06-11-2025,Bihar,138,Moderate,52.1,104,21.9,6.6,0.87,60.5,2025,November,6
06-11-2025,Chhattisgarh,161,Moderate,66.4,118.7,24.9,8.5,0.87,59.9,2025,November,6
06-11-2025,Goa,143,Moderate,62.9,96.9,20.9,7.8,0.7,55.3,2025,November,6
06-11-2025,Gujarat,159,Moderate,61.6,112.6,23,8.2,0.87,56.8,2025,November,6
06-11-2025,Haryana,150,Moderate,62.6,113.9,22.3,8.2,0.77,58.4,2025,November,6
06-11-2025,Himachal Pradesh,232,Poor,97,158.6,39.4,12.3,1.29,52.4,2025,November,6
06-11-2025,Jharkhand,197,Moderate,88,146.1,29.2,9.1,1.01,56.6,2025,November,6
06-11-2025,Karnataka,144,Moderate,66.1,108.1,22.7,7.5,0.78,59.1,2025,November,6
06-11-2025,Kerala,185,Moderate,75.1,130.6,30.5,8.3,0.98,55.2,2025,November,6
06-11-2025,Madhya Pradesh,133,Moderate,56.5,93.1,23.8,6.7,0.77,58.8,2025,November,6
06-11-2025,Maharashtra,193,Moderate,80.5,129.7,33.5,9.4,1.16,55.9,2025,November,6
06-11-2025,Manipur,200,Moderate,82,134.8,32.7,11,1.14,58.3,2025,November,6
06-11-2025,Meghalaya,151,Moderate,64,105.2,21.6,6.8,0.88,55.5,2025,November,6
06-11-2025,Mizoram,204,Poor,82.8,154,33.3,10.6,1.23,49.5,2025,November,6
06-11-2025,Nagaland,189,Moderate,75.9,140.7,29.1,10,1,58,2025,November,6
06-11-2025,Odisha,206,Poor,86.6,151.4,34.9,9.8,1.05,53.9,2025,November,6
06-11-2025,Punjab,232,Poor,99.3,168,35.6,11.6,1.36,55,2025,November,6
06-11-2025,Rajasthan,116,Moderate,51.1,86,18.3,5.9,0.68,58.9,2025,November,6
06-11-2025,Sikkim,211,Poor,92.5,152.7,34.3,11,1.11,57.7,2025,November,6
06-11-2025,Tamil Nadu,181,Moderate,71.3,121.3,31.4,9.2,1.1,56.8,2025,November,6
06-11-2025,Telangana,154,Moderate,66.5,101.9,22.4,6.9,0.84,57.1,2025,November,6
06-11-2025,Tripura,206,Poor,85.9,151.3,33,9.9,1.21,55.5,2025,November,6
06-11-2025,Uttar Pradesh,203,Poor,79.9,151.7,34,10.8,1.14,50,2025,November,6
06-11-2025,Uttarakhand,132,Moderate,61.3,90.8,24.1,7.5,0.83,56.4,2025,November,6
06-11-2025,West Bengal,127,Moderate,57.4,86.4,22.8,5.4,0.68,55.7,2025,November,6
07-11-2025,Andhra Pradesh,212,Poor,93.4,143.6,33.5,10.3,1.16,54.8,2025,November,7
07-11-2025,Arunachal Pradesh,137,Moderate,62.3,106.9,21.9,7.1,0.79,61.9,2025,November,7
07-11-2025,Assam,187,Moderate,82.1,128.1,32.3,9.1,1.1,53.8,2025,November,7
07-11-2025,Bihar,149,Moderate,62.1,110,25.2,7.9,0.89,56.5,2025,November,7
07-11-2025,Chhattisgarh,149,Moderate,59.9,100,25.2,7.2,0.91,58.5,2025,November,7
07-11-2025,Goa,165,Moderate,72.2,123.3,28.7,7.4,0.99,60.2,2025,November,7
07-11-2025,Gujarat,134,Moderate,55.3,91.9,20.3,7.7,0.67,60.3,2025,November,7
07-11-2025,Haryana,131,Moderate,50.3,87.7,18,6.7,0.69,62.6,2025,November,7
07-11-2025,Himachal Pradesh,202,Poor,79.4,137.8,29.4,9.8,1.1,51.9,2025,November,7
07-11-2025,Jharkhand,197,Moderate,80.2,143.8,30.8,10.2,1.16,56.9,2025,November,7
07-11-2025,Karnataka,141,Moderate,58.6,108.6,19.7,7.9,0.87,61.5,2025,November,7
07-11-2025,Kerala,210,Poor,92.4,157.1,30.7,10.3,1.14,50.1,2025,November,7
07-11-2025,Madhya Pradesh,146,Moderate,59.2,96.7,21.9,8.1,0.88,57.5,2025,November,7
07-11-2025,Maharashtra,194,Moderate,86.4,145.8,31.3,9.1,0.99,57.9,2025,November,7
07-11-2025,Manipur,189,Moderate,73.8,143.7,29.3,8.5,1.15,51.4,2025,November,7
07-11-2025,Meghalaya,172,Moderate,75,115.8,30.3,9.2,0.89,53,2025,November,7
07-11-2025,Mizoram,168,Moderate,69.2,112.5,27.5,8.8,0.92,54.3,2025,November,7
07-11-2025,Nagaland,214,Poor,94.8,159.1,35.3,10.1,1.21,51.1,2025,November,7
07-11-2025,Odisha,165,Moderate,71.7,118.1,24.2,9.1,0.88,57.8,2025,November,7
07-11-2025,Punjab,196,Moderate,79,149.6,32.2,10.3,1,52.6,2025,November,7
07-11-2025,Rajasthan,154,Moderate,66.7,116.4,21.9,8.6,0.76,57.4,2025,November,7
07-11-2025,Sikkim,216,Poor,87.8,159.2,35,10.8,1.24,48.6,2025,November,7
07-11-2025,Tamil Nadu,161,Moderate,70.8,109.3,26.2,7.8,0.94,58.8,2025,November,7
07-11-2025,Telangana,172,Moderate,72.7,126.4,29.1,8.6,0.87,53.2,2025,November,7
07-11-2025,Tripura,190,Moderate,75,144,28.5,8.7,1.09,55.1,2025,November,7
07-11-2025,Uttar Pradesh,210,Poor,87.4,141.8,34.1,10.8,1.1,52.1,2025,November,7
07-11-2025,Uttarakhand,154,Moderate,62.9,113.8,27.2,7.7,0.92,57.9,2025,November,7
07-11-2025,West Bengal,130,Moderate,49.2,93.9,23.5,6.7,0.72,57.6,2025,November,7
08-11-2025,Andhra Pradesh,175,Moderate,68.1,132.2,30.8,9.7,0.93,58.2,2025,November,8
08-11-2025,Arunachal Pradesh,141,Moderate,62.2,110,24.2,7.1,0.83,62.6,2025,November,8
08-11-2025,Assam,198,Moderate,77.4,133.5,31.9,9,1.09,57.5,2025,November,8
08-11-2025,Bihar,162,Moderate,64.1,111,24.6,7.5,0.96,56.3,2025,November,8
08-11-2025,Chhattisgarh,138,Moderate,63.4,99.9,21.9,7.6,0.69,61.3,2025,November,8
08-11-2025,Goa,176,Moderate,73.5,135.2,27.4,8.1,0.91,55.5,2025,November,8
08-11-2025,Gujarat,133,Moderate,54.9,86.4,21.8,7.3,0.76,57.9,2025,November,8
08-11-2025,Haryana,144,Moderate,59.1,97.3,21.2,6.3,0.86,60.3,2025,November,8
08-11-2025,Himachal Pradesh,202,Poor,83,138.8,34.4,11,1.19,56.3,2025,November,8
08-11-2025,Jharkhand,219,Poor,94,155.1,35.1,10.5,1.27,56.1,2025,November,8
08-11-2025,Karnataka,132,Moderate,53,90.2,21.8,5.6,0.67,60.8,2025,November,8
08-11-2025,Kerala,210,Poor,89.2,152.8,35.4,11.4,1.14,51,2025,November,8
08-11-2025,Madhya Pradesh,119,Moderate,54.1,86.5,16.4,5.3,0.56,56.8,2025,November,8
08-11-2025,Maharashtra,213,Poor,90.5,152.2,36.8,10.6,1.22,48.3,2025,November,8
08-11-2025,Manipur,213,Poor,91.3,145.8,32.7,11.1,1.23,52.7,2025,November,8
08-11-2025,Meghalaya,147,Moderate,60.7,99.8,23.8,7.8,0.77,53.9,2025,November,8
08-11-2025,Mizoram,191,Moderate,78.1,130,32.5,8.6,1.09,56.6,2025,November,8
08-11-2025,Nagaland,206,Poor,91.8,144.1,35.3,9.7,1.07,57.7,2025,November,8
08-11-2025,Odisha,189,Moderate,81.4,134.7,31.7,8.7,0.97,55,2025,November,8
08-11-2025,Punjab,228,Poor,93,156.9,37,11.7,1.2,54.3,2025,November,8
08-11-2025,Rajasthan,154,Moderate,70.1,119,23,6.9,0.8,62.2,2025,November,8
08-11-2025,Sikkim,191,Moderate,75.3,142.6,32.9,10.2,1.09,55.4,2025,November,8
08-11-2025,Tamil Nadu,172,Moderate,75.7,126.9,25.1,9.1,0.97,53.4,2025,November,8
08-11-2025,Telangana,176,Moderate,75.6,127.9,30.4,9.1,0.96,57.8,2025,November,8
08-11-2025,Tripura,176,Moderate,71.7,133.8,26,9.3,1.06,54.6,2025,November,8
08-11-2025,Uttar Pradesh,211,Poor,87.5,147.2,31.5,10.5,1.24,48.3,2025,November,8
08-11-2025,Uttarakhand,132,Moderate,53.4,93.7,19,6.1,0.7,61.4,2025,November,8
08-11-2025,West Bengal,149,Moderate,66.5,105,26.7,7.8,0.84,58.5,2025,November,8
09-11-2025,Andhra Pradesh,175,Moderate,73.4,126.5,27.9,9.4,0.97,55.9,2025,November,9
09-11-2025,Arunachal Pradesh,128,Moderate,49.7,90.8,22.4,5.5,0.8,63.8,2025,November,9
09-11-2025,Assam,210,Poor,93.4,160.1,36.2,10.8,1.26,54.7,2025,November,9
09-11-2025,Bihar,182,Moderate,70.7,134,27.6,9.3,1.11,53.9,2025,November,9
09-11-2025,Chhattisgarh,182,Moderate,75.5,140.2,31.4,9.9,1.1,56.7,2025,November,9
09-11-2025,Goa,175,Moderate,78.6,130.7,28.3,9.3,1.03,58.4,2025,November,9
09-11-2025,Gujarat,128,Moderate,49.2,101.8,17.5,6.8,0.62,58.1,2025,November,9
09-11-2025,Haryana,132,Moderate,56.9,102.7,21.4,5.7,0.76,59.9,2025,November,9
09-11-2025,Himachal Pradesh,221,Poor,95.1,160.5,35,11.3,1.29,50.1,2025,November,9
09-11-2025,Jharkhand,218,Poor,87.1,158.9,33.3,10.7,1.3,53.3,2025,November,9
09-11-2025,Karnataka,166,Moderate,69.8,124,25.2,9.1,0.9,57.7,2025,November,9
09-11-2025,Kerala,184,Moderate,74.5,125.4,27,8.9,0.98,52.3,2025,November,9
09-11-2025,Madhya Pradesh,135,Moderate,51.9,91.8,20,5.9,0.78,61.3,2025,November,9
09-11-2025,Maharashtra,170,Moderate,75.7,118.2,29.2,8.5,0.92,52.9,2025,November,9
09-11-2025,Manipur,225,Poor,89.1,162.8,35.1,11.8,1.33,48.3,2025,November,9
09-11-2025,Meghalaya,186,Moderate,82.1,128.4,27.4,9.9,1.01,59,2025,November,9
09-11-2025,Mizoram,190,Moderate,76.1,128.6,28.1,8.9,1.15,50,2025,November,9
09-11-2025,Nagaland,216,Poor,88.6,146.7,33.8,11.2,1.14,49.9,2025,November,9
09-11-2025,Odisha,209,Poor,90,157.5,31.6,10.2,1.14,48.5,2025,November,9
09-11-2025,Punjab,233,Poor,93.6,172.3,37.1,12.6,1.39,55.7,2025,November,9
09-11-2025,Rajasthan,134,Moderate,58.5,89.6,20.8,5.8,0.68,61.2,2025,November,9
09-11-2025,Sikkim,182,Moderate,74.8,140.2,31.8,9,1,56.8,2025,November,9
09-11-2025,Tamil Nadu,156,Moderate,62.7,106.6,24.7,8.1,0.81,59.3,2025,November,9
09-11-2025,Telangana,141,Moderate,57.7,92.2,23.3,7.8,0.72,54.8,2025,November,9
09-11-2025,Tripura,218,Poor,93.1,155.9,33.4,11.8,1.3,55.4,2025,November,9
09-11-2025,Uttar Pradesh,224,Poor,88.3,158.3,34.7,11.2,1.27,54,2025,November,9
09-11-2025,Uttarakhand,174,Moderate,72.9,129.3,24.9,9.5,0.91,51.4,2025,November,9
09-11-2025,West Bengal,129,Moderate,56.4,97.3,22.5,5.8,0.71,58.6,2025,November,9
10-11-2025,Andhra Pradesh,188,Moderate,75.5,136.2,28,10.2,1.14,59.6,2025,November,10
10-11-2025,Arunachal Pradesh,159,Moderate,64.2,123.9,24,7.4,0.85,59,2025,November,10
10-11-2025,Assam,192,Moderate,75.6,135.1,29.5,8.6,1.04,53.5,2025,November,10
10-11-2025,Bihar,144,Moderate,66.1,101.4,22.8,6.2,0.85,60.7,2025,November,10
10-11-2025,Chhattisgarh,178,Moderate,79.1,125.5,27,9.4,0.98,50.9,2025,November,10
10-11-2025,Goa,174,Moderate,77.6,120.1,30.5,8.3,0.96,54.7,2025,November,10
10-11-2025,Gujarat,145,Moderate,65.1,97.7,21.6,7.3,0.82,53.7,2025,November,10
10-11-2025,Haryana,152,Moderate,66.4,116.8,26,8.4,0.86,55.1,2025,November,10
10-11-2025,Himachal Pradesh,211,Poor,84.6,146.6,34.9,10.8,1.09,51.3,2025,November,10
10-11-2025,Jharkhand,228,Poor,91,157.4,38.7,12,1.23,55.7,2025,November,10
10-11-2025,Karnataka,158,Moderate,67,112,25,8.2,0.86,58.9,2025,November,10
10-11-2025,Kerala,221,Poor,90.2,164.3,35.6,11.6,1.17,54.4,2025,November,10
10-11-2025,Madhya Pradesh,131,Moderate,57.6,93.9,18.8,6.6,0.72,55.4,2025,November,10
10-11-2025,Maharashtra,209,Poor,83.2,141,36.4,11.1,1.18,54.8,2025,November,10
10-11-2025,Manipur,184,Moderate,78.6,128,31.7,8.2,1.01,53.9,2025,November,10
10-11-2025,Meghalaya,164,Moderate,67,118,24.4,8.2,0.89,57.6,2025,November,10
10-11-2025,Mizoram,203,Poor,85.7,144.2,35,10.4,1.07,56.3,2025,November,10
10-11-2025,Nagaland,182,Moderate,82.3,133.4,28.4,9.9,1,58.3,2025,November,10
10-11-2025,Odisha,162,Moderate,65,122,26.1,8.7,0.81,53.5,2025,November,10
10-11-2025,Punjab,226,Poor,92.1,170,39.1,10.4,1.33,53.5,2025,November,10
10-11-2025,Rajasthan,138,Moderate,57.6,100.3,21.9,7.8,0.79,54.4,2025,November,10
10-11-2025,Sikkim,196,Moderate,87.8,138.5,32.2,10.6,1.07,52.2,2025,November,10
10-11-2025,Tamil Nadu,157,Moderate,65.6,116,24.1,8.8,0.95,59.1,2025,November,10
10-11-2025,Telangana,158,Moderate,62.7,117.6,26.8,7.2,0.84,54.5,2025,November,10
10-11-2025,Tripura,182,Moderate,77.8,128.3,28.2,8.6,0.97,59.3,2025,November,10
10-11-2025,Uttar Pradesh,216,Poor,84.9,156.8,35.5,10.1,1.13,52.6,2025,November,10
10-11-2025,Uttarakhand,179,Moderate,74.6,135.1,28.5,9.2,1.01,57.1,2025,November,10
10-11-2025,West Bengal,159,Moderate,64.6,107.3,24.2,8,0.81,57.6,2025,November,10
11-11-2025,Andhra Pradesh,167,Moderate,73.4,121,27.5,8.5,0.98,58.6,2025,November,11
11-11-2025,Arunachal Pradesh,144,Moderate,62.2,105.4,20.2,6.7,0.72,57.7,2025,November,11
11-11-2025,Assam,203,Poor,79.8,151,31.1,9.7,1.15,49.1,2025,November,11
11-11-2025,Bihar,179,Moderate,77.2,123.4,26,8.1,1.01,57.7,2025,November,11
11-11-2025,Chhattisgarh,178,Moderate,69.1,136.2,27.1,8.2,0.97,58.6,2025,November,11
11-11-2025,Goa,147,Moderate,56.2,111.4,23.2,7.7,0.81,57,2025,November,11
11-11-2025,Gujarat,161,Moderate,64.8,107.3,25.4,7.7,0.85,57.1,2025,November,11
11-11-2025,Haryana,158,Moderate,65.3,106.3,24.5,7,0.98,54.2,2025,November,11
11-11-2025,Himachal Pradesh,228,Poor,98.5,169.2,38.7,10.8,1.33,52,2025,November,11
11-11-2025,Jharkhand,209,Poor,82.3,145.9,32.6,11.1,1.11,55.8,2025,November,11
11-11-2025,Karnataka,143,Moderate,64.6,100.2,24.8,7.7,0.88,62.8,2025,November,11
11-11-2025,Kerala,188,Moderate,73.9,130,31,9.4,1.11,50.5,2025,November,11
11-11-2025,Madhya Pradesh,151,Moderate,62.3,105.5,23.4,7.4,0.92,60.6,2025,November,11
11-11-2025,Maharashtra,194,Moderate,86.7,141.2,30.8,10.5,1.17,49.5,2025,November,11
11-11-2025,Manipur,184,Moderate,82.5,139.6,27.9,9,1.06,57.6,2025,November,11
11-11-2025,Meghalaya,151,Moderate,68.2,109.5,23.5,6.7,0.74,61.7,2025,November,11
11-11-2025,Mizoram,168,Moderate,73,120.1,25.5,8.6,1,56.8,2025,November,11
11-11-2025,Nagaland,185,Moderate,82,139.2,29.6,9.5,0.99,52,2025,November,11
11-11-2025,Odisha,193,Moderate,85.5,134.9,31.7,9.5,1.14,54.5,2025,November,11
11-11-2025,Punjab,188,Moderate,81.6,136.5,29.1,9.6,0.96,54.4,2025,November,11
11-11-2025,Rajasthan,115,Moderate,44.7,87.4,18,6,0.67,59.5,2025,November,11
11-11-2025,Sikkim,201,Poor,81,147.9,32.1,10,1.13,50.7,2025,November,11
11-11-2025,Tamil Nadu,188,Moderate,78.5,142.2,30.2,9.2,0.98,56.2,2025,November,11
11-11-2025,Telangana,182,Moderate,80.1,123.9,29.3,9.2,0.97,55.8,2025,November,11
11-11-2025,Tripura,184,Moderate,75.8,132.9,32.2,8.7,0.94,51.4,2025,November,11
11-11-2025,Uttar Pradesh,221,Poor,96.8,167.1,36.6,10.8,1.31,49.9,2025,November,11
11-11-2025,Uttarakhand,149,Moderate,63.1,104.9,26.4,7.1,0.91,54.6,2025,November,11
11-11-2025,West Bengal,115,Moderate,43.9,82.8,20.8,5.2,0.66,58.5,2025,November,11
12-11-2025,Andhra Pradesh,175,Moderate,71.1,131.4,30.8,9.2,0.92,59.3,2025,November,12
12-11-2025,Arunachal Pradesh,123,Moderate,50.9,80.4,17.6,6.1,0.7,59.6,2025,November,12
12-11-2025,Assam,200,Moderate,88.5,139.1,29.2,9.9,1.09,49.7,2025,November,12
12-11-2025,Bihar,144,Moderate,60.6,102.6,22.3,6.9,0.87,56.4,2025,November,12
12-11-2025,Chhattisgarh,139,Moderate,57.5,90.7,22.8,6,0.79,60.9,2025,November,12
12-11-2025,Goa,145,Moderate,55.5,108.1,23.3,7.9,0.8,59.5,2025,November,12
12-11-2025,Gujarat,146,Moderate,55.4,97,26.3,6.8,0.77,62.8,2025,November,12
12-11-2025,Haryana,158,Moderate,71.9,114.2,25.9,7.9,0.95,56.6,2025,November,12
12-11-2025,Himachal Pradesh,238,Poor,94.8,180.5,39.1,11.4,1.31,47,2025,November,12
12-11-2025,Jharkhand,235,Poor,102.7,177.2,38.5,12.5,1.25,54.2,2025,November,12
12-11-2025,Karnataka,173,Moderate,71.3,125,28.5,8.1,0.87,58.6,2025,November,12
12-11-2025,Kerala,196,Moderate,78.7,132.5,32.3,9,1.05,51.8,2025,November,12
12-11-2025,Madhya Pradesh,122,Moderate,56.7,87.1,22.5,5.1,0.6,63,2025,November,12
12-11-2025,Maharashtra,213,Poor,95.2,153.2,36.9,10.9,1.12,55.4,2025,November,12
12-11-2025,Manipur,204,Poor,86.3,145.5,32.2,11.2,1.11,51.3,2025,November,12
12-11-2025,Meghalaya,183,Moderate,77.6,122.2,32.1,9.7,0.97,56.2,2025,November,12
12-11-2025,Mizoram,212,Poor,85.5,159,34.7,11.1,1.19,55.3,2025,November,12
12-11-2025,Nagaland,218,Poor,86.9,156.4,32.1,11.9,1.25,51.5,2025,November,12
12-11-2025,Odisha,192,Moderate,79.9,147,31.2,9.2,1.06,51.4,2025,November,12
12-11-2025,Punjab,212,Poor,89.9,156.6,35.3,11.1,1.14,49.2,2025,November,12
12-11-2025,Rajasthan,115,Moderate,44.8,87.6,17.8,6.7,0.55,64.6,2025,November,12
12-11-2025,Sikkim,177,Moderate,77,122.9,27.8,8,0.96,54.9,2025,November,12
12-11-2025,Tamil Nadu,191,Moderate,78.9,132.8,33.3,9.6,1.16,53.4,2025,November,12
12-11-2025,Telangana,156,Moderate,69,106.5,23.8,7.4,0.83,59.9,2025,November,12
12-11-2025,Tripura,193,Moderate,80.2,137.9,32.2,10.6,1,52.8,2025,November,12
12-11-2025,Uttar Pradesh,236,Poor,104.8,162.2,36.4,11.6,1.24,47.8,2025,November,12
12-11-2025,Uttarakhand,129,Moderate,58.6,89,19.1,7.1,0.7,63.3,2025,November,12
12-11-2025,West Bengal,138,Moderate,62.3,107.8,22.6,6.6,0.73,58.7,2025,November,12
13-11-2025,Andhra Pradesh,166,Moderate,70.2,118.6,28.2,8.6,0.95,54.2,2025,November,13
13-11-2025,Arunachal Pradesh,142,Moderate,54.1,111.5,19.8,8,0.71,59.8,2025,November,13
13-11-2025,Assam,191,Moderate,78.8,133.3,32.2,9.3,1.09,55.9,2025,November,13
13-11-2025,Bihar,139,Moderate,54.8,93.8,20.7,7.9,0.72,59.2,2025,November,13
13-11-2025,Chhattisgarh,188,Moderate,80.5,126,32.1,9,1.09,55.1,2025,November,13
13-11-2025,Goa,138,Moderate,59.3,109,21.6,7.7,0.82,57.6,2025,November,13
13-11-2025,Gujarat,129,Moderate,57.8,93.2,23.2,6,0.75,55.2,2025,November,13
13-11-2025,Haryana,148,Moderate,67.6,111.8,23.2,6.7,0.83,60.5,2025,November,13
13-11-2025,Himachal Pradesh,198,Moderate,84.3,144.6,29.9,10.8,1.07,51.9,2025,November,13
13-11-2025,Jharkhand,231,Poor,95.9,167.7,34.1,11.9,1.2,54.5,2025,November,13
13-11-2025,Karnataka,138,Moderate,58.1,105.7,19.8,7,0.84,62.7,2025,November,13
13-11-2025,Kerala,217,Poor,88.6,157.3,32.4,10.2,1.24,51.4,2025,November,13
13-11-2025,Madhya Pradesh,149,Moderate,59.4,107.8,25.1,7.2,0.88,62.5,2025,November,13
13-11-2025,Maharashtra,180,Moderate,77.3,121.9,30.4,8.6,1.06,52.8,2025,November,13
13-11-2025,Manipur,216,Poor,94.5,163.4,34.7,10.7,1.15,54.6,2025,November,13
13-11-2025,Meghalaya,182,Moderate,79.7,127.4,30.4,9.4,0.92,52.9,2025,November,13
13-11-2025,Mizoram,168,Moderate,68.3,121.3,29,8.1,0.99,60.3,2025,November,13
13-11-2025,Nagaland,195,Moderate,84.4,133.6,31.2,10.6,1.12,58.3,2025,November,13
13-11-2025,Odisha,200,Moderate,88,147,34.6,9.7,1.2,49.6,2025,November,13
13-11-2025,Punjab,222,Poor,93.5,168.2,37.3,11,1.19,55.6,2025,November,13
13-11-2025,Rajasthan,144,Moderate,59.8,96.1,23.5,6.4,0.71,56.1,2025,November,13
13-11-2025,Sikkim,212,Poor,88.9,152.9,36.3,11.2,1.1,54.2,2025,November,13
13-11-2025,Tamil Nadu,180,Moderate,77.3,136.7,28.8,9.9,1.05,52.8,2025,November,13
13-11-2025,Telangana,143,Moderate,60.2,93.2,24.5,6.6,0.8,55.1,2025,November,13
13-11-2025,Tripura,210,Poor,87.6,150.8,33.4,10.3,1.11,53,2025,November,13
13-11-2025,Uttar Pradesh,198,Moderate,80.2,137,29,9.6,1.18,49.7,2025,November,13
13-11-2025,Uttarakhand,167,Moderate,75.5,116,26.2,8.3,0.98,55.3,2025,November,13
13-11-2025,West Bengal,117,Moderate,52.4,77.7,20.6,5.6,0.72,57.8,2025,November,13
14-11-2025,Andhra Pradesh,206,Poor,90.4,150.4,35.8,10.1,1.18,53.4,2025,November,14
14-11-2025,Arunachal Pradesh,113,Moderate,43.1,85.5,17,4.8,0.54,65.5,2025,November,14
14-11-2025,Assam,211,Poor,90.4,144,31.9,9.9,1.19,57.9,2025,November,14
14-11-2025,Bihar,152,Moderate,69.6,111.6,26.9,6.8,0.8,56.2,2025,November,14
14-11-2025,Chhattisgarh,164,Moderate,73.2,108.8,26.4,8.6,0.86,61.7,2025,November,14
14-11-2025,Goa,130,Moderate,60.2,94.2,18.4,7.3,0.76,57.2,2025,November,14
14-11-2025,Gujarat,175,Moderate,74.1,135.9,25.4,9.7,1.01,55.4,2025,November,14
14-11-2025,Haryana,144,Moderate,61.7,93.9,24.2,7.2,0.83,56.4,2025,November,14
14-11-2025,Himachal Pradesh,215,Poor,87.4,146,36.1,10.6,1.19,53.7,2025,November,14
14-11-2025,Jharkhand,224,Poor,98.8,170.3,38.8,11.8,1.31,54.1,2025,November,14
14-11-2025,Karnataka,162,Moderate,63.8,123.1,28.3,7.2,0.85,60.1,2025,November,14
14-11-2025,Kerala,177,Moderate,69,117.6,27.1,9.2,1.01,53,2025,November,14
14-11-2025,Madhya Pradesh,161,Moderate,62.9,106.7,27.8,7.3,0.83,55.6,2025,November,14
14-11-2025,Maharashtra,189,Moderate,81.2,134.2,27.7,9,1.04,51.6,2025,November,14
14-11-2025,Manipur,200,Moderate,85.6,146.3,30.7,9.9,1.11,55.8,2025,November,14
14-11-2025,Meghalaya,180,Moderate,77.3,130,31.6,9.6,1,56.7,2025,November,14
14-11-2025,Mizoram,206,Poor,80.9,141.7,34.6,11.3,1.2,53.4,2025,November,14
14-11-2025,Nagaland,185,Moderate,75.5,123.4,28.1,8.3,1,57.8,2025,November,14
14-11-2025,Odisha,184,Moderate,75.5,131.5,29.5,10,1.04,51.5,2025,November,14
14-11-2025,Punjab,190,Moderate,81.7,131.1,27.5,8.7,1.06,50.4,2025,November,14
14-11-2025,Rajasthan,128,Moderate,53.4,100.7,18.2,6.1,0.68,56.8,2025,November,14
14-11-2025,Sikkim,210,Poor,86.5,159.4,32.5,10.9,1.25,55.8,2025,November,14
14-11-2025,Tamil Nadu,187,Moderate,78.7,136.5,32.4,8.9,1.01,57.2,2025,November,14
14-11-2025,Telangana,150,Moderate,60.6,114.2,24.4,7.6,0.87,62.2,2025,November,14
14-11-2025,Tripura,173,Moderate,73.5,129.7,28.9,8.2,0.92,57,2025,November,14
14-11-2025,Uttar Pradesh,200,Moderate,89.4,153.9,32.1,10,1.2,51.2,2025,November,14
14-11-2025,Uttarakhand,165,Moderate,70.5,117.2,25.4,7.6,0.98,52.2,2025,November,14
14-11-2025,West Bengal,147,Moderate,59.7,96.2,25.7,6.4,0.78,53.6,2025,November,14
15-11-2025,Andhra Pradesh,199,Moderate,87.1,135.4,30.6,9.6,1.1,50.9,2025,November,15
15-11-2025,Arunachal Pradesh,117,Moderate,55.1,85.1,17.7,6.8,0.73,58.8,2025,November,15
15-11-2025,Assam,186,Moderate,74.3,126.4,30.7,9.6,0.98,51.2,2025,November,15
15-11-2025,Bihar,166,Moderate,68.8,114.1,25.5,9.3,0.93,52.3,2025,November,15
15-11-2025,Chhattisgarh,154,Moderate,68.8,105,27,8.2,0.79,61.2,2025,November,15
15-11-2025,Goa,176,Moderate,76.8,134.6,27.1,9.4,1,59.6,2025,November,15
15-11-2025,Gujarat,143,Moderate,60.1,96.9,24.4,7.1,0.88,62.3,2025,November,15
15-11-2025,Haryana,129,Moderate,56.5,90.9,20.2,7.1,0.63,55.6,2025,November,15
15-11-2025,Himachal Pradesh,222,Poor,88.4,165.3,32.6,10.9,1.18,53.9,2025,November,15
15-11-2025,Jharkhand,202,Poor,88.5,153.3,29.4,10.2,1.1,56.9,2025,November,15
15-11-2025,Karnataka,139,Moderate,55.8,95.5,20.7,7.7,0.73,54.5,2025,November,15
15-11-2025,Kerala,190,Moderate,74,136.9,33.3,9.7,1.13,51.6,2025,November,15
15-11-2025,Madhya Pradesh,130,Moderate,58.8,98.1,21,6.4,0.81,63.8,2025,November,15
15-11-2025,Maharashtra,214,Poor,86.8,149.6,37.1,10,1.13,50.4,2025,November,15
15-11-2025,Manipur,184,Moderate,80.5,133.2,30.3,8.4,1.08,59.3,2025,November,15
15-11-2025,Meghalaya,163,Moderate,65.6,118.2,27.7,8,0.92,59.8,2025,November,15
15-11-2025,Mizoram,177,Moderate,68.8,121.7,27.5,8.8,1.01,55.6,2025,November,15
15-11-2025,Nagaland,214,Poor,92.7,154,34.8,11.5,1.09,53.4,2025,November,15
15-11-2025,Odisha,175,Moderate,71.4,135.7,27.8,8.7,0.89,60.9,2025,November,15
15-11-2025,Punjab,234,Poor,102.1,166.8,37.5,11.4,1.31,54.7,2025,November,15
15-11-2025,Rajasthan,147,Moderate,56.4,111.8,24.1,7.9,0.81,56.7,2025,November,15
15-11-2025,Sikkim,197,Moderate,86.5,142.7,29.5,9.8,1.08,58.6,2025,November,15
15-11-2025,Tamil Nadu,175,Moderate,77.2,128.5,26.2,9.7,1.04,60.9,2025,November,15
15-11-2025,Telangana,167,Moderate,72.4,110.4,29.4,7.6,0.9,59.7,2025,November,15
15-11-2025,Tripura,222,Poor,89.1,168.2,36.8,10.5,1.24,49.4,2025,November,15
15-11-2025,Uttar Pradesh,221,Poor,89.5,155.7,32.5,10.6,1.23,54.5,2025,November,15
15-11-2025,Uttarakhand,147,Moderate,64.8,103.8,23.6,7.1,0.87,55.1,2025,November,15
15-11-2025,West Bengal,145,Moderate,56.3,98.3,21.2,7.5,0.81,56.9,2025,November,15
16-11-2025,Andhra Pradesh,195,Moderate,87.4,140.2,30.7,9.2,1.04,57.6,2025,November,16
16-11-2025,Arunachal Pradesh,111,Moderate,44.5,86.3,19.9,4.7,0.68,56.7,2025,November,16
16-11-2025,Assam,181,Moderate,74.2,140.3,31.1,8.6,0.99,54.4,2025,November,16
16-11-2025,Bihar,179,Moderate,75.3,137.7,31.2,8.5,1.06,53.7,2025,November,16
16-11-2025,Chhattisgarh,148,Moderate,59.1,111.7,25.8,7.4,0.85,58.6,2025,November,16
16-11-2025,Goa,156,Moderate,69.3,113.6,25.4,7.6,0.91,58.2,2025,November,16
16-11-2025,Gujarat,169,Moderate,73.4,113.6,27.2,8.1,0.89,59.8,2025,November,16
16-11-2025,Haryana,130,Moderate,52.2,83.9,21.2,5.5,0.65,62.8,2025,November,16
16-11-2025,Himachal Pradesh,192,Moderate,79.8,138.6,32.4,9.9,1.14,53.6,2025,November,16
16-11-2025,Jharkhand,227,Poor,95.3,158.1,34.2,11.6,1.29,52.5,2025,November,16
16-11-2025,Karnataka,134,Moderate,56.4,98.1,20.2,6.8,0.65,58.2,2025,November,16
16-11-2025,Kerala,221,Poor,95.1,168.5,36.9,10.4,1.26,48.8,2025,November,16
16-11-2025,Madhya Pradesh,142,Moderate,54,94.9,25,6.9,0.73,60.5,2025,November,16
16-11-2025,Maharashtra,192,Moderate,83.7,134.8,33.4,9.4,1.1,52.9,2025,November,16
16-11-2025,Manipur,230,Poor,94.5,160.1,34.8,10.7,1.35,50.9,2025,November,16
16-11-2025,Meghalaya,177,Moderate,73,122.5,29.9,8,1.03,51,2025,November,16
16-11-2025,Mizoram,198,Moderate,79.7,144.9,33.5,9,1.1,55,2025,November,16
16-11-2025,Nagaland,203,Poor,80.2,148.5,32.5,10.7,1.1,49.3,2025,November,16
16-11-2025,Odisha,188,Moderate,78.1,145,30,8.5,1.03,56.4,2025,November,16
16-11-2025,Punjab,234,Poor,99.2,166.6,36.5,11.6,1.29,52.1,2025,November,16
16-11-2025,Rajasthan,155,Moderate,65.7,103,26.1,7.5,0.78,56.6,2025,November,16
16-11-2025,Sikkim,217,Poor,92.4,163.8,37.5,10,1.21,57.4,2025,November,16
16-11-2025,Tamil Nadu,179,Moderate,69.9,119.3,27.3,8.5,0.95,57,2025,November,16
16-11-2025,Telangana,162,Moderate,66,108.4,27.1,7.8,0.97,53.8,2025,November,16
16-11-2025,Tripura,211,Poor,92.8,147.9,35.1,9.6,1.13,55,2025,November,16
16-11-2025,Uttar Pradesh,198,Moderate,77.7,133,34.5,10.8,1.2,55.5,2025,November,16
16-11-2025,Uttarakhand,162,Moderate,73.8,119.2,23.1,7.3,1,61.1,2025,November,16
16-11-2025,West Bengal,114,Moderate,42.3,79.7,15.5,6.4,0.7,57.8,2025,November,16
17-11-2025,Andhra Pradesh,196,Moderate,77.3,148.8,33.1,9.6,1.09,52.2,2025,November,17
17-11-2025,Arunachal Pradesh,123,Moderate,57,79.9,21.6,6.6,0.77,56.2,2025,November,17
17-11-2025,Assam,221,Poor,90.6,151.5,35.5,10.6,1.29,54.3,2025,November,17
17-11-2025,Bihar,164,Moderate,74.6,121.3,24.6,7.9,0.86,59.8,2025,November,17
17-11-2025,Chhattisgarh,166,Moderate,75.6,121.5,24.9,8.4,0.85,56.2,2025,November,17
17-11-2025,Goa,134,Moderate,54.7,91.5,21.4,5.8,0.72,57.6,2025,November,17
17-11-2025,Gujarat,156,Moderate,65,112.2,22,7.6,0.94,53.4,2025,November,17
17-11-2025,Haryana,135,Moderate,54.7,98.1,22.4,7,0.83,63.5,2025,November,17
17-11-2025,Himachal Pradesh,201,Poor,90,143.4,33.1,10.4,1.14,56,2025,November,17
17-11-2025,Jharkhand,232,Poor,94.5,168.7,35.5,11.7,1.25,49.9,2025,November,17
17-11-2025,Karnataka,146,Moderate,62.9,95.9,22.6,6.4,0.77,57.8,2025,November,17
17-11-2025,Kerala,189,Moderate,77.1,133,31.9,9.1,1.1,53.7,2025,November,17
17-11-2025,Madhya Pradesh,160,Moderate,61.8,119.7,23.9,8.1,0.93,53.8,2025,November,17
17-11-2025,Maharashtra,204,Poor,81.6,156.4,31.1,9.7,1.07,48.8,2025,November,17
17-11-2025,Manipur,202,Poor,89.6,152.3,30.5,10.6,1.18,57.3,2025,November,17
17-11-2025,Meghalaya,158,Moderate,63.5,108.4,22.5,7.6,0.88,61.6,2025,November,17
17-11-2025,Mizoram,168,Moderate,65.5,114.3,24.7,8.2,0.98,57.3,2025,November,17
17-11-2025,Nagaland,208,Poor,86.6,155.8,35,11.3,1.16,54.9,2025,November,17
17-11-2025,Odisha,179,Moderate,79.6,136.7,27.4,9,0.95,59.1,2025,November,17
17-11-2025,Punjab,216,Poor,94.8,159.8,35.5,11.2,1.27,50.9,2025,November,17
17-11-2025,Rajasthan,150,Moderate,59.5,102.1,21,6.6,0.79,53.8,2025,November,17
17-11-2025,Sikkim,173,Moderate,68.7,119.8,28.6,8.6,0.95,56.2,2025,November,17
17-11-2025,Tamil Nadu,200,Moderate,87,138,29.3,9.9,1.1,49.9,2025,November,17
17-11-2025,Telangana,150,Moderate,60.7,101.9,26.3,8.4,0.91,58.6,2025,November,17
17-11-2025,Tripura,192,Moderate,82.3,138.9,29.9,8.8,1.13,57.1,2025,November,17
17-11-2025,Uttar Pradesh,235,Poor,94.6,161.5,37.7,12,1.21,47.9,2025,November,17
17-11-2025,Uttarakhand,129,Moderate,56.2,90.2,22.5,6.2,0.66,59.5,2025,November,17
17-11-2025,West Bengal,153,Moderate,67.7,108.7,25,7.8,0.77,58.9,2025,November,17
18-11-2025,Andhra Pradesh,202,Poor,78.9,153.5,31.3,9.6,1.09,50,2025,November,18
18-11-2025,Arunachal Pradesh,128,Moderate,58.9,91.9,19.3,7,0.77,56.8,2025,November,18
18-11-2025,Assam,194,Moderate,77.1,138.7,31.3,9.8,1.08,57.8,2025,November,18
18-11-2025,Bihar,146,Moderate,56.2,109,21.6,6.4,0.84,59.5,2025,November,18
18-11-2025,Chhattisgarh,178,Moderate,77.7,118.2,31.4,8.6,0.93,58.7,2025,November,18
18-11-2025,Goa,133,Moderate,54.7,104.3,22,7.5,0.83,57.7,2025,November,18
18-11-2025,Gujarat,148,Moderate,65.3,106.6,24.9,7.7,0.76,55.2,2025,November,18
18-11-2025,Haryana,122,Moderate,52.2,92.7,19.5,5.1,0.78,61.1,2025,November,18
18-11-2025,Himachal Pradesh,213,Poor,85.1,144,32.4,11.4,1.17,56.4,2025,November,18
18-11-2025,Jharkhand,229,Poor,96.7,168.4,34.6,10.6,1.34,52.9,2025,November,18
18-11-2025,Karnataka,131,Moderate,57.1,88.1,18.4,6.4,0.81,57.6,2025,November,18
18-11-2025,Kerala,198,Moderate,81.1,146.8,29.9,10.5,1.08,51.2,2025,November,18
18-11-2025,Madhya Pradesh,155,Moderate,68.9,119.6,24.3,7.7,0.8,61.9,2025,November,18
18-11-2025,Maharashtra,179,Moderate,71.7,120.9,27.5,8.4,0.93,50.7,2025,November,18
18-11-2025,Manipur,229,Poor,96.4,162.5,36.8,11.7,1.31,52.2,2025,November,18
18-11-2025,Meghalaya,184,Moderate,82.7,140.7,29.7,10,1.05,54.8,2025,November,18
18-11-2025,Mizoram,201,Poor,83.2,141.3,30.1,10.7,1.05,53,2025,November,18
18-11-2025,Nagaland,226,Poor,97.3,165.5,35.9,11.6,1.3,53.8,2025,November,18
18-11-2025,Odisha,175,Moderate,71.9,121.1,25.2,9,1,53.1,2025,November,18
18-11-2025,Punjab,202,Poor,79.6,150.3,32.1,10.3,1.17,55.8,2025,November,18
18-11-2025,Rajasthan,134,Moderate,62,87.4,19.9,7.4,0.71,56.3,2025,November,18
18-11-2025,Sikkim,207,Poor,88.7,153.1,35.2,11,1.09,56.5,2025,November,18
18-11-2025,Tamil Nadu,183,Moderate,75.4,123.5,27.3,10,1.06,53.3,2025,November,18
18-11-2025,Telangana,153,Moderate,62.8,111.8,24.3,7.2,0.83,56.1,2025,November,18
18-11-2025,Tripura,220,Poor,87.6,152.5,33.4,11.2,1.3,51.1,2025,November,18
18-11-2025,Uttar Pradesh,202,Poor,83.3,150.3,35.1,10.5,1.08,49.8,2025,November,18
18-11-2025,Uttarakhand,151,Moderate,60.6,118.2,24.7,6.6,0.75,55.9,2025,November,18
18-11-2025,West Bengal,132,Moderate,49.6,97.1,21.5,6.6,0.72,55.6,2025,November,18
19-11-2025,Andhra Pradesh,188,Moderate,75.3,137.2,31.9,9.8,1.07,54.7,2025,November,19
19-11-2025,Arunachal Pradesh,144,Moderate,64.4,103.3,21.2,6.4,0.77,53.7,2025,November,19
19-11-2025,Assam,179,Moderate,70.9,132.9,26.4,8.8,1.01,55.2,2025,November,19
19-11-2025,Bihar,145,Moderate,61.3,98.7,23.5,7.4,0.86,56.2,2025,November,19
19-11-2025,Chhattisgarh,145,Moderate,61.5,104.1,23.7,7.8,0.85,54.8,2025,November,19
19-11-2025,Goa,147,Moderate,59.4,102.8,23.4,7.8,0.82,54.4,2025,November,19
19-11-2025,Gujarat,127,Moderate,53.5,87.3,20,7.3,0.61,59.1,2025,November,19
19-11-2025,Haryana,145,Moderate,62.7,100.5,25.2,6.9,0.73,60.6,2025,November,19
19-11-2025,Himachal Pradesh,234,Poor,99.7,166.1,36.3,12.5,1.25,54.1,2025,November,19
19-11-2025,Jharkhand,230,Poor,93.8,164.4,36.1,10.8,1.25,50.6,2025,November,19
19-11-2025,Karnataka,143,Moderate,56.6,101.4,21.2,7.5,0.74,63.1,2025,November,19
19-11-2025,Kerala,192,Moderate,80.1,145.9,33.3,8.8,0.97,59.3,2025,November,19
19-11-2025,Madhya Pradesh,113,Moderate,46.3,73.5,20.1,6.6,0.71,63.3,2025,November,19
19-11-2025,Maharashtra,187,Moderate,76.6,130.8,31.1,9.5,1.13,58,2025,November,19
19-11-2025,Manipur,200,Moderate,82.4,141.8,32.3,10.1,1.16,51,2025,November,19
19-11-2025,Meghalaya,172,Moderate,71.5,119.7,29.5,9.4,0.97,53,2025,November,19
19-11-2025,Mizoram,208,Poor,85.2,155.8,33.9,9.9,1.18,58,2025,November,19
19-11-2025,Nagaland,198,Moderate,82.3,139.4,32.7,9.9,1.1,58.4,2025,November,19
19-11-2025,Odisha,170,Moderate,72.6,112.5,28.6,8.2,1.03,53.9,2025,November,19
19-11-2025,Punjab,226,Poor,91.4,157.4,35.3,11.3,1.29,47.1,2025,November,19
19-11-2025,Rajasthan,154,Moderate,61.1,116.8,23.2,8.6,0.94,56.8,2025,November,19
19-11-2025,Sikkim,173,Moderate,77.8,116.2,25.9,8.5,1.01,60.9,2025,November,19
19-11-2025,Tamil Nadu,156,Moderate,61.8,105.1,26.7,7.9,0.87,54.8,2025,November,19
19-11-2025,Telangana,178,Moderate,74.2,124.8,28.3,8.8,0.9,51,2025,November,19
19-11-2025,Tripura,177,Moderate,72.3,130.5,28.6,8.8,0.98,58.8,2025,November,19
19-11-2025,Uttar Pradesh,204,Poor,85.9,144.5,30,10.9,1.1,49.2,2025,November,19
19-11-2025,Uttarakhand,143,Moderate,63.1,102.6,22.8,7.5,0.79,55.4,2025,November,19
19-11-2025,West Bengal,152,Moderate,64.1,100.8,21.8,7.4,0.86,53.7,2025,November,19
20-11-2025,Andhra Pradesh,184,Moderate,76.3,132.8,28.6,9,1.06,52.9,2025,November,20
20-11-2025,Arunachal Pradesh,155,Moderate,59.6,115.4,24.1,8.5,0.94,56.1,2025,November,20
20-11-2025,Assam,200,Moderate,87,138.1,29.3,9.8,1.1,54.8,2025,November,20
20-11-2025,Bihar,163,Moderate,71.3,126.9,27.6,9,0.81,59.7,2025,November,20
20-11-2025,Chhattisgarh,176,Moderate,74.6,126.5,30.1,8.5,0.95,57.1,2025,November,20
20-11-2025,Goa,131,Moderate,49.6,92.8,23.6,6.4,0.74,56.3,2025,November,20
20-11-2025,Gujarat,147,Moderate,56.9,101.8,21.5,8.3,0.77,53.9,2025,November,20
20-11-2025,Haryana,137,Moderate,61.2,102.4,18.9,7.2,0.85,63.8,2025,November,20
20-11-2025,Himachal Pradesh,216,Poor,85.2,158.8,36.5,11.6,1.12,49.3,2025,November,20
20-11-2025,Jharkhand,224,Poor,98.6,166.5,38,11.7,1.28,48.5,2025,November,20
20-11-2025,Karnataka,139,Moderate,53.2,95.5,22.1,7.3,0.82,62.5,2025,November,20
20-11-2025,Kerala,185,Moderate,73.8,141.2,27.1,9.8,1.03,55.5,2025,November,20
20-11-2025,Madhya Pradesh,111,Moderate,49.3,84.4,15.2,5.9,0.58,64.8,2025,November,20
20-11-2025,Maharashtra,188,Moderate,83.2,126.4,27.9,9.5,1.12,50.1,2025,November,20
20-11-2025,Manipur,189,Moderate,84.8,136.7,27.4,8.9,1.12,51.7,2025,November,20
20-11-2025,Meghalaya,149,Moderate,57.8,104.9,24.3,8,0.85,59.1,2025,November,20
20-11-2025,Mizoram,188,Moderate,75.7,144.7,30.7,10,1.01,55,2025,November,20
20-11-2025,Nagaland,193,Moderate,79.1,140.1,30.1,10.4,1.01,59.3,2025,November,20
20-11-2025,Odisha,163,Moderate,72.7,118.4,26.5,7.5,0.93,59,2025,November,20
20-11-2025,Punjab,199,Moderate,79.8,136.2,32.5,9,1.03,52.9,2025,November,20
20-11-2025,Rajasthan,115,Moderate,49.7,87.1,17,5.4,0.59,63.8,2025,November,20
20-11-2025,Sikkim,178,Moderate,77.4,127.1,29.8,8.2,1.03,58.4,2025,November,20
20-11-2025,Tamil Nadu,188,Moderate,76.2,130.4,32.7,9.2,1.1,55.1,2025,November,20
20-11-2025,Telangana,181,Moderate,81.9,139.5,26.6,9,1.06,56.1,2025,November,20
20-11-2025,Tripura,219,Poor,96.8,158.2,33.6,11.8,1.16,53.9,2025,November,20
20-11-2025,Uttar Pradesh,186,Moderate,76.8,125.3,30.3,8.9,1.04,52.5,2025,November,20
20-11-2025,Uttarakhand,134,Moderate,58.9,93.7,20,6,0.73,61.6,2025,November,20
20-11-2025,West Bengal,119,Moderate,49,95.6,20.9,6,0.76,62.7,2025,November,20
21-11-2025,Andhra Pradesh,169,Moderate,76,126.8,28.7,9.1,0.93,56.2,2025,November,21
21-11-2025,Arunachal Pradesh,110,Moderate,45.8,76.5,17.9,5.4,0.66,65.1,2025,November,21
21-11-2025,Assam,184,Moderate,78.4,133.9,29.2,10,1.12,58.3,2025,November,21
21-11-2025,Bihar,169,Moderate,65.7,123.1,28.7,8.3,1.04,51.8,2025,November,21
21-11-2025,Chhattisgarh,162,Moderate,72.1,124.3,28.8,7.7,0.85,56.6,2025,November,21
21-11-2025,Goa,146,Moderate,56.8,112.9,22.3,7.6,0.91,55.2,2025,November,21
21-11-2025,Gujarat,133,Moderate,53,102.2,22.8,6.3,0.73,61.3,2025,November,21
21-11-2025,Haryana,129,Moderate,55.9,86.1,19.1,6.4,0.66,61.1,2025,November,21
21-11-2025,Himachal Pradesh,215,Poor,90.5,155.7,34.8,10.2,1.16,55.8,2025,November,21
21-11-2025,Jharkhand,214,Poor,95.8,152,34.1,10.8,1.27,56.7,2025,November,21
21-11-2025,Karnataka,141,Moderate,59.1,98.8,22.9,8,0.71,56.6,2025,November,21
21-11-2025,Kerala,223,Poor,89.5,153.3,34.9,11.4,1.16,56.2,2025,November,21
21-11-2025,Madhya Pradesh,126,Moderate,56.5,81.3,20,6.8,0.75,56.8,2025,November,21
21-11-2025,Maharashtra,204,Poor,85.8,152.1,30.7,10.1,1.14,57.5,2025,November,21
21-11-2025,Manipur,204,Poor,82.5,152.3,32.9,10,1.21,57.4,2025,November,21
21-11-2025,Meghalaya,182,Moderate,82.4,127.1,27.9,9.1,0.94,56.3,2025,November,21
21-11-2025,Mizoram,193,Moderate,77.8,146.2,30.2,8.7,1.05,57.5,2025,November,21
21-11-2025,Nagaland,195,Moderate,76.1,147.6,31,9.7,1,57.4,2025,November,21
21-11-2025,Odisha,176,Moderate,69.2,127.1,30.3,9.2,1.08,59.7,2025,November,21
21-11-2025,Punjab,220,Poor,96.7,161.5,33.2,11.5,1.31,49.9,2025,November,21
21-11-2025,Rajasthan,128,Moderate,52.2,89.2,23.2,6,0.81,62.2,2025,November,21
21-11-2025,Sikkim,218,Poor,93,152.4,36.3,10.3,1.16,50.5,2025,November,21
21-11-2025,Tamil Nadu,191,Moderate,82.1,132,27.9,10.2,1.13,50.1,2025,November,21
21-11-2025,Telangana,185,Moderate,72.2,129.4,30.1,10.2,1.11,58,2025,November,21
21-11-2025,Tripura,197,Moderate,87.5,150.6,33.6,8.9,1.01,58.2,2025,November,21
21-11-2025,Uttar Pradesh,234,Poor,101.3,170.5,40.4,11.5,1.28,49.8,2025,November,21
21-11-2025,Uttarakhand,131,Moderate,60.8,104,23.1,5.9,0.68,59.9,2025,November,21
21-11-2025,West Bengal,144,Moderate,56.5,104.5,23.2,6.5,0.77,58.8,2025,November,21
22-11-2025,Andhra Pradesh,197,Moderate,76.8,142.9,30.7,9.4,1,58.6,2025,November,22
22-11-2025,Arunachal Pradesh,113,Moderate,48.3,88.9,19.1,5.6,0.61,62.5,2025,November,22
22-11-2025,Assam,182,Moderate,80.5,122.3,26.5,8.8,0.91,52.3,2025,November,22
22-11-2025,Bihar,182,Moderate,77.9,136.3,29.3,8.8,1,56.1,2025,November,22
22-11-2025,Chhattisgarh,151,Moderate,63.2,117.5,22.8,7.3,0.87,54.2,2025,November,22
22-11-2025,Goa,140,Moderate,56.9,96.5,24.7,7.7,0.81,59,2025,November,22
22-11-2025,Gujarat,154,Moderate,68.9,104.3,24.7,7.2,0.92,61.7,2025,November,22
22-11-2025,Haryana,145,Moderate,64.6,99.6,25.7,6.9,0.84,60.1,2025,November,22
22-11-2025,Himachal Pradesh,235,Poor,99.4,162,38.5,12.4,1.38,48.1,2025,November,22
22-11-2025,Jharkhand,192,Moderate,78.2,147.6,29.6,8.7,1.05,52.3,2025,November,22
22-11-2025,Karnataka,178,Moderate,76.3,119.2,28.6,9.2,1.01,55.1,2025,November,22
22-11-2025,Kerala,209,Poor,85.9,154,36.3,9.5,1.08,54.4,2025,November,22
22-11-2025,Madhya Pradesh,142,Moderate,62.3,110.6,23.7,6.6,0.72,61,2025,November,22
22-11-2025,Maharashtra,177,Moderate,73.4,126.9,27,8.3,0.94,54.3,2025,November,22
22-11-2025,Manipur,199,Moderate,77.8,143.6,30.9,9,1.2,50.9,2025,November,22
22-11-2025,Meghalaya,137,Moderate,57.1,94.4,23.7,7.1,0.69,61.8,2025,November,22
22-11-2025,Mizoram,181,Moderate,77.8,139.4,26.3,8.6,1.02,55.7,2025,November,22
22-11-2025,Nagaland,180,Moderate,77.4,139.2,30.6,9.5,0.93,53.5,2025,November,22
22-11-2025,Odisha,188,Moderate,81.7,128.3,27.1,9.4,1.13,59.2,2025,November,22
22-11-2025,Punjab,227,Poor,96.7,167.8,38.7,12,1.17,48.9,2025,November,22
22-11-2025,Rajasthan,154,Moderate,60.8,104.4,25,7.6,0.82,59.7,2025,November,22
22-11-2025,Sikkim,183,Moderate,82.4,140.2,31.5,9.8,0.92,59,2025,November,22
22-11-2025,Tamil Nadu,169,Moderate,65.4,130.9,26.7,7.5,0.89,57.5,2025,November,22
22-11-2025,Telangana,166,Moderate,65.5,117.2,23.7,7.9,0.83,59.7,2025,November,22
22-11-2025,Tripura,200,Moderate,86.5,142.5,34.7,10.5,1.16,58.2,2025,November,22
22-11-2025,Uttar Pradesh,219,Poor,94.1,154.9,37.2,11.7,1.19,56.7,2025,November,22
22-11-2025,Uttarakhand,158,Moderate,64,111.6,22.8,7.4,0.94,57.9,2025,November,22
22-11-2025,West Bengal,147,Moderate,59.5,106.1,21.3,7.7,0.78,61.6,2025,November,22
23-11-2025,Andhra Pradesh,183,Moderate,79.7,125,31.7,8.6,1.05,60.3,2025,November,23
23-11-2025,Arunachal Pradesh,123,Moderate,57.5,92.1,18.1,5.9,0.64,62.4,2025,November,23
23-11-2025,Assam,217,Poor,96.2,155,37.1,11.2,1.18,54.1,2025,November,23
23-11-2025,Bihar,164,Moderate,64.3,124.2,25.9,7.8,0.83,55.5,2025,November,23
23-11-2025,Chhattisgarh,149,Moderate,66.5,109,22.3,8,0.82,57.3,2025,November,23
23-11-2025,Goa,172,Moderate,66.9,122.7,25.8,8.1,0.89,52.4,2025,November,23
23-11-2025,Gujarat,128,Moderate,48.1,99.3,20.2,6.2,0.79,60.9,2025,November,23
23-11-2025,Haryana,160,Moderate,62,106,22.9,8.5,0.83,55.4,2025,November,23
23-11-2025,Himachal Pradesh,191,Moderate,78.3,146.3,28.6,10.5,1.09,57.8,2025,November,23
23-11-2025,Jharkhand,222,Poor,95,162.8,37.8,10.3,1.22,51.9,2025,November,23
23-11-2025,Karnataka,166,Moderate,69.3,120,24.2,9.2,1,61.4,2025,November,23
23-11-2025,Kerala,181,Moderate,70.7,131.8,30.1,8.4,1.01,58.2,2025,November,23
23-11-2025,Madhya Pradesh,120,Moderate,54.6,83.6,21.8,5.8,0.69,57.8,2025,November,23
23-11-2025,Maharashtra,181,Moderate,76.6,136.1,28.2,9.9,1.1,53,2025,November,23
23-11-2025,Manipur,210,Poor,89.1,149,36.5,11.3,1.16,55.4,2025,November,23
23-11-2025,Meghalaya,162,Moderate,67.2,109.2,24.1,7.9,0.83,60.2,2025,November,23
23-11-2025,Mizoram,202,Poor,89.5,139.6,31.8,9.5,1.12,55.2,2025,November,23
23-11-2025,Nagaland,207,Poor,83.6,156,34.1,9.7,1.16,51.3,2025,November,23
23-11-2025,Odisha,176,Moderate,77.1,119.1,28.3,8.6,0.96,57.2,2025,November,23
23-11-2025,Punjab,189,Moderate,79,137.5,29.5,9.9,1.06,52.2,2025,November,23
23-11-2025,Rajasthan,149,Moderate,66.8,106.4,26.3,8.2,0.91,59.2,2025,November,23
23-11-2025,Sikkim,219,Poor,89.9,163.2,32.3,11,1.15,54,2025,November,23
23-11-2025,Tamil Nadu,187,Moderate,75.9,134.2,30.7,9.7,1.05,58.3,2025,November,23
23-11-2025,Telangana,138,Moderate,54.1,103.8,22.1,7.1,0.69,62.4,2025,November,23
23-11-2025,Tripura,210,Poor,86.7,160.9,34.5,10.9,1.15,56,2025,November,23
23-11-2025,Uttar Pradesh,219,Poor,89.3,156.8,32.9,10.9,1.15,55.5,2025,November,23
23-11-2025,Uttarakhand,135,Moderate,53,96.1,23.1,7.3,0.68,63.3,2025,November,23
23-11-2025,West Bengal,123,Moderate,49.4,94.8,21.9,6.2,0.74,55.7,2025,November,23
24-11-2025,Andhra Pradesh,198,Moderate,85.9,140.3,32.4,10.8,1.1,54.5,2025,November,24
24-11-2025,Arunachal Pradesh,153,Moderate,59.9,102.5,24.8,7.9,0.88,55.9,2025,November,24
24-11-2025,Assam,200,Moderate,81.1,136.7,32.7,10.8,1.02,49.6,2025,November,24
24-11-2025,Bihar,184,Moderate,82,132.9,27.4,8.8,0.95,59,2025,November,24
24-11-2025,Chhattisgarh,152,Moderate,62.4,104.1,23,8.2,0.94,54.8,2025,November,24
24-11-2025,Goa,133,Moderate,55.9,104.1,20.7,6.4,0.75,56,2025,November,24
24-11-2025,Gujarat,135,Moderate,59.2,97.8,18.9,7.2,0.69,57.1,2025,November,24
24-11-2025,Haryana,116,Moderate,53.2,80.9,19.4,5.2,0.67,65,2025,November,24
24-11-2025,Himachal Pradesh,230,Poor,93.3,173.7,34.7,11.2,1.24,54.9,2025,November,24
24-11-2025,Jharkhand,207,Poor,89.1,145.4,34.3,9.8,1.1,50.9,2025,November,24
24-11-2025,Karnataka,144,Moderate,64.6,99.5,24.5,7.4,0.89,56.2,2025,November,24
24-11-2025,Kerala,224,Poor,88.2,154.3,38.6,10.8,1.21,51.2,2025,November,24
24-11-2025,Madhya Pradesh,155,Moderate,68.9,119.2,22,7.7,0.81,59.6,2025,November,24
24-11-2025,Maharashtra,169,Moderate,75.3,130.2,26.7,8.2,0.93,56.8,2025,November,24
24-11-2025,Manipur,219,Poor,97.1,165.1,34.5,11.6,1.27,49.1,2025,November,24
24-11-2025,Meghalaya,168,Moderate,69.2,119.9,23.9,8.7,0.97,54,2025,November,24
24-11-2025,Mizoram,204,Poor,91.4,150.6,32.6,10.7,1.21,56.4,2025,November,24
24-11-2025,Nagaland,215,Poor,86.6,148.8,32.7,11.3,1.14,54.6,2025,November,24
24-11-2025,Odisha,174,Moderate,69.5,129.6,25.7,9.3,0.95,59.1,2025,November,24
24-11-2025,Punjab,233,Poor,93.6,161.1,35.6,11.8,1.27,53,2025,November,24
24-11-2025,Rajasthan,125,Moderate,50,86.8,22.6,5.9,0.66,57.8,2025,November,24
24-11-2025,Sikkim,215,Poor,89.8,163.6,32.7,11.4,1.18,48,2025,November,24
24-11-2025,Tamil Nadu,193,Moderate,78.9,145.7,30.7,9.7,1.14,50.7,2025,November,24
24-11-2025,Telangana,146,Moderate,59.2,105.4,22.9,7.3,0.77,57.2,2025,November,24
24-11-2025,Tripura,201,Poor,81,146.9,31.1,10.6,1.21,53.6,2025,November,24
24-11-2025,Uttar Pradesh,231,Poor,96.5,168.3,35.7,12.1,1.38,51.6,2025,November,24
24-11-2025,Uttarakhand,159,Moderate,64.2,109.3,27.5,7.4,0.96,57,2025,November,24
24-11-2025,West Bengal,119,Moderate,49.7,80.7,20.9,5,0.59,65.2,2025,November,24
25-11-2025,Andhra Pradesh,187,Moderate,83.8,136.6,27.1,8.7,0.97,54,2025,November,25
25-11-2025,Arunachal Pradesh,154,Moderate,68.7,109.6,27.4,7.1,0.76,61.6,2025,November,25
25-11-2025,Assam,214,Poor,88,149.7,36.1,9.8,1.27,48.4,2025,November,25
25-11-2025,Bihar,140,Moderate,59.4,97.2,22.8,7.8,0.82,60.7,2025,November,25
25-11-2025,Chhattisgarh,174,Moderate,69.9,116,26.8,8,0.87,57.4,2025,November,25
25-11-2025,Goa,177,Moderate,72.5,118.9,25.7,8.7,0.97,51.6,2025,November,25
25-11-2025,Gujarat,140,Moderate,58.5,98.9,23.6,7.3,0.75,54.2,2025,November,25
25-11-2025,Haryana,124,Moderate,57.6,98.5,18.2,5.7,0.76,63.9,2025,November,25
25-11-2025,Himachal Pradesh,225,Poor,96.3,153.7,37.3,10.3,1.28,53.2,2025,November,25
25-11-2025,Jharkhand,226,Poor,92.4,170.6,35.5,11.4,1.25,49.7,2025,November,25
25-11-2025,Karnataka,147,Moderate,66.9,110.9,21.5,6.8,0.9,54.9,2025,November,25
25-11-2025,Kerala,206,Poor,82.3,151.5,35.2,10.6,1.05,56.9,2025,November,25
25-11-2025,Madhya Pradesh,111,Moderate,45,89.1,15.7,5,0.71,57.3,2025,November,25
25-11-2025,Maharashtra,206,Poor,90.9,150.9,32.1,9.8,1.05,58.2,2025,November,25
25-11-2025,Manipur,196,Moderate,77.9,134.4,29.9,8.9,1.12,57.7,2025,November,25
25-11-2025,Meghalaya,181,Moderate,73.6,140.1,30.7,9.5,0.93,55.6,2025,November,25
25-11-2025,Mizoram,199,Moderate,89.4,138.7,31.5,10,1.21,56.4,2025,November,25
25-11-2025,Nagaland,222,Poor,90.9,158.2,36.8,10.8,1.33,47.8,2025,November,25
25-11-2025,Odisha,175,Moderate,70.8,129,25.2,8.3,0.93,55.1,2025,November,25
25-11-2025,Punjab,211,Poor,87.3,149.8,36.1,10.1,1.2,52,2025,November,25
25-11-2025,Rajasthan,142,Moderate,58.9,109.4,20.1,7.8,0.76,61.3,2025,November,25
25-11-2025,Sikkim,184,Moderate,74.7,131.4,31.5,9.4,1.08,53.7,2025,November,25
25-11-2025,Tamil Nadu,166,Moderate,70,125.5,24.9,7.6,0.95,61.7,2025,November,25
25-11-2025,Telangana,173,Moderate,76,122.5,27.9,8.6,1.04,59.1,2025,November,25
25-11-2025,Tripura,222,Poor,97.2,164.6,35.3,11.5,1.33,55.1,2025,November,25
25-11-2025,Uttar Pradesh,221,Poor,90.6,150.2,32.8,11.2,1.29,49.4,2025,November,25
25-11-2025,Uttarakhand,167,Moderate,67.2,127.6,28.7,8.4,0.92,54.6,2025,November,25
25-11-2025,West Bengal,127,Moderate,58,84.4,18.7,6.1,0.66,63.7,2025,November,25
26-11-2025,Andhra Pradesh,176,Moderate,69,134.7,30.2,8.7,0.88,53.1,2025,November,26
26-11-2025,Arunachal Pradesh,147,Moderate,66.2,97.6,25.8,8.3,0.83,60.9,2025,November,26
26-11-2025,Assam,179,Moderate,75.1,133.1,26.7,8.3,1.06,51.2,2025,November,26
26-11-2025,Bihar,155,Moderate,63.6,119.8,23.4,8.4,0.87,56.6,2025,November,26
26-11-2025,Chhattisgarh,174,Moderate,72.8,124.2,25.1,9.2,1.06,52.6,2025,November,26
26-11-2025,Goa,171,Moderate,68.1,119.8,25.7,8.3,0.94,59.7,2025,November,26
26-11-2025,Gujarat,139,Moderate,56,107.8,20,6.1,0.73,60.4,2025,November,26
26-11-2025,Haryana,141,Moderate,62.9,98.8,24,7.9,0.75,62.3,2025,November,26
26-11-2025,Himachal Pradesh,207,Poor,87.4,157.6,34.6,11.1,1.19,50.4,2025,November,26
26-11-2025,Jharkhand,220,Poor,95,159.2,37.8,11.4,1.18,56.7,2025,November,26
26-11-2025,Karnataka,153,Moderate,67.2,116.8,21.9,6.8,0.9,59.6,2025,November,26
26-11-2025,Kerala,212,Poor,84.9,153.4,32.9,9.6,1.27,55.9,2025,November,26
26-11-2025,Madhya Pradesh,152,Moderate,61.4,99.5,26.3,8.3,0.83,55.1,2025,November,26
26-11-2025,Maharashtra,202,Poor,82.2,146.6,30,9.7,1.2,51.5,2025,November,26
26-11-2025,Manipur,227,Poor,91.9,169.8,34.3,10.4,1.25,50.7,2025,November,26
26-11-2025,Meghalaya,150,Moderate,67.8,98.6,22.9,8.3,0.92,53.5,2025,November,26
26-11-2025,Mizoram,184,Moderate,76,124.5,31,9.8,0.98,51.5,2025,November,26
26-11-2025,Nagaland,180,Moderate,78.5,133.3,28.3,8.3,1.06,50.6,2025,November,26
26-11-2025,Odisha,205,Poor,89.3,153.5,34.3,9.3,1.07,53.6,2025,November,26
26-11-2025,Punjab,194,Moderate,87,131.9,31.9,10.6,1.01,50.8,2025,November,26
26-11-2025,Rajasthan,156,Moderate,71.1,120.5,27.3,7.2,0.85,60.8,2025,November,26
26-11-2025,Sikkim,210,Poor,93.2,154.6,31,9.8,1.22,49.4,2025,November,26
26-11-2025,Tamil Nadu,176,Moderate,77.8,119.5,30.6,8.2,0.99,51.4,2025,November,26
26-11-2025,Telangana,187,Moderate,74.3,141.9,29.1,9.5,1.1,52.5,2025,November,26
26-11-2025,Tripura,202,Poor,79.8,144.1,32,11.1,1.03,52.5,2025,November,26
26-11-2025,Uttar Pradesh,207,Poor,85.1,146.6,34.9,10.3,1.1,54.5,2025,November,26
26-11-2025,Uttarakhand,146,Moderate,57.3,100.9,26,7.6,0.84,59.8,2025,November,26
26-11-2025,West Bengal,161,Moderate,62.6,113.3,28.1,7.7,0.92,55.8,2025,November,26
27-11-2025,Andhra Pradesh,197,Moderate,79.2,139.1,30,10.5,1.15,52.5,2025,November,27
27-11-2025,Arunachal Pradesh,144,Moderate,60.4,108,24,6.9,0.85,61.1,2025,November,27
27-11-2025,Assam,189,Moderate,75.6,139.9,30.4,8.6,0.97,54.2,2025,November,27
27-11-2025,Bihar,143,Moderate,58.4,107.7,21.9,6.9,0.73,63.4,2025,November,27
27-11-2025,Chhattisgarh,152,Moderate,66.6,111.5,24.3,7.6,0.84,60.9,2025,November,27
27-11-2025,Goa,179,Moderate,70,126.3,28,9.2,0.93,56,2025,November,27
27-11-2025,Gujarat,144,Moderate,55.7,95.7,22.6,7.6,0.76,55.3,2025,November,27
27-11-2025,Haryana,136,Moderate,54.8,98.8,20.4,6.2,0.83,59.3,2025,November,27
27-11-2025,Himachal Pradesh,236,Poor,101.6,178.8,38.5,11,1.24,55.5,2025,November,27
27-11-2025,Jharkhand,210,Poor,94.2,155.8,33.7,9.6,1.13,50.6,2025,November,27
27-11-2025,Karnataka,132,Moderate,53.4,88,21.5,7.6,0.77,57.8,2025,November,27
27-11-2025,Kerala,210,Poor,92.4,141.3,32.7,10.3,1.09,51.4,2025,November,27
27-11-2025,Madhya Pradesh,127,Moderate,47.6,100.2,22.4,5.7,0.69,57.9,2025,November,27
27-11-2025,Maharashtra,217,Poor,94.8,159.9,34.6,11.4,1.15,48,2025,November,27
27-11-2025,Manipur,223,Poor,91.9,168.7,34.4,10.4,1.17,50.5,2025,November,27
27-11-2025,Meghalaya,182,Moderate,77.3,124.6,27.8,9.1,1.01,51,2025,November,27
27-11-2025,Mizoram,203,Poor,86.4,136.6,31,10.6,1.16,58.3,2025,November,27
27-11-2025,Nagaland,186,Moderate,78.6,124.6,28.5,8.8,1.1,50.8,2025,November,27
27-11-2025,Odisha,210,Poor,82.2,158.7,32.3,10.2,1.18,49.4,2025,November,27
27-11-2025,Punjab,198,Moderate,84.9,143.6,33.4,10,1.05,57.9,2025,November,27
27-11-2025,Rajasthan,137,Moderate,55.1,89.7,21,6.9,0.77,60.2,2025,November,27
27-11-2025,Sikkim,195,Moderate,82.9,142.8,28.4,9.5,1.11,56.4,2025,November,27
27-11-2025,Tamil Nadu,163,Moderate,65.2,109.8,26.6,7.7,0.97,61.8,2025,November,27
27-11-2025,Telangana,172,Moderate,72.8,126.6,27.8,8.5,1.01,56.1,2025,November,27
27-11-2025,Tripura,215,Poor,88.8,152.4,32.4,11.1,1.29,54.2,2025,November,27
27-11-2025,Uttar Pradesh,234,Poor,102.4,168.7,38.5,10.8,1.27,54.5,2025,November,27
27-11-2025,Uttarakhand,155,Moderate,70.1,108.4,24.1,7.5,0.88,57.7,2025,November,27
27-11-2025,West Bengal,120,Moderate,48,86.4,21.8,6.7,0.63,58.3,2025,November,27
28-11-2025,Andhra Pradesh,203,Poor,84,154.5,35.3,10,1.07,53.6,2025,November,28
28-11-2025,Arunachal Pradesh,141,Moderate,53.5,104.1,24.1,6.2,0.8,58.7,2025,November,28
28-11-2025,Assam,189,Moderate,83.9,137.7,30,8.5,1.09,53.3,2025,November,28
28-11-2025,Bihar,172,Moderate,68.7,132.3,28.6,9.2,0.95,53.9,2025,November,28
28-11-2025,Chhattisgarh,156,Moderate,65.1,109.5,25.4,8.2,0.81,54.2,2025,November,28
28-11-2025,Goa,178,Moderate,70.6,127.2,30.8,9.5,1.08,56.1,2025,November,28
28-11-2025,Gujarat,130,Moderate,57.5,92,22.8,5.9,0.66,60.3,2025,November,28
28-11-2025,Haryana,149,Moderate,63.8,106,26.4,7.8,0.82,58.9,2025,November,28
28-11-2025,Himachal Pradesh,199,Moderate,87.4,136.8,30.1,9.7,1.06,57.5,2025,November,28
28-11-2025,Jharkhand,190,Moderate,76.4,128.4,31.8,9.6,1.05,53,2025,November,28
28-11-2025,Karnataka,175,Moderate,74.2,122.7,29.8,8.9,0.98,55.7,2025,November,28
28-11-2025,Kerala,184,Moderate,82.1,142,28.6,8.8,0.97,53.2,2025,November,28
28-11-2025,Madhya Pradesh,150,Moderate,66.1,98.8,21,7.6,0.79,57.9,2025,November,28
28-11-2025,Maharashtra,208,Poor,87.4,159.5,35.6,9.9,1.16,51.2,2025,November,28
28-11-2025,Manipur,204,Poor,87,140.5,30.5,9.2,1.22,48.8,2025,November,28
28-11-2025,Meghalaya,157,Moderate,67.6,122,23,8.4,0.85,56.7,2025,November,28
28-11-2025,Mizoram,200,Moderate,79,143,34.7,10,1.19,58.1,2025,November,28
28-11-2025,Nagaland,204,Poor,91.2,144.6,30.1,9.4,1.15,58.1,2025,November,28
28-11-2025,Odisha,169,Moderate,66.5,127.9,27.9,7.7,0.94,55.4,2025,November,28
28-11-2025,Punjab,217,Poor,96.3,147.6,34.9,11,1.3,52.6,2025,November,28
28-11-2025,Rajasthan,152,Moderate,60.6,115.7,22.9,8.1,0.85,60.4,2025,November,28
28-11-2025,Sikkim,182,Moderate,77.5,121.6,28,8.9,1.01,53.8,2025,November,28
28-11-2025,Tamil Nadu,202,Poor,89.1,139.9,34.8,9.5,1.21,50.8,2025,November,28
28-11-2025,Telangana,145,Moderate,61.7,95,25.7,7.2,0.78,56.4,2025,November,28
28-11-2025,Tripura,211,Poor,91.9,155.2,34.5,9.9,1.09,50.8,2025,November,28
28-11-2025,Uttar Pradesh,217,Poor,92.1,155.3,33,10.8,1.16,57.5,2025,November,28
28-11-2025,Uttarakhand,166,Moderate,72.1,120.2,27.4,8.5,0.97,60.2,2025,November,28
28-11-2025,West Bengal,150,Moderate,65.7,106.9,22.2,7.6,0.87,54.1,2025,November,28
29-11-2025,Andhra Pradesh,212,Poor,93.1,156.7,32.6,9.7,1.21,52.4,2025,November,29
29-11-2025,Arunachal Pradesh,121,Moderate,50.2,87,19.4,6.7,0.63,63.2,2025,November,29
29-11-2025,Assam,184,Moderate,78.7,129.5,28.5,9.9,1.11,51.9,2025,November,29
29-11-2025,Bihar,169,Moderate,74.8,122.9,27.9,8.7,0.9,57.8,2025,November,29
29-11-2025,Chhattisgarh,160,Moderate,63.7,118.8,24,7.4,0.85,62,2025,November,29
29-11-2025,Goa,131,Moderate,50.6,86.4,23.4,6.2,0.65,58.3,2025,November,29
29-11-2025,Gujarat,176,Moderate,68.8,118,27.3,9.2,0.96,52.3,2025,November,29
29-11-2025,Haryana,120,Moderate,52.2,76.9,20.2,6.6,0.66,62.9,2025,November,29
29-11-2025,Himachal Pradesh,203,Poor,83.6,146.3,35.2,10.1,1.03,55.8,2025,November,29
29-11-2025,Jharkhand,236,Poor,96.7,163.3,37.6,10.9,1.4,51.1,2025,November,29
29-11-2025,Karnataka,147,Moderate,58,96,25.5,7,0.77,59.4,2025,November,29
29-11-2025,Kerala,175,Moderate,71.6,125.5,25.5,9.1,1,53.5,2025,November,29
29-11-2025,Madhya Pradesh,111,Moderate,49.9,84.9,15.8,5.2,0.53,59.2,2025,November,29
29-11-2025,Maharashtra,218,Poor,87.3,161.5,33.9,10.6,1.23,54.1,2025,November,29
29-11-2025,Manipur,217,Poor,87.7,163.9,33.6,10.5,1.12,53.7,2025,November,29
29-11-2025,Meghalaya,153,Moderate,66,118.4,23.1,6.7,0.79,60,2025,November,29
29-11-2025,Mizoram,169,Moderate,68.6,128.2,25.8,8.8,0.97,58.8,2025,November,29
29-11-2025,Nagaland,217,Poor,90.9,157.6,36.4,11.8,1.29,50,2025,November,29
29-11-2025,Odisha,204,Poor,90.7,138.8,30.3,9.5,1.17,50.2,2025,November,29
29-11-2025,Punjab,185,Moderate,73.4,142.4,30.1,8.4,0.99,55.3,2025,November,29
29-11-2025,Rajasthan,151,Moderate,63.5,101.8,21.7,6.9,0.85,59.7,2025,November,29
29-11-2025,Sikkim,203,Poor,90.9,145.9,33,10.3,1.05,55.3,2025,November,29
29-11-2025,Tamil Nadu,156,Moderate,63.7,104,26.8,7.9,0.77,53,2025,November,29
29-11-2025,Telangana,183,Moderate,80,126.3,27.5,8.8,1.02,52,2025,November,29
29-11-2025,Tripura,182,Moderate,73.7,121.8,31.1,8.4,1.09,56.2,2025,November,29
29-11-2025,Uttar Pradesh,233,Poor,96.5,163.8,39.1,12.6,1.2,53.8,2025,November,29
29-11-2025,Uttarakhand,150,Moderate,66.3,115,26.8,7.1,0.83,62.8,2025,November,29
29-11-2025,West Bengal,144,Moderate,64.5,106.4,21.7,7.2,0.87,62.9,2025,November,29
30-11-2025,Andhra Pradesh,179,Moderate,70.6,138.1,28.3,8,0.96,60.1,2025,November,30
30-11-2025,Arunachal Pradesh,122,Moderate,46.8,83,20.5,6.2,0.63,58.9,2025,November,30
30-11-2025,Assam,206,Poor,86.9,144.8,35.5,9.3,1.05,52.4,2025,November,30
30-11-2025,Bihar,158,Moderate,60.9,109.8,27.1,7.9,0.85,55.3,2025,November,30
30-11-2025,Chhattisgarh,163,Moderate,63,116,23.9,7.3,0.95,58.1,2025,November,30
30-11-2025,Goa,179,Moderate,77.1,128.7,26.6,8.5,1.02,60.5,2025,November,30
30-11-2025,Gujarat,141,Moderate,61,104.6,24.1,6.8,0.77,61.4,2025,November,30
30-11-2025,Haryana,123,Moderate,56,87.2,17.6,5.8,0.61,61.7,2025,November,30
30-11-2025,Himachal Pradesh,209,Poor,83.1,154.7,31,11.2,1.19,57.6,2025,November,30
30-11-2025,Jharkhand,217,Poor,91.2,149.3,34.6,10.1,1.21,47.9,2025,November,30
30-11-2025,Karnataka,175,Moderate,70.9,123.8,26.3,9.4,1,55.7,2025,November,30
30-11-2025,Kerala,203,Poor,90.4,152.7,30.5,9.4,1.06,54.6,2025,November,30
30-11-2025,Madhya Pradesh,126,Moderate,47.5,89.8,19.1,6.1,0.69,55,2025,November,30
30-11-2025,Maharashtra,197,Moderate,82.6,146.7,28.6,8.9,1.03,53.1,2025,November,30
30-11-2025,Manipur,214,Poor,88.2,163,32.7,11.2,1.19,56.6,2025,November,30
30-11-2025,Meghalaya,157,Moderate,71.2,104.3,22.1,8.4,0.83,58.1,2025,November,30
30-11-2025,Mizoram,175,Moderate,68,118.9,26.6,8.4,1.07,56.6,2025,November,30
30-11-2025,Nagaland,221,Poor,95,159.9,34.6,10.6,1.26,51.5,2025,November,30
30-11-2025,Odisha,187,Moderate,76.1,135.1,31.3,8.6,1,58.7,2025,November,30
30-11-2025,Punjab,226,Poor,99.1,167.6,36.6,11.5,1.18,53.6,2025,November,30
30-11-2025,Rajasthan,113,Moderate,48.6,83.8,17.6,5.3,0.66,59.9,2025,November,30
30-11-2025,Sikkim,218,Poor,92.8,148.2,36.1,11.7,1.24,48.2,2025,November,30
30-11-2025,Tamil Nadu,157,Moderate,69.3,113.6,23,6.9,0.89,54.1,2025,November,30
30-11-2025,Telangana,169,Moderate,69.9,116.5,29.4,8.4,0.94,52.7,2025,November,30
30-11-2025,Tripura,194,Moderate,83.8,145.6,32.1,10.2,1.13,53.7,2025,November,30
30-11-2025,Uttar Pradesh,221,Poor,94.4,150,35,10.8,1.19,50.2,2025,November,30
30-11-2025,Uttarakhand,145,Moderate,64.5,106.3,20.8,7.7,0.85,56.7,2025,November,30
30-11-2025,West Bengal,136,Moderate,54.2,91.7,19.6,7.2,0.77,56.1,2025,November,30
01-12-2025,Andhra Pradesh,198,Moderate,84.9,134.7,33.4,9.1,1.16,49.4,2025,December,1
01-12-2025,Arunachal Pradesh,111,Moderate,44.5,86.9,19.8,6,0.7,65.4,2025,December,1
01-12-2025,Assam,187,Moderate,73.3,139.4,30.6,9.6,0.99,50.3,2025,December,1
01-12-2025,Bihar,159,Moderate,70.2,109.6,27,7.3,0.8,56,2025,December,1
01-12-2025,Chhattisgarh,159,Moderate,67.2,120,27.6,8.8,0.87,62.1,2025,December,1
01-12-2025,Goa,157,Moderate,62.7,110.6,23.3,7.4,0.82,58,2025,December,1
01-12-2025,Gujarat,147,Moderate,57.9,113.9,25,6.8,0.84,60.5,2025,December,1
01-12-2025,Haryana,110,Moderate,46,82.2,16.6,5.8,0.66,61.4,2025,December,1
01-12-2025,Himachal Pradesh,206,Poor,89,152.6,30.2,10.5,1.21,54.4,2025,December,1
01-12-2025,Jharkhand,204,Poor,85.1,146.9,30.7,9.8,1.19,57.9,2025,December,1
01-12-2025,Karnataka,150,Moderate,61.2,103.7,25.5,7.1,0.79,54,2025,December,1
01-12-2025,Kerala,220,Poor,93.4,155.1,36.9,11.7,1.27,55.1,2025,December,1
01-12-2025,Madhya Pradesh,157,Moderate,71.4,116.1,27.3,8.8,0.92,60.4,2025,December,1
01-12-2025,Maharashtra,201,Poor,89.4,153.2,30,11,1.15,52.4,2025,December,1
01-12-2025,Manipur,180,Moderate,74.9,137.5,29.3,9.7,1.01,51.2,2025,December,1
01-12-2025,Meghalaya,167,Moderate,65.2,129.7,25.7,7.4,0.9,54.4,2025,December,1
01-12-2025,Mizoram,205,Poor,86.2,151.6,30.3,10.7,1.08,52.5,2025,December,1
01-12-2025,Nagaland,220,Poor,87.5,166,33.8,11.9,1.21,48.6,2025,December,1
01-12-2025,Odisha,194,Moderate,81.8,144.5,31.9,10.3,1.01,51.3,2025,December,1
01-12-2025,Punjab,221,Poor,98.7,160.7,34.9,11.9,1.29,56,2025,December,1
01-12-2025,Rajasthan,147,Moderate,57.5,115,24.7,7.5,0.79,59.8,2025,December,1
01-12-2025,Sikkim,193,Moderate,85.7,146,32.3,9.3,1.05,51,2025,December,1
01-12-2025,Tamil Nadu,190,Moderate,83.4,137.4,28.8,9.1,1.12,57.6,2025,December,1
01-12-2025,Telangana,141,Moderate,63.3,95.9,20,6.9,0.7,60.6,2025,December,1
01-12-2025,Tripura,194,Moderate,84.8,145.2,28.4,9.7,1.14,56,2025,December,1
01-12-2025,Uttar Pradesh,214,Poor,89.7,163.3,35.6,10.8,1.23,53.7,2025,December,1
01-12-2025,Uttarakhand,171,Moderate,72.1,121.7,25.5,7.9,0.86,51.8,2025,December,1
01-12-2025,West Bengal,118,Moderate,53.2,79.8,19,6.4,0.58,56.9,2025,December,1
02-12-2025,Andhra Pradesh,204,Poor,86,138,33.5,10.8,1.07,48.9,2025,December,2
02-12-2025,Arunachal Pradesh,133,Moderate,50.4,98.2,19.7,6.4,0.81,62.3,2025,December,2
02-12-2025,Assam,177,Moderate,76.4,126.5,26.4,7.9,0.92,56.8,2025,December,2
02-12-2025,Bihar,186,Moderate,75.8,129.2,30.1,9.7,1.09,51.4,2025,December,2
02-12-2025,Chhattisgarh,169,Moderate,71.8,123.1,27.5,7.7,1.01,60.1,2025,December,2
02-12-2025,Goa,159,Moderate,66.6,121.5,26,7.5,0.8,56.3,2025,December,2
02-12-2025,Gujarat,165,Moderate,68.4,125.9,26.9,8.4,0.91,56,2025,December,2
02-12-2025,Haryana,150,Moderate,63.8,117.6,22.7,7.7,0.86,62.4,2025,December,2
02-12-2025,Himachal Pradesh,228,Poor,100.5,173.6,36.1,10.7,1.24,55.8,2025,December,2
02-12-2025,Jharkhand,215,Poor,89.1,153.1,33.9,10.4,1.24,55.3,2025,December,2
02-12-2025,Karnataka,160,Moderate,62.2,106,23.9,8,0.98,53.9,2025,December,2
02-12-2025,Kerala,197,Moderate,78.7,151.6,32.4,9.9,1.07,52.7,2025,December,2
02-12-2025,Madhya Pradesh,116,Moderate,50.5,76.9,18.8,5,0.71,56.6,2025,December,2
02-12-2025,Maharashtra,171,Moderate,76.2,119.6,25.2,8.2,0.9,52.7,2025,December,2
02-12-2025,Manipur,203,Poor,81.5,148.5,29.6,9.6,1.1,58.1,2025,December,2
02-12-2025,Meghalaya,182,Moderate,77.5,132.9,27.6,8.3,0.94,59.3,2025,December,2
02-12-2025,Mizoram,176,Moderate,69,117.3,25.4,8.5,0.94,58.2,2025,December,2
02-12-2025,Nagaland,226,Poor,91,155.7,36.3,11.8,1.32,48.1,2025,December,2
02-12-2025,Odisha,191,Moderate,78.6,144.1,30.4,9.6,1.08,52.3,2025,December,2
02-12-2025,Punjab,214,Poor,89.5,158.8,33.4,10.7,1.23,52.9,2025,December,2
02-12-2025,Rajasthan,124,Moderate,49.9,95.1,21.4,7.2,0.77,58,2025,December,2
02-12-2025,Sikkim,203,Poor,85.1,148.2,31.4,10.5,1.16,49.8,2025,December,2
02-12-2025,Tamil Nadu,165,Moderate,71.8,127.5,25.8,8.2,0.88,59.2,2025,December,2
02-12-2025,Telangana,168,Moderate,68.6,129.1,29.5,8.6,0.94,51.9,2025,December,2
02-12-2025,Tripura,199,Moderate,85.1,133.5,32,10.4,1.01,56,2025,December,2
02-12-2025,Uttar Pradesh,227,Poor,95.6,156.3,35.5,10.9,1.23,49.5,2025,December,2
02-12-2025,Uttarakhand,130,Moderate,56.8,100.9,18.7,7.3,0.8,56.2,2025,December,2
02-12-2025,West Bengal,144,Moderate,58.6,96.6,22.9,7.9,0.89,58.4,2025,December,2
03-12-2025,Andhra Pradesh,169,Moderate,68.6,125.8,25.9,8.3,0.94,57.8,2025,December,3
03-12-2025,Arunachal Pradesh,127,Moderate,52.7,87.3,23.3,5.7,0.72,57.4,2025,December,3
03-12-2025,Assam,208,Poor,88.4,153.5,32.4,10.2,1.16,56.1,2025,December,3
03-12-2025,Bihar,142,Moderate,61.7,93.9,25.3,8.1,0.73,54.5,2025,December,3
03-12-2025,Chhattisgarh,174,Moderate,77.3,124.3,25.8,8.5,0.89,58.5,2025,December,3
03-12-2025,Goa,159,Moderate,71.7,109.4,25.7,7.8,0.93,55.7,2025,December,3
03-12-2025,Gujarat,128,Moderate,55.5,84.8,19.2,6.9,0.65,63.7,2025,December,3
03-12-2025,Haryana,138,Moderate,58.7,104.5,24.8,7.1,0.83,61.3,2025,December,3
03-12-2025,Himachal Pradesh,231,Poor,91.9,159.1,38.9,10.9,1.27,54.2,2025,December,3
03-12-2025,Jharkhand,213,Poor,85.7,155.6,32.7,10.5,1.17,50.9,2025,December,3
03-12-2025,Karnataka,164,Moderate,72.1,121.1,28.4,8.8,1,60.2,2025,December,3
03-12-2025,Kerala,206,Poor,80.5,151.6,31.1,10.5,1.18,54.9,2025,December,3
03-12-2025,Madhya Pradesh,132,Moderate,58.3,91.9,21.5,6.9,0.8,56.2,2025,December,3
03-12-2025,Maharashtra,217,Poor,95.2,147.1,33,11,1.15,52.6,2025,December,3
03-12-2025,Manipur,202,Poor,85.7,137.3,32.8,10.6,1.15,58.3,2025,December,3
03-12-2025,Meghalaya,138,Moderate,60.4,106.4,21.3,7.2,0.72,57.2,2025,December,3
03-12-2025,Mizoram,191,Moderate,84.9,128.6,31,8.6,0.97,50,2025,December,3
03-12-2025,Nagaland,218,Poor,87.4,151.6,36.4,11.8,1.2,52.2,2025,December,3
03-12-2025,Odisha,204,Poor,83.6,148.9,35.3,9.4,1.11,58,2025,December,3
03-12-2025,Punjab,225,Poor,100.1,163.9,35.3,10.3,1.29,55.6,2025,December,3
03-12-2025,Rajasthan,155,Moderate,64.5,106.3,24.9,8.4,0.85,59.9,2025,December,3
03-12-2025,Sikkim,198,Moderate,86,141.9,29,10.4,1.19,53.1,2025,December,3
03-12-2025,Tamil Nadu,184,Moderate,77.1,128.6,29,9.7,1,55,2025,December,3
03-12-2025,Telangana,182,Moderate,73.5,128.5,27.1,9.8,0.97,60.2,2025,December,3
03-12-2025,Tripura,187,Moderate,76.3,140.5,32.7,9.6,0.94,58,2025,December,3
03-12-2025,Uttar Pradesh,230,Poor,91,166.4,34.6,11.2,1.36,54.1,2025,December,3
03-12-2025,Uttarakhand,174,Moderate,70.5,132.4,28.9,8.4,1.06,56.6,2025,December,3
03-12-2025,West Bengal,145,Moderate,59.7,94.5,23.6,7,0.88,58.6,2025,December,3
04-12-2025,Andhra Pradesh,181,Moderate,77.7,136.3,26.1,9.7,0.91,54,2025,December,4
04-12-2025,Arunachal Pradesh,140,Moderate,55.2,95.3,25.4,6.7,0.77,61.8,2025,December,4
04-12-2025,Assam,219,Poor,90.2,154.8,32.2,10.3,1.3,50.2,2025,December,4
04-12-2025,Bihar,142,Moderate,56.2,94.6,20.5,7.1,0.73,56.2,2025,December,4
04-12-2025,Chhattisgarh,161,Moderate,71.6,106.2,22.9,8.5,0.96,52.6,2025,December,4
04-12-2025,Goa,174,Moderate,71.1,120.9,28.6,8.4,0.95,55.7,2025,December,4
04-12-2025,Gujarat,136,Moderate,53.5,93.2,23.2,6.5,0.66,54.4,2025,December,4
04-12-2025,Haryana,153,Moderate,69.5,112.3,26.6,7.5,0.83,56.1,2025,December,4
04-12-2025,Himachal Pradesh,199,Moderate,84.8,145.6,30.8,10.1,1.15,51.3,2025,December,4
04-12-2025,Jharkhand,190,Moderate,77.5,142.4,28.8,9.3,1.13,58.3,2025,December,4
04-12-2025,Karnataka,159,Moderate,65.9,114,24.8,8.5,0.98,58.1,2025,December,4
04-12-2025,Kerala,182,Moderate,76.2,140,29.8,9,1.02,57.2,2025,December,4
04-12-2025,Madhya Pradesh,127,Moderate,57.8,88.5,21.8,6.8,0.75,57.1,2025,December,4
04-12-2025,Maharashtra,210,Poor,86.2,141.4,36.5,9.8,1.23,54.9,2025,December,4
04-12-2025,Manipur,180,Moderate,73.6,131.4,26.4,8.3,1.07,59.9,2025,December,4
04-12-2025,Meghalaya,137,Moderate,53.6,101.7,21,6.4,0.77,55.2,2025,December,4
04-12-2025,Mizoram,183,Moderate,76.2,127,26.7,9.9,0.93,59.2,2025,December,4
04-12-2025,Nagaland,215,Poor,93.6,157,33.3,10.2,1.17,56.2,2025,December,4
04-12-2025,Odisha,190,Moderate,84.9,132,30.8,8.8,1.01,55.2,2025,December,4
04-12-2025,Punjab,203,Poor,83.3,138.9,32.5,9.5,1.22,57.6,2025,December,4
04-12-2025,Rajasthan,149,Moderate,57.1,104.6,22.1,7.5,0.92,61.2,2025,December,4
04-12-2025,Sikkim,187,Moderate,73.3,142.6,30.2,9.4,1.06,57.1,2025,December,4
04-12-2025,Tamil Nadu,174,Moderate,67.3,132.8,30.2,9.5,0.97,52.1,2025,December,4
04-12-2025,Telangana,179,Moderate,79.7,133,26.1,9,1.08,55.1,2025,December,4
04-12-2025,Tripura,203,Poor,84.1,137.6,32.1,10,1.15,56.9,2025,December,4
04-12-2025,Uttar Pradesh,209,Poor,86.3,152.2,31.8,10.2,1.2,54,2025,December,4
04-12-2025,Uttarakhand,140,Moderate,60.9,92.3,20,7.5,0.86,61,2025,December,4
04-12-2025,West Bengal,112,Moderate,44.4,76.9,16,6.5,0.64,60.1,2025,December,4
05-12-2025,Andhra Pradesh,184,Moderate,80.7,132,28.3,9.5,0.98,50.6,2025,December,5
05-12-2025,Arunachal Pradesh,158,Moderate,64.9,112.1,24.9,8.4,0.91,55.7,2025,December,5
05-12-2025,Assam,201,Poor,84.8,136,29.5,10.5,1.19,53.2,2025,December,5
05-12-2025,Bihar,180,Moderate,81.4,136,31.2,8.7,1.1,59.9,2025,December,5
05-12-2025,Chhattisgarh,185,Moderate,81.7,143.1,31.7,9.6,0.95,53.5,2025,December,5
05-12-2025,Goa,135,Moderate,60.6,91.1,20.5,5.9,0.7,61.7,2025,December,5
05-12-2025,Gujarat,153,Moderate,59.4,106,24.2,8.1,0.8,57.1,2025,December,5
05-12-2025,Haryana,149,Moderate,68.1,110.9,23.4,7.1,0.76,56.7,2025,December,5
05-12-2025,Himachal Pradesh,215,Poor,86.7,149.3,33.7,9.9,1.21,50.7,2025,December,5
05-12-2025,Jharkhand,203,Poor,86.6,143.1,30.7,9.3,1.15,52.5,2025,December,5
05-12-2025,Karnataka,145,Moderate,59.3,99,24.9,6.5,0.74,58.1,2025,December,5
05-12-2025,Kerala,186,Moderate,82.8,125,26.8,8.4,1,57.3,2025,December,5
05-12-2025,Madhya Pradesh,114,Moderate,49.9,86.4,18.3,5.3,0.66,61.5,2025,December,5
05-12-2025,Maharashtra,199,Moderate,83.5,136,32.5,10.3,1.11,51.4,2025,December,5
05-12-2025,Manipur,197,Moderate,85,147.9,29.4,10.7,1.01,53.5,2025,December,5
05-12-2025,Meghalaya,146,Moderate,61.9,111.8,26,6.8,0.72,60.8,2025,December,5
05-12-2025,Mizoram,170,Moderate,76.4,113.1,26.2,9.4,0.93,55.8,2025,December,5
05-12-2025,Nagaland,229,Poor,97.1,169.6,34.7,11.3,1.25,47.8,2025,December,5
05-12-2025,Odisha,195,Moderate,80.1,143.8,31.2,8.8,1,56.5,2025,December,5
05-12-2025,Punjab,221,Poor,94.4,150.7,35.1,11.8,1.23,52.3,2025,December,5
05-12-2025,Rajasthan,141,Moderate,64.4,92.3,23.9,7.1,0.71,61.1,2025,December,5
05-12-2025,Sikkim,186,Moderate,81.2,136.1,27.1,8.7,1.07,51.7,2025,December,5
05-12-2025,Tamil Nadu,177,Moderate,75,131.2,29.8,8.5,0.97,56.9,2025,December,5
05-12-2025,Telangana,179,Moderate,76.3,121,31.1,9.7,0.9,54.1,2025,December,5
05-12-2025,Tripura,190,Moderate,76.8,135,28.9,10.2,1.03,54.5,2025,December,5
05-12-2025,Uttar Pradesh,193,Moderate,84.9,138.1,32.9,9.5,1.14,56.7,2025,December,5
05-12-2025,Uttarakhand,171,Moderate,76.7,124.2,26.5,8,1.02,54.8,2025,December,5
05-12-2025,West Bengal,122,Moderate,57.2,89.9,16.9,5.4,0.63,59,2025,December,5
06-12-2025,Andhra Pradesh,168,Moderate,73.9,129,29.3,7.7,1.02,60.3,2025,December,6
06-12-2025,Arunachal Pradesh,123,Moderate,46.8,93.2,22.5,7,0.63,61.9,2025,December,6
06-12-2025,Assam,201,Poor,82.4,143.2,33.9,9.3,1.06,54.5,2025,December,6
06-12-2025,Bihar,163,Moderate,65.8,117.3,24.8,7.8,0.93,60.6,2025,December,6
06-12-2025,Chhattisgarh,166,Moderate,72.4,110.6,27.5,9,1,53.8,2025,December,6
06-12-2025,Goa,156,Moderate,63,115.8,22.3,8.8,0.94,55.4,2025,December,6
06-12-2025,Gujarat,129,Moderate,57.9,86.5,19.7,5.9,0.65,60.1,2025,December,6
06-12-2025,Haryana,114,Moderate,51.5,82,17.5,4.9,0.69,61.9,2025,December,6
06-12-2025,Himachal Pradesh,204,Poor,84.9,153.3,29.9,9.9,1.18,55.5,2025,December,6
06-12-2025,Jharkhand,190,Moderate,76.2,141.1,30.5,9,1.01,59.7,2025,December,6
06-12-2025,Karnataka,142,Moderate,64.2,110.8,24.8,6.2,0.88,60.8,2025,December,6
06-12-2025,Kerala,211,Poor,93.4,148.3,35.7,10.6,1.1,54.3,2025,December,6
06-12-2025,Madhya Pradesh,134,Moderate,55.2,94.3,20.5,6.4,0.75,62.1,2025,December,6
06-12-2025,Maharashtra,209,Poor,83,147.8,34.3,10.2,1.2,57.6,2025,December,6
06-12-2025,Manipur,221,Poor,93.6,166.1,35.3,11.9,1.16,51.5,2025,December,6
06-12-2025,Meghalaya,167,Moderate,72.1,122.9,24.7,8.3,0.95,54.8,2025,December,6
06-12-2025,Mizoram,172,Moderate,77.7,119.2,26.2,9.6,0.92,53,2025,December,6
06-12-2025,Nagaland,204,Poor,90.7,139,34.6,9.2,1.1,53.9,2025,December,6
06-12-2025,Odisha,167,Moderate,66.3,129.1,25.6,9.1,0.95,58,2025,December,6
06-12-2025,Punjab,219,Poor,87.6,165.9,37.9,10.2,1.24,50.6,2025,December,6
06-12-2025,Rajasthan,118,Moderate,47.1,84,20.9,6.3,0.68,64,2025,December,6
06-12-2025,Sikkim,212,Poor,86.3,148.4,31.5,10.6,1.25,51.9,2025,December,6
06-12-2025,Tamil Nadu,170,Moderate,76.4,115.9,27.3,9.1,0.99,59.1,2025,December,6
06-12-2025,Telangana,172,Moderate,75.1,120.2,25.9,7.6,0.96,55.6,2025,December,6
06-12-2025,Tripura,174,Moderate,76.5,130.2,28.9,9.4,0.95,52.1,2025,December,6
06-12-2025,Uttar Pradesh,222,Poor,87.5,164.9,34.2,10.4,1.24,56.3,2025,December,6
06-12-2025,Uttarakhand,145,Moderate,59.6,102.1,22.2,6.8,0.73,63.4,2025,December,6
06-12-2025,West Bengal,120,Moderate,49.4,91.3,21.9,6.6,0.7,60.7,2025,December,6
07-12-2025,Andhra Pradesh,191,Moderate,75.2,140.2,28.1,9.9,1.09,53.9,2025,December,7
07-12-2025,Arunachal Pradesh,134,Moderate,52.7,96.1,19.8,6.9,0.83,60,2025,December,7
07-12-2025,Assam,178,Moderate,71.5,119.3,27.4,9,0.91,57.5,2025,December,7
07-12-2025,Bihar,171,Moderate,70.9,126.5,28.5,8.6,0.87,55,2025,December,7
07-12-2025,Chhattisgarh,138,Moderate,61.7,94.9,20.2,6.4,0.81,59.9,2025,December,7
07-12-2025,Goa,178,Moderate,71.9,121.9,30.6,9.8,0.92,52.8,2025,December,7
07-12-2025,Gujarat,174,Moderate,77.2,119.7,25.8,8.8,1.02,51.6,2025,December,7
07-12-2025,Haryana,134,Moderate,62,96.1,20.4,6.2,0.76,61.3,2025,December,7
07-12-2025,Himachal Pradesh,210,Poor,88.3,157.5,31.1,9.8,1.18,49.4,2025,December,7
07-12-2025,Jharkhand,239,Poor,99.2,172.1,38.7,11.6,1.28,51.2,2025,December,7
07-12-2025,Karnataka,170,Moderate,74.7,115.6,24.6,9.2,0.9,54.7,2025,December,7
07-12-2025,Kerala,196,Moderate,85.2,147.4,28.9,9.4,1.11,49.4,2025,December,7
07-12-2025,Madhya Pradesh,155,Moderate,59.6,108.5,27.5,7.7,0.89,55.4,2025,December,7
07-12-2025,Maharashtra,181,Moderate,74.4,133.4,30.2,9,0.98,59.6,2025,December,7
07-12-2025,Manipur,211,Poor,83.6,152.7,36.5,11.3,1.15,53.2,2025,December,7
07-12-2025,Meghalaya,170,Moderate,76.1,131.3,29.9,7.6,0.87,54.6,2025,December,7
07-12-2025,Mizoram,198,Moderate,79.5,139.1,33.2,9.8,1.05,52.1,2025,December,7
07-12-2025,Nagaland,229,Poor,90.8,173,33.8,10.5,1.31,55.9,2025,December,7
07-12-2025,Odisha,169,Moderate,69.9,124.4,25.3,8.1,1.03,57.4,2025,December,7
07-12-2025,Punjab,186,Moderate,81.3,132.1,32,9.2,0.96,56,2025,December,7
07-12-2025,Rajasthan,134,Moderate,56.4,104.3,21.1,6.2,0.69,61.6,2025,December,7
07-12-2025,Sikkim,178,Moderate,72.9,137.1,27.6,8.1,1.08,52.6,2025,December,7
07-12-2025,Tamil Nadu,152,Moderate,68.9,105,25.8,8.4,0.8,53.3,2025,December,7
07-12-2025,Telangana,153,Moderate,60.9,110.1,21.8,8,0.93,53.6,2025,December,7
07-12-2025,Tripura,201,Poor,90.1,143,33.4,10.1,1.11,55.4,2025,December,7
07-12-2025,Uttar Pradesh,231,Poor,96.7,166.4,39.1,12.3,1.25,51.6,2025,December,7
07-12-2025,Uttarakhand,131,Moderate,50.1,97.8,19.6,5.8,0.67,60.4,2025,December,7
07-12-2025,West Bengal,123,Moderate,56.7,87.3,21.7,6.5,0.72,55.3,2025,December,7
08-12-2025,Andhra Pradesh,186,Moderate,79.3,132,26.9,9,0.98,50.2,2025,December,8
08-12-2025,Arunachal Pradesh,134,Moderate,55.5,89,19.3,7,0.7,61.7,2025,December,8
08-12-2025,Assam,218,Poor,86.2,147.6,35.4,11.6,1.11,48.7,2025,December,8
08-12-2025,Bihar,166,Moderate,73.4,112.8,24.8,7.3,0.91,59.2,2025,December,8
08-12-2025,Chhattisgarh,158,Moderate,69.4,106.8,24.5,8.5,0.89,54.5,2025,December,8
08-12-2025,Goa,163,Moderate,70.7,111.2,24.1,8.2,0.89,56.8,2025,December,8
08-12-2025,Gujarat,172,Moderate,71,116.1,26.6,9.2,0.98,56.3,2025,December,8
08-12-2025,Haryana,126,Moderate,58.3,85.6,23,5.5,0.66,55.8,2025,December,8
08-12-2025,Himachal Pradesh,203,Poor,80.2,148.6,34.3,9.3,1.16,49.7,2025,December,8
08-12-2025,Jharkhand,195,Moderate,82.3,143.1,30.1,8.8,1.05,58.1,2025,December,8
08-12-2025,Karnataka,155,Moderate,70.3,114.7,24.2,8,0.81,62.4,2025,December,8
08-12-2025,Kerala,184,Moderate,78.1,123.2,26.4,9.5,0.93,53.7,2025,December,8
08-12-2025,Madhya Pradesh,115,Moderate,47.6,78.6,20.7,4.8,0.68,57.7,2025,December,8
08-12-2025,Maharashtra,214,Poor,90.9,156.9,36.5,10.1,1.26,55.3,2025,December,8
08-12-2025,Manipur,217,Poor,91.1,163.5,37.2,10.2,1.25,57,2025,December,8
08-12-2025,Meghalaya,145,Moderate,61.3,105.3,23.5,7.3,0.82,56.2,2025,December,8
08-12-2025,Mizoram,205,Poor,86,155.7,33.1,11,1.08,50.3,2025,December,8
08-12-2025,Nagaland,187,Moderate,80.6,139.3,29.3,9,0.97,55.9,2025,December,8
08-12-2025,Odisha,163,Moderate,62.7,122.6,23.8,8.6,0.94,57.4,2025,December,8
08-12-2025,Punjab,227,Poor,94.7,160.7,36.2,12.3,1.2,47.1,2025,December,8
08-12-2025,Rajasthan,141,Moderate,55.8,94.6,24.8,7.6,0.83,63.3,2025,December,8
08-12-2025,Sikkim,190,Moderate,83,136.7,29.8,9.3,0.98,50.1,2025,December,8
08-12-2025,Tamil Nadu,176,Moderate,69.7,124.7,25.4,8.7,1.02,52.5,2025,December,8
08-12-2025,Telangana,173,Moderate,74.1,128.9,26.5,9.5,1.01,51.7,2025,December,8
08-12-2025,Tripura,173,Moderate,71.7,132.2,28.8,8,1.02,60,2025,December,8
08-12-2025,Uttar Pradesh,209,Poor,92,140.7,36.1,10.8,1.13,52.1,2025,December,8
08-12-2025,Uttarakhand,171,Moderate,77.2,123.3,27.3,7.8,0.98,54.8,2025,December,8
08-12-2025,West Bengal,132,Moderate,57.4,102.3,20.8,6.4,0.77,62.9,2025,December,8
09-12-2025,Andhra Pradesh,191,Moderate,80.8,138.6,29.6,9.1,1.02,58.4,2025,December,9
09-12-2025,Arunachal Pradesh,119,Moderate,53.8,89.5,21.5,5.4,0.72,59.5,2025,December,9
09-12-2025,Assam,178,Moderate,70.8,134.8,28,8.4,1.05,59.7,2025,December,9
09-12-2025,Bihar,164,Moderate,69.1,125.4,23.7,8,0.81,61.2,2025,December,9
09-12-2025,Chhattisgarh,180,Moderate,76.5,131.7,30.1,9.1,1,52.8,2025,December,9
09-12-2025,Goa,152,Moderate,61.3,107.1,24.3,8.3,0.76,58.5,2025,December,9
09-12-2025,Gujarat,171,Moderate,67.8,125.3,27.1,7.6,0.88,59.8,2025,December,9
09-12-2025,Haryana,122,Moderate,56.2,82.8,19.3,6.4,0.7,63.2,2025,December,9
09-12-2025,Himachal Pradesh,213,Poor,89.5,153.4,31.1,11.1,1.16,53.5,2025,December,9
09-12-2025,Jharkhand,198,Moderate,78.6,141.6,30.7,9.7,1.02,51.1,2025,December,9
09-12-2025,Karnataka,150,Moderate,58,104.7,25.2,6.7,0.89,55.5,2025,December,9
09-12-2025,Kerala,185,Moderate,80,128.8,31.4,9.5,1.08,53.7,2025,December,9
09-12-2025,Madhya Pradesh,145,Moderate,64.7,98,25.2,7.6,0.88,61.1,2025,December,9
09-12-2025,Maharashtra,185,Moderate,82,130.4,27.4,8.8,0.99,53.5,2025,December,9
09-12-2025,Manipur,207,Poor,82.6,146.6,35,11.1,1.2,54.8,2025,December,9
09-12-2025,Meghalaya,157,Moderate,71.2,105.6,23.8,8.6,0.92,59.5,2025,December,9
09-12-2025,Mizoram,181,Moderate,70.4,130.9,31,9.1,1.1,52.1,2025,December,9
09-12-2025,Nagaland,228,Poor,96,162.5,38.6,11.7,1.25,48.8,2025,December,9
09-12-2025,Odisha,181,Moderate,76.6,130.1,29.4,8.7,0.99,52.5,2025,December,9
09-12-2025,Punjab,198,Moderate,79.2,149.1,32.5,10.4,1.14,51.5,2025,December,9
09-12-2025,Rajasthan,130,Moderate,58.9,98.5,23.3,6.9,0.74,55.8,2025,December,9
09-12-2025,Sikkim,212,Poor,85.7,147,32.8,9.9,1.16,49.3,2025,December,9
09-12-2025,Tamil Nadu,200,Moderate,84.4,148.2,29.4,10.1,1.19,55.5,2025,December,9
09-12-2025,Telangana,148,Moderate,58.3,99.6,21.7,7,0.82,57.4,2025,December,9
09-12-2025,Tripura,213,Poor,86.7,147.1,36.3,10.6,1.1,54.3,2025,December,9
09-12-2025,Uttar Pradesh,211,Poor,92.4,146.5,30.9,11.5,1.21,56,2025,December,9
09-12-2025,Uttarakhand,130,Moderate,56.3,87.2,20.7,6,0.64,56.2,2025,December,9
09-12-2025,West Bengal,160,Moderate,64,118.8,25.7,7.5,0.84,53.9,2025,December,9
10-12-2025,Andhra Pradesh,202,Poor,86.9,154.3,29.8,10.5,1.06,56.7,2025,December,10
10-12-2025,Arunachal Pradesh,134,Moderate,52.5,98.4,21.2,6.7,0.7,63.9,2025,December,10
10-12-2025,Assam,190,Moderate,78.8,134.3,31.7,9.3,1.13,53.2,2025,December,10
10-12-2025,Bihar,161,Moderate,70.6,118.9,23.4,8.3,0.9,61.4,2025,December,10
10-12-2025,Chhattisgarh,179,Moderate,77.3,124.8,26.9,8,0.97,57.4,2025,December,10
10-12-2025,Goa,152,Moderate,63.7,106.8,25.7,8.5,0.78,52.9,2025,December,10
10-12-2025,Gujarat,157,Moderate,69.8,109.9,25.4,8.7,0.97,61.7,2025,December,10
10-12-2025,Haryana,139,Moderate,54.5,96.7,22.7,6.2,0.85,60.3,2025,December,10
10-12-2025,Himachal Pradesh,229,Poor,97,168.7,34.3,12.2,1.24,49.8,2025,December,10
10-12-2025,Jharkhand,193,Moderate,81.9,144.1,33.3,9.3,1.08,51.3,2025,December,10
10-12-2025,Karnataka,169,Moderate,67.9,128.6,25.9,9.1,0.85,51.7,2025,December,10
10-12-2025,Kerala,197,Moderate,88.7,136.7,31.1,9.3,1.1,53.5,2025,December,10
10-12-2025,Madhya Pradesh,127,Moderate,47.5,83.9,18.3,6.6,0.77,62.7,2025,December,10
10-12-2025,Maharashtra,217,Poor,92.5,158.9,34.2,10.1,1.29,48.4,2025,December,10
10-12-2025,Manipur,213,Poor,84.1,147.5,35.3,10.8,1.26,49.8,2025,December,10
10-12-2025,Meghalaya,158,Moderate,61.6,119.2,24.4,6.9,0.97,55.4,2025,December,10
10-12-2025,Mizoram,213,Poor,89.8,148.4,35.1,10.2,1.26,48.8,2025,December,10
10-12-2025,Nagaland,183,Moderate,72.8,139.1,30,9.9,0.97,58.9,2025,December,10
10-12-2025,Odisha,193,Moderate,80.1,129.7,30.9,10.6,1.09,56.3,2025,December,10
10-12-2025,Punjab,212,Poor,95,161.7,31.8,10.6,1.11,50.4,2025,December,10
10-12-2025,Rajasthan,119,Moderate,44.1,79.2,19.7,5.6,0.7,63.6,2025,December,10
10-12-2025,Sikkim,206,Poor,86.6,145.6,32.9,11.2,1.22,57.1,2025,December,10
10-12-2025,Tamil Nadu,189,Moderate,75,141.9,30.1,10.1,1.02,50.5,2025,December,10
10-12-2025,Telangana,141,Moderate,54.9,104.3,21.6,6.7,0.85,53.8,2025,December,10
10-12-2025,Tripura,174,Moderate,77.8,134.8,26.7,8.7,0.9,51.8,2025,December,10
10-12-2025,Uttar Pradesh,209,Poor,82.2,156.2,36.1,10,1.21,54.3,2025,December,10
10-12-2025,Uttarakhand,167,Moderate,74,128,28.2,9.2,0.89,57,2025,December,10
10-12-2025,West Bengal,139,Moderate,57.6,98.3,22.1,6.8,0.76,54.9,2025,December,10
11-12-2025,Andhra Pradesh,198,Moderate,85.4,134.3,33,10.4,1.08,51,2025,December,11
11-12-2025,Arunachal Pradesh,111,Moderate,50.2,88.6,16.7,5.3,0.69,64.9,2025,December,11
11-12-2025,Assam,181,Moderate,77.9,139.1,29.5,9.7,0.95,50.6,2025,December,11
11-12-2025,Bihar,160,Moderate,69.7,123.8,23.4,9,0.9,60.1,2025,December,11
11-12-2025,Chhattisgarh,142,Moderate,55.3,108.6,23.5,6.3,0.79,61.3,2025,December,11
11-12-2025,Goa,155,Moderate,68.9,102.7,23.1,7.4,0.83,59.3,2025,December,11
11-12-2025,Gujarat,145,Moderate,61.2,96,20.5,8.1,0.88,60.2,2025,December,11
11-12-2025,Haryana,123,Moderate,53.2,85.4,17.5,6.4,0.67,62,2025,December,11
11-12-2025,Himachal Pradesh,198,Moderate,79.2,133.9,29.3,9.2,1.13,54.3,2025,December,11
11-12-2025,Jharkhand,232,Poor,102.9,159.4,38.9,12.1,1.27,48.9,2025,December,11
11-12-2025,Karnataka,130,Moderate,53.2,94.1,18,6.4,0.71,57.1,2025,December,11
11-12-2025,Kerala,202,Poor,85.8,153.3,34.1,9.2,1.05,55.1,2025,December,11
11-12-2025,Madhya Pradesh,124,Moderate,51.7,88.6,18.1,5.9,0.71,63.3,2025,December,11
11-12-2025,Maharashtra,200,Moderate,86.6,138.5,34.5,10.9,1.2,57.1,2025,December,11
11-12-2025,Manipur,193,Moderate,85.7,148.6,32.1,10.6,1.16,55.3,2025,December,11
11-12-2025,Meghalaya,150,Moderate,69,107.2,21.3,7.4,0.85,62.5,2025,December,11
11-12-2025,Mizoram,184,Moderate,72.8,130,31.3,8.8,0.93,52,2025,December,11
11-12-2025,Nagaland,201,Poor,89,150.2,31.4,10.9,1.06,54.3,2025,December,11
11-12-2025,Odisha,184,Moderate,74.4,141.8,29,8.9,1.08,55.2,2025,December,11
11-12-2025,Punjab,212,Poor,86.2,160.7,34.7,10.5,1.16,53.7,2025,December,11
11-12-2025,Rajasthan,141,Moderate,60.6,108.3,21.9,7,0.85,63.1,2025,December,11
11-12-2025,Sikkim,187,Moderate,81.7,127.4,30.9,8.5,0.97,52.1,2025,December,11
11-12-2025,Tamil Nadu,190,Moderate,79.3,143,28.5,10.1,1.03,56.3,2025,December,11
11-12-2025,Telangana,140,Moderate,58.7,105.8,24.8,7.2,0.84,57.6,2025,December,11
11-12-2025,Tripura,194,Moderate,76.9,133.8,28.2,8.7,1.12,57,2025,December,11
11-12-2025,Uttar Pradesh,235,Poor,97.2,161.4,37.3,11.6,1.38,54.8,2025,December,11
11-12-2025,Uttarakhand,175,Moderate,76.5,119.5,27.7,9.1,0.93,51.2,2025,December,11
11-12-2025,West Bengal,152,Moderate,66.4,105.6,24,7.3,0.79,56.7,2025,December,11
12-12-2025,Andhra Pradesh,213,Poor,91.5,145.1,35.2,9.9,1.15,51.1,2025,December,12
12-12-2025,Arunachal Pradesh,149,Moderate,66,113.7,26.5,6.8,0.84,60.6,2025,December,12
12-12-2025,Assam,210,Poor,93.4,154.2,33.4,11.2,1.22,52.5,2025,December,12
12-12-2025,Bihar,181,Moderate,81.1,127.2,27.4,9.4,0.93,50.7,2025,December,12
12-12-2025,Chhattisgarh,144,Moderate,57.6,101.5,24.1,6.9,0.87,59.9,2025,December,12
12-12-2025,Goa,154,Moderate,63.4,119.1,24.2,8.3,0.93,58.9,2025,December,12
12-12-2025,Gujarat,129,Moderate,50.6,97.2,18.9,7.1,0.78,58.6,2025,December,12
12-12-2025,Haryana,117,Moderate,45.7,88.1,20.2,5.4,0.7,65,2025,December,12
12-12-2025,Himachal Pradesh,203,Poor,84,141.8,33.6,9.3,1.13,53.8,2025,December,12
12-12-2025,Jharkhand,236,Poor,97.5,179.4,38.8,11.4,1.22,46.8,2025,December,12
12-12-2025,Karnataka,166,Moderate,73.8,119.7,24.2,9.2,0.91,58.8,2025,December,12
12-12-2025,Kerala,179,Moderate,76,134.7,30.2,8.5,0.92,59.2,2025,December,12
12-12-2025,Madhya Pradesh,160,Moderate,67.9,115.3,25.6,8.5,0.88,52.6,2025,December,12
12-12-2025,Maharashtra,214,Poor,93.1,161.3,32.2,11.3,1.27,51.8,2025,December,12
12-12-2025,Manipur,201,Poor,83.4,140.6,34.3,10,1.19,52.8,2025,December,12
12-12-2025,Meghalaya,140,Moderate,61.5,106.3,20.4,6.4,0.79,54.7,2025,December,12
12-12-2025,Mizoram,179,Moderate,71.4,133.8,26.9,8.3,0.9,60.6,2025,December,12
12-12-2025,Nagaland,226,Poor,91,168.9,34.6,11,1.22,50.4,2025,December,12
12-12-2025,Odisha,192,Moderate,81,138.8,33.1,10.6,1.12,51.4,2025,December,12
12-12-2025,Punjab,186,Moderate,80.3,138.2,27.8,9.2,0.93,52,2025,December,12
12-12-2025,Rajasthan,160,Moderate,61.3,122.6,25.3,8,0.96,54.2,2025,December,12
12-12-2025,Sikkim,188,Moderate,78.5,125.6,28.5,8.8,1.03,50.1,2025,December,12
12-12-2025,Tamil Nadu,153,Moderate,62,104.3,22.3,7.1,0.77,55.8,2025,December,12
12-12-2025,Telangana,145,Moderate,59.4,108.2,22.8,7.6,0.78,63,2025,December,12
12-12-2025,Tripura,179,Moderate,77,131.8,29.9,8.9,1,60.6,2025,December,12
12-12-2025,Uttar Pradesh,205,Poor,85.6,152.7,30.7,9.4,1.06,54.9,2025,December,12
12-12-2025,Uttarakhand,156,Moderate,64.9,109.6,26.1,7.5,0.9,61.5,2025,December,12
12-12-2025,West Bengal,152,Moderate,68.8,106.3,27.2,7.7,0.82,62.4,2025,December,12
13-12-2025,Andhra Pradesh,187,Moderate,82,144.3,29.3,9.1,1.14,59.8,2025,December,13
13-12-2025,Arunachal Pradesh,118,Moderate,49.4,78,19.4,5,0.57,61,2025,December,13
13-12-2025,Assam,212,Poor,89.7,145,35.8,11,1.2,55.6,2025,December,13
13-12-2025,Bihar,157,Moderate,65.8,105.6,22.6,8.5,0.91,57.4,2025,December,13
13-12-2025,Chhattisgarh,144,Moderate,64.7,105.1,21.9,7.3,0.81,54,2025,December,13
13-12-2025,Goa,168,Moderate,71.5,116,26,9,0.98,56.2,2025,December,13
13-12-2025,Gujarat,132,Moderate,52.7,86.7,23.3,5.8,0.76,61.1,2025,December,13
13-12-2025,Haryana,157,Moderate,71.3,115.8,24.4,8.7,0.77,61.5,2025,December,13
13-12-2025,Himachal Pradesh,226,Poor,98.3,167.6,38.1,11.1,1.2,56,2025,December,13
13-12-2025,Jharkhand,222,Poor,93.3,159.8,36.5,10.4,1.24,55.2,2025,December,13
13-12-2025,Karnataka,149,Moderate,62.5,114.7,23.2,7.5,0.75,56.6,2025,December,13
13-12-2025,Kerala,175,Moderate,70.3,136,30.4,8.5,0.9,52.9,2025,December,13
13-12-2025,Madhya Pradesh,160,Moderate,67.3,122.8,26.1,7.7,0.79,61.9,2025,December,13
13-12-2025,Maharashtra,170,Moderate,71.8,119.1,24.6,9.1,1.01,56.4,2025,December,13
13-12-2025,Manipur,204,Poor,80.5,140.9,35.4,10.7,1.21,54.4,2025,December,13
13-12-2025,Meghalaya,140,Moderate,56.6,108.4,20.9,7,0.68,54.8,2025,December,13
13-12-2025,Mizoram,207,Poor,83.8,153.7,33.3,10.7,1.11,52.4,2025,December,13
13-12-2025,Nagaland,189,Moderate,82.9,141,32.5,9,1.04,58.8,2025,December,13
13-12-2025,Odisha,161,Moderate,65.4,112.5,25.9,7.6,0.98,55.1,2025,December,13
13-12-2025,Punjab,189,Moderate,82.8,134.8,31.3,9.9,0.97,51.3,2025,December,13
13-12-2025,Rajasthan,114,Moderate,49,83.3,17.8,5.7,0.62,61.2,2025,December,13
13-12-2025,Sikkim,211,Poor,90.1,150.4,36.4,10.4,1.1,49.4,2025,December,13
13-12-2025,Tamil Nadu,165,Moderate,70,118.7,24.4,9,1,56.7,2025,December,13
13-12-2025,Telangana,168,Moderate,67.6,125.6,27.1,9,0.91,53.6,2025,December,13
13-12-2025,Tripura,181,Moderate,81,139.5,29.3,10,1.04,53.8,2025,December,13
13-12-2025,Uttar Pradesh,225,Poor,95.8,160.9,37.6,11.7,1.18,52.7,2025,December,13
13-12-2025,Uttarakhand,130,Moderate,49,98.4,22.5,6.5,0.73,64.2,2025,December,13
13-12-2025,West Bengal,150,Moderate,66.8,110.8,25.5,7.8,0.89,55.4,2025,December,13
14-12-2025,Andhra Pradesh,210,Poor,90.6,144.6,32.1,11.1,1.25,48.8,2025,December,14
14-12-2025,Arunachal Pradesh,137,Moderate,58.6,97.8,24.1,6.6,0.69,62.6,2025,December,14
14-12-2025,Assam,212,Poor,83.9,148.7,33.6,9.7,1.25,52.6,2025,December,14
14-12-2025,Bihar,180,Moderate,72.6,137.7,27.4,8.8,1.05,56.8,2025,December,14
14-12-2025,Chhattisgarh,185,Moderate,75.2,127.6,28.4,9.6,1.12,56.2,2025,December,14
14-12-2025,Goa,146,Moderate,66.5,109.8,23.2,8,0.8,62.7,2025,December,14
14-12-2025,Gujarat,150,Moderate,63.4,100.7,21.9,6.8,0.82,57,2025,December,14
14-12-2025,Haryana,143,Moderate,64.3,111.5,22.1,7.9,0.79,54.8,2025,December,14
14-12-2025,Himachal Pradesh,236,Poor,95.8,167.9,37.2,12.2,1.39,50.8,2025,December,14
14-12-2025,Jharkhand,218,Poor,88.7,157.9,32.2,10.3,1.17,54,2025,December,14
14-12-2025,Karnataka,154,Moderate,63.7,111.7,27.4,7.8,0.92,57.7,2025,December,14
14-12-2025,Kerala,219,Poor,90.2,149.9,34.4,10.6,1.27,48.9,2025,December,14
14-12-2025,Madhya Pradesh,142,Moderate,54.9,102.9,24.1,8,0.8,57.5,2025,December,14
14-12-2025,Maharashtra,215,Poor,85.1,156.9,37.3,11.3,1.1,57.5,2025,December,14
14-12-2025,Manipur,200,Moderate,80.8,140.4,29,9.7,1.07,57,2025,December,14
14-12-2025,Meghalaya,163,Moderate,67.4,113.3,28,9.1,0.97,59.3,2025,December,14
14-12-2025,Mizoram,205,Poor,85.8,147.1,32.4,11.2,1.09,52.8,2025,December,14
14-12-2025,Nagaland,230,Poor,96,166.3,38.5,10.5,1.19,49.3,2025,December,14
14-12-2025,Odisha,202,Poor,82.4,142.9,29.7,9.4,1.07,51.4,2025,December,14
14-12-2025,Punjab,219,Poor,95.6,151.1,35.9,10.9,1.27,50,2025,December,14
14-12-2025,Rajasthan,159,Moderate,70.2,109.6,28.1,7.7,0.88,60.9,2025,December,14
14-12-2025,Sikkim,172,Moderate,74.9,116.1,27,8.6,1.01,58.3,2025,December,14
14-12-2025,Tamil Nadu,173,Moderate,70.9,130.3,29.2,8.2,0.94,52.6,2025,December,14
14-12-2025,Telangana,177,Moderate,72,123.5,29.8,7.9,0.94,53.6,2025,December,14
14-12-2025,Tripura,206,Poor,83.2,155.7,34,11.2,1.24,49.6,2025,December,14
14-12-2025,Uttar Pradesh,229,Poor,90.7,163.4,37.3,10.6,1.27,50.1,2025,December,14
14-12-2025,Uttarakhand,142,Moderate,57.8,107.1,23.1,8,0.8,63.2,2025,December,14
14-12-2025,West Bengal,138,Moderate,60,99.1,22.3,6.7,0.79,59.3,2025,December,14
15-12-2025,Andhra Pradesh,192,Moderate,86.2,147.2,29.1,8.8,1.1,55.2,2025,December,15
15-12-2025,Arunachal Pradesh,157,Moderate,60.9,121.8,28,8.1,0.83,58.6,2025,December,15
15-12-2025,Assam,192,Moderate,78.8,145.3,32.4,9.7,1.03,50.8,2025,December,15
15-12-2025,Bihar,148,Moderate,59.4,105.4,22,6.6,0.91,55.5,2025,December,15
15-12-2025,Chhattisgarh,156,Moderate,66.6,106.5,22.4,7.3,0.86,52.9,2025,December,15
15-12-2025,Goa,171,Moderate,75.7,115.6,27.8,9.1,0.93,57.5,2025,December,15
15-12-2025,Gujarat,172,Moderate,66.4,119.9,25,8.5,0.87,55.5,2025,December,15
15-12-2025,Haryana,131,Moderate,54.4,95,22.9,7.4,0.76,58.8,2025,December,15
15-12-2025,Himachal Pradesh,237,Poor,103.3,165.5,39.3,11.8,1.36,49.5,2025,December,15
15-12-2025,Jharkhand,228,Poor,98.5,169.3,37.7,12.1,1.19,55.8,2025,December,15
15-12-2025,Karnataka,178,Moderate,79.1,125.8,31,8.2,0.99,58.8,2025,December,15
15-12-2025,Kerala,185,Moderate,74.5,140.9,31.6,9.5,1.09,59.5,2025,December,15
15-12-2025,Madhya Pradesh,112,Moderate,47,78,18.6,6,0.6,58,2025,December,15
15-12-2025,Maharashtra,198,Moderate,84,150.1,32.7,10.3,1.18,51.1,2025,December,15
15-12-2025,Manipur,193,Moderate,79.1,142.1,28.3,9.7,0.98,52.3,2025,December,15
15-12-2025,Meghalaya,186,Moderate,75.8,141.8,28.7,8.7,0.99,51.8,2025,December,15
15-12-2025,Mizoram,188,Moderate,82.1,142.6,28.3,10,1.13,58.1,2025,December,15
15-12-2025,Nagaland,199,Moderate,79,138.1,31.2,10.7,1.18,54,2025,December,15
15-12-2025,Odisha,204,Poor,86.7,140.6,31.8,9.7,1.09,51.5,2025,December,15
15-12-2025,Punjab,194,Moderate,81.4,137.6,33.9,10.6,1,59.3,2025,December,15
15-12-2025,Rajasthan,156,Moderate,67.6,104.4,24.9,8.7,0.78,61.1,2025,December,15
15-12-2025,Sikkim,189,Moderate,83,143,28.5,8.5,0.97,53.6,2025,December,15
15-12-2025,Tamil Nadu,191,Moderate,79,145.9,29.3,9.6,1.11,51.2,2025,December,15
15-12-2025,Telangana,171,Moderate,67.8,127.2,28.4,9.3,0.87,53.3,2025,December,15
15-12-2025,Tripura,181,Moderate,80.8,131.2,26.2,9.3,1.04,55.1,2025,December,15
15-12-2025,Uttar Pradesh,222,Poor,88.5,165.8,36.2,10.6,1.24,52.8,2025,December,15
15-12-2025,Uttarakhand,177,Moderate,76.9,136.1,30.6,9.8,1.03,57.6,2025,December,15
15-12-2025,West Bengal,150,Moderate,63.8,101,21.2,7.5,0.81,55.7,2025,December,15
16-12-2025,Andhra Pradesh,170,Moderate,73.2,115.5,25.4,8.5,0.95,55.5,2025,December,16
16-12-2025,Arunachal Pradesh,115,Moderate,44.1,89.4,17.9,6.3,0.68,57.2,2025,December,16
16-12-2025,Assam,215,Poor,85.7,151.1,32.2,10.2,1.27,55.9,2025,December,16
16-12-2025,Bihar,172,Moderate,70.2,115.9,25.3,8.2,0.86,57.5,2025,December,16
16-12-2025,Chhattisgarh,160,Moderate,70.4,125,25.8,7.4,0.86,56,2025,December,16
16-12-2025,Goa,136,Moderate,56.7,105,20.9,6.3,0.77,59.1,2025,December,16
16-12-2025,Gujarat,144,Moderate,58.3,96.2,21.6,8,0.71,59.1,2025,December,16
16-12-2025,Haryana,159,Moderate,62.7,113.4,25.3,8.6,0.9,53.1,2025,December,16
16-12-2025,Himachal Pradesh,221,Poor,94.7,155.8,37,10.2,1.29,56.4,2025,December,16
16-12-2025,Jharkhand,204,Poor,84,141.5,31.4,9.6,1.23,54,2025,December,16
16-12-2025,Karnataka,131,Moderate,51.6,88,21.9,5.9,0.65,55.7,2025,December,16
16-12-2025,Kerala,198,Moderate,78.9,140.6,31.4,10.5,1.08,50.4,2025,December,16
16-12-2025,Madhya Pradesh,132,Moderate,49.7,92.1,20.3,6.4,0.71,59.1,2025,December,16
16-12-2025,Maharashtra,195,Moderate,77.8,140.2,31.4,8.9,1.02,54.1,2025,December,16
16-12-2025,Manipur,225,Poor,97.3,164.4,34.4,11.6,1.28,52.9,2025,December,16
16-12-2025,Meghalaya,177,Moderate,69.2,130.7,27.2,9,1.08,57.3,2025,December,16
16-12-2025,Mizoram,213,Poor,86.4,151.7,35.1,10.3,1.16,56.6,2025,December,16
16-12-2025,Nagaland,212,Poor,92.6,157,32,11.1,1.27,55.7,2025,December,16
16-12-2025,Odisha,177,Moderate,75.7,123.8,27.6,8.2,0.96,59.7,2025,December,16
16-12-2025,Punjab,197,Moderate,83.4,148.5,30,9.1,1.07,49.2,2025,December,16
16-12-2025,Rajasthan,138,Moderate,57.4,104.7,24.5,6.1,0.69,61.9,2025,December,16
16-12-2025,Sikkim,177,Moderate,75.9,118.3,28.6,8,1.07,56.4,2025,December,16
16-12-2025,Tamil Nadu,181,Moderate,80.3,128.3,28.9,8.8,1,58.3,2025,December,16
16-12-2025,Telangana,160,Moderate,67.6,113.8,26.3,7.6,0.93,59.5,2025,December,16
16-12-2025,Tripura,187,Moderate,82.4,136.8,28.4,8.8,1.08,53.4,2025,December,16
16-12-2025,Uttar Pradesh,201,Poor,83.8,143.9,34.1,9.9,1.18,58.6,2025,December,16
16-12-2025,Uttarakhand,176,Moderate,76.1,125.6,25.7,9,1.04,59.6,2025,December,16
16-12-2025,West Bengal,156,Moderate,63.6,108,24.9,7.4,0.88,52.5,2025,December,16
17-12-2025,Andhra Pradesh,205,Poor,91.3,137.8,32,10.4,1.09,50.5,2025,December,17
17-12-2025,Arunachal Pradesh,160,Moderate,70.8,111.2,25.3,7.7,0.8,58.3,2025,December,17
17-12-2025,Assam,194,Moderate,78.2,135.1,32.8,9.1,1.13,54.3,2025,December,17
17-12-2025,Bihar,142,Moderate,59.8,93.2,20.7,7.4,0.76,53.7,2025,December,17
17-12-2025,Chhattisgarh,142,Moderate,59.5,95.3,20,6.5,0.86,60.4,2025,December,17
17-12-2025,Goa,171,Moderate,74.6,129.6,25.2,8,0.99,54.6,2025,December,17
17-12-2025,Gujarat,142,Moderate,63,111.5,23.5,8,0.77,53.8,2025,December,17
17-12-2025,Haryana,123,Moderate,51.3,80,18.8,5.5,0.68,58.3,2025,December,17
17-12-2025,Himachal Pradesh,194,Moderate,76.4,146.3,29.4,9.5,0.98,57.8,2025,December,17
17-12-2025,Jharkhand,227,Poor,93.3,153.6,36.9,11.8,1.34,51.3,2025,December,17
17-12-2025,Karnataka,161,Moderate,68.9,114.8,25.3,7.6,0.97,62,2025,December,17
17-12-2025,Kerala,187,Moderate,75.4,142.3,27.5,10.3,1.07,56,2025,December,17
17-12-2025,Madhya Pradesh,133,Moderate,50.5,105.3,19.3,6.8,0.68,55.2,2025,December,17
17-12-2025,Maharashtra,186,Moderate,80,128.1,29,9.5,1.06,51.1,2025,December,17
17-12-2025,Manipur,211,Poor,90.3,145,32.4,11,1.08,57.9,2025,December,17
17-12-2025,Meghalaya,175,Moderate,71.7,116.3,25.4,8.9,1.01,59.8,2025,December,17
17-12-2025,Mizoram,176,Moderate,70.2,129.8,31.1,9.7,0.95,55.4,2025,December,17
17-12-2025,Nagaland,181,Moderate,74.7,125.4,28.1,10,1.03,54.9,2025,December,17
17-12-2025,Odisha,186,Moderate,72.7,142.3,29.3,9.4,1.05,51.3,2025,December,17
17-12-2025,Punjab,224,Poor,91.3,162.1,36.1,11.4,1.18,49.2,2025,December,17
17-12-2025,Rajasthan,147,Moderate,56.3,101.1,26,8.3,0.85,61.9,2025,December,17
17-12-2025,Sikkim,209,Poor,86.3,143.4,31.6,11.1,1.25,55.7,2025,December,17
17-12-2025,Tamil Nadu,178,Moderate,76,133.7,31.2,8.1,1.03,56.1,2025,December,17
17-12-2025,Telangana,170,Moderate,77.3,125.4,28.3,8.6,0.97,60,2025,December,17
17-12-2025,Tripura,202,Poor,82,143.4,31,10,1.06,56.3,2025,December,17
17-12-2025,Uttar Pradesh,210,Poor,93.8,154.6,33.2,11.4,1.22,48.3,2025,December,17
17-12-2025,Uttarakhand,142,Moderate,62.3,97.8,21,6.2,0.8,54,2025,December,17
17-12-2025,West Bengal,120,Moderate,51.2,78.6,17.4,6.6,0.63,60.3,2025,December,17
18-12-2025,Andhra Pradesh,186,Moderate,76.4,140.1,31.2,8.4,1.13,51.8,2025,December,18
18-12-2025,Arunachal Pradesh,145,Moderate,55.6,107.4,23.9,7.5,0.85,63,2025,December,18
18-12-2025,Assam,180,Moderate,80.9,134.8,27.7,9.1,0.94,59.9,2025,December,18
18-12-2025,Bihar,162,Moderate,62.3,116,24.9,8.5,0.93,56.4,2025,December,18
18-12-2025,Chhattisgarh,148,Moderate,63.4,104.3,23.7,7.4,0.8,56.2,2025,December,18
18-12-2025,Goa,138,Moderate,62.5,107.1,19.5,6.9,0.76,59.9,2025,December,18
18-12-2025,Gujarat,136,Moderate,52.2,100.7,19,7.1,0.83,56.8,2025,December,18
18-12-2025,Haryana,160,Moderate,72.3,114.1,26.7,7.5,0.9,56.1,2025,December,18
18-12-2025,Himachal Pradesh,200,Moderate,81.6,145.1,32.8,9.8,1.15,49.9,2025,December,18
18-12-2025,Jharkhand,209,Poor,84,143.3,32.5,10,1.09,51.5,2025,December,18
18-12-2025,Karnataka,165,Moderate,70.4,116.2,29.3,8.5,0.86,60.5,2025,December,18
18-12-2025,Kerala,208,Poor,83.7,140.7,33.4,11.2,1.15,50,2025,December,18
18-12-2025,Madhya Pradesh,112,Moderate,50.5,85.8,19.1,4.7,0.69,58,2025,December,18
18-12-2025,Maharashtra,182,Moderate,78.7,127.8,29.4,8.6,1.09,59.1,2025,December,18
18-12-2025,Manipur,223,Poor,97.4,158.3,38.2,11.2,1.14,55,2025,December,18
18-12-2025,Meghalaya,177,Moderate,80,133.8,28.4,8.6,0.99,60.3,2025,December,18
18-12-2025,Mizoram,209,Poor,82.6,158.4,33.5,10.4,1.11,52.7,2025,December,18
18-12-2025,Nagaland,182,Moderate,82.2,135,28,8.5,1.09,58.2,2025,December,18
18-12-2025,Odisha,167,Moderate,65.1,114.2,26.8,7.5,0.99,53.6,2025,December,18
18-12-2025,Punjab,189,Moderate,82.5,139.8,29.3,8.7,1.13,55.6,2025,December,18
18-12-2025,Rajasthan,130,Moderate,49.1,97.3,22.7,6.9,0.79,63.7,2025,December,18
18-12-2025,Sikkim,174,Moderate,74.6,122.6,26.2,8.9,1.03,53.8,2025,December,18
18-12-2025,Tamil Nadu,201,Poor,87.4,141.9,33.1,10,1.18,55.2,2025,December,18
18-12-2025,Telangana,164,Moderate,66.3,112.2,25.8,8.7,0.92,55.3,2025,December,18
18-12-2025,Tripura,217,Poor,91.6,157.2,35,10.5,1.28,50,2025,December,18
18-12-2025,Uttar Pradesh,236,Poor,100.9,163,37.6,11.1,1.39,55,2025,December,18
18-12-2025,Uttarakhand,162,Moderate,69.3,123.9,26.3,8.9,0.9,53.7,2025,December,18
18-12-2025,West Bengal,131,Moderate,49.8,101.3,19.4,6.1,0.78,63.8,2025,December,18
19-12-2025,Andhra Pradesh,187,Moderate,78.9,134.6,28.9,9.5,0.97,51.9,2025,December,19
19-12-2025,Arunachal Pradesh,115,Moderate,46,81.1,18,5.2,0.55,61.1,2025,December,19
19-12-2025,Assam,177,Moderate,78.1,123.1,26,8.7,1.05,51.9,2025,December,19
19-12-2025,Bihar,155,Moderate,60.1,108.5,24.2,8.3,0.84,56.4,2025,December,19
19-12-2025,Chhattisgarh,141,Moderate,64.8,99.2,22.3,6.2,0.78,62.4,2025,December,19
19-12-2025,Goa,176,Moderate,69.2,131.9,25.4,9.4,1.06,52.3,2025,December,19
19-12-2025,Gujarat,167,Moderate,73.2,111,26.3,8.8,0.93,60.7,2025,December,19
19-12-2025,Haryana,158,Moderate,63.7,110.5,23.1,7.3,0.87,54.2,2025,December,19
19-12-2025,Himachal Pradesh,238,Poor,101.7,170.6,37.4,11.9,1.28,52.3,2025,December,19
19-12-2025,Jharkhand,213,Poor,86,159.2,33.9,11,1.27,49.7,2025,December,19
19-12-2025,Karnataka,133,Moderate,59.7,87.9,19.8,5.9,0.77,64.1,2025,December,19
19-12-2025,Kerala,190,Moderate,80.5,128.8,30.5,8.7,0.98,55.3,2025,December,19
19-12-2025,Madhya Pradesh,158,Moderate,61.6,107.9,22.8,8.7,0.8,61.9,2025,December,19
19-12-2025,Maharashtra,208,Poor,90,158.1,32.6,10,1.07,50.3,2025,December,19
19-12-2025,Manipur,189,Moderate,83.9,145.3,27.9,8.6,0.99,50.9,2025,December,19
19-12-2025,Meghalaya,162,Moderate,63.8,111,27.4,7.7,0.86,56.2,2025,December,19
19-12-2025,Mizoram,206,Poor,87.8,157.7,34,9.4,1.12,58.2,2025,December,19
19-12-2025,Nagaland,206,Poor,89.4,152.2,35.8,9.6,1.18,52.1,2025,December,19
19-12-2025,Odisha,201,Poor,81.4,149.5,29.3,9.1,1.09,50.5,2025,December,19
19-12-2025,Punjab,215,Poor,91.5,149.1,35.3,10,1.12,49,2025,December,19
19-12-2025,Rajasthan,123,Moderate,48.6,90.9,19.3,6.3,0.76,58.4,2025,December,19
19-12-2025,Sikkim,185,Moderate,79.3,124.8,29.8,8.4,0.99,57.2,2025,December,19
19-12-2025,Tamil Nadu,195,Moderate,86.8,149.8,34,9.3,1.17,53.7,2025,December,19
19-12-2025,Telangana,142,Moderate,54.8,107.3,20.6,6.7,0.83,59.4,2025,December,19
19-12-2025,Tripura,172,Moderate,71.1,124.8,25.2,9.4,0.93,53.9,2025,December,19
19-12-2025,Uttar Pradesh,227,Poor,94.7,155,36.6,11,1.32,56.2,2025,December,19
19-12-2025,Uttarakhand,168,Moderate,68.4,118.1,29.9,8.2,0.97,57,2025,December,19
19-12-2025,West Bengal,113,Moderate,52.2,76.8,18,5.4,0.68,58.3,2025,December,19
20-12-2025,Andhra Pradesh,216,Poor,90.6,158.6,32.7,10.6,1.28,52,2025,December,20
20-12-2025,Arunachal Pradesh,125,Moderate,48.8,91.5,21.1,5.6,0.74,58,2025,December,20
20-12-2025,Assam,202,Poor,86.1,153.5,34.5,10.3,1.03,48.9,2025,December,20
20-12-2025,Bihar,152,Moderate,67.3,100.2,22.3,7.4,0.84,55.1,2025,December,20
20-12-2025,Chhattisgarh,144,Moderate,55.2,101.7,23.9,7.9,0.85,60.5,2025,December,20
20-12-2025,Goa,162,Moderate,72.2,116.4,26.5,7.7,0.96,58.2,2025,December,20
20-12-2025,Gujarat,148,Moderate,61.2,107.4,22.6,7.5,0.73,59.1,2025,December,20
20-12-2025,Haryana,134,Moderate,62,95.5,20.9,7.2,0.69,57.8,2025,December,20
20-12-2025,Himachal Pradesh,235,Poor,100.3,174.1,36.1,12.5,1.35,52.9,2025,December,20
20-12-2025,Jharkhand,198,Moderate,88.9,141.6,31.8,9.7,1.13,56.5,2025,December,20
20-12-2025,Karnataka,159,Moderate,64.4,112.4,24.9,8.3,0.82,59.2,2025,December,20
20-12-2025,Kerala,199,Moderate,85,145.8,29.5,9,1.07,52.6,2025,December,20
20-12-2025,Madhya Pradesh,157,Moderate,66.5,111.6,23.7,6.9,0.96,54.6,2025,December,20
20-12-2025,Maharashtra,218,Poor,89,166.1,32.4,11.6,1.22,55.2,2025,December,20
20-12-2025,Manipur,187,Moderate,83.3,137.7,32.7,8.5,1.11,59.7,2025,December,20
20-12-2025,Meghalaya,155,Moderate,65.7,115.4,23.2,8.2,0.84,61.5,2025,December,20
20-12-2025,Mizoram,211,Poor,90.6,160.6,31,10.7,1.2,53,2025,December,20
20-12-2025,Nagaland,192,Moderate,80.5,131.6,30.9,10,1.02,58.1,2025,December,20
20-12-2025,Odisha,205,Poor,85.4,139.5,31.9,10.1,1.08,54.3,2025,December,20
20-12-2025,Punjab,227,Poor,93.4,161.6,38.2,11.2,1.27,55.9,2025,December,20
20-12-2025,Rajasthan,113,Moderate,42,78.7,18.9,6,0.66,57.2,2025,December,20
20-12-2025,Sikkim,188,Moderate,76.8,129.8,27.6,10,1.03,59.3,2025,December,20
20-12-2025,Tamil Nadu,196,Moderate,84.9,135.9,29.5,9.6,1.17,58.7,2025,December,20
20-12-2025,Telangana,178,Moderate,74.4,134.1,27.7,9.8,0.92,55.5,2025,December,20
20-12-2025,Tripura,200,Moderate,83.4,144.3,34.1,9.1,1.05,51.2,2025,December,20
20-12-2025,Uttar Pradesh,223,Poor,97.7,166.5,35.3,11.7,1.14,50.2,2025,December,20
20-12-2025,Uttarakhand,177,Moderate,70,128.6,26.9,9.6,0.89,51.8,2025,December,20
20-12-2025,West Bengal,131,Moderate,51.9,98.2,21,7.2,0.75,58.8,2025,December,20
21-12-2025,Andhra Pradesh,179,Moderate,80.3,126.9,31.3,8.5,0.9,57.6,2025,December,21
21-12-2025,Arunachal Pradesh,149,Moderate,64.1,98.6,22.1,7.6,0.78,57.7,2025,December,21
21-12-2025,Assam,218,Poor,87.8,155.7,32,10.6,1.29,50.7,2025,December,21
21-12-2025,Bihar,161,Moderate,71.8,115.3,23.8,7.9,0.83,58.3,2025,December,21
21-12-2025,Chhattisgarh,158,Moderate,65.8,123.4,28.2,7.4,0.8,56.1,2025,December,21
21-12-2025,Goa,175,Moderate,77.9,121.7,26.8,8.2,1.06,57.8,2025,December,21
21-12-2025,Gujarat,136,Moderate,58.5,98,19.4,7.3,0.85,58,2025,December,21
21-12-2025,Haryana,141,Moderate,59.4,99.9,23.2,7.1,0.78,56.8,2025,December,21
21-12-2025,Himachal Pradesh,189,Moderate,79.9,133.3,28.4,10.3,1.02,54.7,2025,December,21
21-12-2025,Jharkhand,198,Moderate,88,143.8,29.1,9.1,1.09,57,2025,December,21
21-12-2025,Karnataka,170,Moderate,68,127.3,28.8,8.7,0.91,53.8,2025,December,21
21-12-2025,Kerala,190,Moderate,74.9,132.4,28.4,8.7,0.99,53,2025,December,21
21-12-2025,Madhya Pradesh,123,Moderate,51.1,88.3,17,6.4,0.76,60.2,2025,December,21
21-12-2025,Maharashtra,197,Moderate,77.1,142,33.8,9.3,1.17,55,2025,December,21
21-12-2025,Manipur,196,Moderate,80.1,133.1,28.8,10.6,1.17,56.3,2025,December,21
21-12-2025,Meghalaya,141,Moderate,58.1,100.9,22.2,6.5,0.83,61.5,2025,December,21
21-12-2025,Mizoram,194,Moderate,79.6,140.1,29.7,9.4,1.07,59.3,2025,December,21
21-12-2025,Nagaland,228,Poor,101,162.2,37.2,10.6,1.25,49.3,2025,December,21
21-12-2025,Odisha,169,Moderate,76,117.9,28,9.4,0.96,56.3,2025,December,21
21-12-2025,Punjab,187,Moderate,79,136.7,27.1,9.1,0.99,50.7,2025,December,21
21-12-2025,Rajasthan,135,Moderate,53.4,94.7,23.7,6.4,0.79,63,2025,December,21
21-12-2025,Sikkim,171,Moderate,70.8,126.1,26.4,8.6,0.99,55.4,2025,December,21
21-12-2025,Tamil Nadu,195,Moderate,86.3,149.6,34,9.1,1,59.3,2025,December,21
21-12-2025,Telangana,175,Moderate,71.6,128.4,28.7,9,0.92,56.6,2025,December,21
21-12-2025,Tripura,203,Poor,80.8,151.8,31,11,1.22,52.6,2025,December,21
21-12-2025,Uttar Pradesh,209,Poor,84,140.6,35,11.4,1.12,50.3,2025,December,21
21-12-2025,Uttarakhand,161,Moderate,65.3,116.4,24.8,8.1,0.83,59,2025,December,21
21-12-2025,West Bengal,122,Moderate,55.2,97.2,19.1,5.4,0.62,62.6,2025,December,21
22-12-2025,Andhra Pradesh,188,Moderate,79.1,128,27.2,9,1.03,53.2,2025,December,22
22-12-2025,Arunachal Pradesh,139,Moderate,62,98.2,23.3,7.3,0.72,63.1,2025,December,22
22-12-2025,Assam,215,Poor,90.5,145,35.1,9.8,1.12,50.3,2025,December,22
22-12-2025,Bihar,146,Moderate,56.1,104,24.7,6.9,0.8,54,2025,December,22
22-12-2025,Chhattisgarh,173,Moderate,71.9,133.3,29.3,8.8,0.88,58.9,2025,December,22
22-12-2025,Goa,145,Moderate,66.4,97.6,20.3,8,0.77,62.4,2025,December,22
22-12-2025,Gujarat,134,Moderate,51.1,93.6,19.1,7,0.68,58,2025,December,22
22-12-2025,Haryana,139,Moderate,58.7,98.3,22.8,7.7,0.77,58.4,2025,December,22
22-12-2025,Himachal Pradesh,210,Poor,90.3,151,31.4,10.2,1.17,54.8,2025,December,22
22-12-2025,Jharkhand,235,Poor,95.8,177,36.6,11.4,1.21,48,2025,December,22
22-12-2025,Karnataka,140,Moderate,53.7,98.2,21.1,6.6,0.76,55.4,2025,December,22
22-12-2025,Kerala,176,Moderate,72.3,126.4,28.3,8.6,0.98,55.7,2025,December,22
22-12-2025,Madhya Pradesh,127,Moderate,50.9,89.7,22.2,5.5,0.69,58.6,2025,December,22
22-12-2025,Maharashtra,202,Poor,84.6,155.3,32.8,10.3,1.11,55.7,2025,December,22
22-12-2025,Manipur,218,Poor,92.9,147.3,33.3,10.6,1.12,49.9,2025,December,22
22-12-2025,Meghalaya,153,Moderate,59.3,102.2,25.3,7.4,0.88,59.5,2025,December,22
22-12-2025,Mizoram,211,Poor,89.3,159.9,35.7,11.5,1.17,56.2,2025,December,22
22-12-2025,Nagaland,181,Moderate,74.5,128.3,28.5,8.1,1.03,55.9,2025,December,22
22-12-2025,Odisha,200,Moderate,88.1,145.9,34.2,10.1,1.04,51.9,2025,December,22
22-12-2025,Punjab,193,Moderate,82.4,136.5,33.1,8.9,1.04,52.1,2025,December,22
22-12-2025,Rajasthan,124,Moderate,48,82.6,18.3,6,0.69,56.4,2025,December,22
22-12-2025,Sikkim,219,Poor,94.2,166.1,32.3,10.7,1.13,51.7,2025,December,22
22-12-2025,Tamil Nadu,155,Moderate,60.5,105.5,26,8.5,0.85,52.8,2025,December,22
22-12-2025,Telangana,169,Moderate,70.4,120.7,26.8,8,0.92,59.9,2025,December,22
22-12-2025,Tripura,185,Moderate,82,126,29.5,10.2,1.09,57.5,2025,December,22
22-12-2025,Uttar Pradesh,205,Poor,87.1,155.8,34.6,9.9,1.21,57.7,2025,December,22
22-12-2025,Uttarakhand,160,Moderate,61.7,109.1,26.2,7,0.88,53.3,2025,December,22
22-12-2025,West Bengal,114,Moderate,53.2,85,15.5,5.1,0.7,59.2,2025,December,22
23-12-2025,Andhra Pradesh,189,Moderate,77.5,146,29.7,8.8,1.14,55.3,2025,December,23
23-12-2025,Arunachal Pradesh,130,Moderate,52.6,101.2,20.7,6.3,0.72,54.9,2025,December,23
23-12-2025,Assam,209,Poor,84.7,155.4,32.9,10,1.11,50.3,2025,December,23
23-12-2025,Bihar,138,Moderate,59,109.3,19.9,6.1,0.73,58.9,2025,December,23
23-12-2025,Chhattisgarh,183,Moderate,81.1,123.2,29,9.2,1.01,56.6,2025,December,23
23-12-2025,Goa,131,Moderate,59.8,96.4,18.8,6.8,0.7,56.3,2025,December,23
23-12-2025,Gujarat,127,Moderate,49.5,94.1,22.1,7.3,0.68,59.5,2025,December,23
23-12-2025,Haryana,113,Moderate,50.9,72.7,15.4,5,0.62,60.2,2025,December,23
23-12-2025,Himachal Pradesh,211,Poor,87.8,147.4,34.1,10.5,1.1,50.8,2025,December,23
23-12-2025,Jharkhand,190,Moderate,80.2,128.1,32.4,8.7,1.13,57,2025,December,23
23-12-2025,Karnataka,180,Moderate,75.7,120.3,27.2,9.2,0.98,57.1,2025,December,23
23-12-2025,Kerala,183,Moderate,79.7,130,26.4,9.1,1.05,58.1,2025,December,23
23-12-2025,Madhya Pradesh,114,Moderate,50.7,91.1,18.3,6,0.73,64.5,2025,December,23
23-12-2025,Maharashtra,216,Poor,87.2,161,35.5,10.2,1.11,56.1,2025,December,23
23-12-2025,Manipur,209,Poor,88.3,159.3,35.1,10.5,1.11,54.9,2025,December,23
23-12-2025,Meghalaya,185,Moderate,74.8,141.1,32.1,8.5,1.03,56.4,2025,December,23
23-12-2025,Mizoram,179,Moderate,72,123.5,28.1,8.5,0.92,57.3,2025,December,23
23-12-2025,Nagaland,189,Moderate,80.5,135.5,32.5,9.2,1.06,54.7,2025,December,23
23-12-2025,Odisha,206,Poor,87,143.2,31.2,9.4,1.09,49.1,2025,December,23
23-12-2025,Punjab,231,Poor,92.6,171.7,36.6,11.5,1.31,52,2025,December,23
23-12-2025,Rajasthan,146,Moderate,65.9,95.4,22.9,8,0.87,62.7,2025,December,23
23-12-2025,Sikkim,188,Moderate,74,134.9,32.2,10.1,1.12,51.7,2025,December,23
23-12-2025,Tamil Nadu,155,Moderate,67.2,110.1,25.3,8.1,0.8,62,2025,December,23
23-12-2025,Telangana,188,Moderate,76.1,125.6,32.9,9.5,0.95,50.6,2025,December,23
23-12-2025,Tripura,212,Poor,91.4,149.4,34.9,10.9,1.14,51.2,2025,December,23
23-12-2025,Uttar Pradesh,213,Poor,86.2,145.1,35.6,11,1.26,56.5,2025,December,23
23-12-2025,Uttarakhand,140,Moderate,55.2,94.9,22.3,7.5,0.75,59.3,2025,December,23
23-12-2025,West Bengal,152,Moderate,61.6,109.5,21.9,7.8,0.84,59,2025,December,23
24-12-2025,Andhra Pradesh,168,Moderate,73.9,114.9,24.7,7.7,0.96,58.9,2025,December,24
24-12-2025,Arunachal Pradesh,122,Moderate,49.3,97.7,19.7,5.2,0.68,55.3,2025,December,24
24-12-2025,Assam,196,Moderate,77.3,138.5,31.2,10.7,1.07,57.6,2025,December,24
24-12-2025,Bihar,163,Moderate,72.1,107.7,23.4,7.6,0.85,59.9,2025,December,24
24-12-2025,Chhattisgarh,140,Moderate,54.1,97.6,22.5,7,0.71,62,2025,December,24
24-12-2025,Goa,132,Moderate,53,88.5,23.7,6.7,0.76,60.2,2025,December,24
24-12-2025,Gujarat,168,Moderate,66.7,130.1,26.5,7.9,0.93,55.4,2025,December,24
24-12-2025,Haryana,151,Moderate,63.6,107.3,26.6,8.2,0.86,59,2025,December,24
24-12-2025,Himachal Pradesh,191,Moderate,84.7,140.2,31.9,9,1.04,58.1,2025,December,24
24-12-2025,Jharkhand,223,Poor,95.1,166.3,35.2,11.6,1.2,47.3,2025,December,24
24-12-2025,Karnataka,169,Moderate,75.1,112.6,26.1,9.2,0.98,60,2025,December,24
24-12-2025,Kerala,178,Moderate,73.2,130.8,25.5,9.2,1.01,59.7,2025,December,24
24-12-2025,Madhya Pradesh,131,Moderate,58.7,98,22.3,7.5,0.74,59,2025,December,24
24-12-2025,Maharashtra,211,Poor,87,154.4,34.1,10.4,1.12,50.6,2025,December,24
24-12-2025,Manipur,202,Poor,84.1,150.7,35.2,10.4,1.09,49.3,2025,December,24
24-12-2025,Meghalaya,181,Moderate,71.8,134,30.8,8.3,1.01,59.7,2025,December,24
24-12-2025,Mizoram,185,Moderate,72.3,125.5,29.1,9.9,1.03,57.5,2025,December,24
24-12-2025,Nagaland,218,Poor,90,157.3,33.2,11,1.23,55.7,2025,December,24
24-12-2025,Odisha,204,Poor,80,140.6,31.5,10.1,1.04,55.6,2025,December,24
24-12-2025,Punjab,217,Poor,92.6,164.2,32.4,10.6,1.28,50.8,2025,December,24
24-12-2025,Rajasthan,128,Moderate,57.4,98.1,19.6,6.3,0.76,57.7,2025,December,24
24-12-2025,Sikkim,197,Moderate,82.7,149.3,31.3,10.1,1.11,51,2025,December,24
24-12-2025,Tamil Nadu,175,Moderate,75.7,123.8,25.2,8.2,0.96,60,2025,December,24
24-12-2025,Telangana,181,Moderate,71.8,130.6,31.4,8.4,1.1,59.9,2025,December,24
24-12-2025,Tripura,199,Moderate,81.9,135.2,33.6,10.3,1.19,56.3,2025,December,24
24-12-2025,Uttar Pradesh,215,Poor,93.5,150.9,36.8,10.4,1.12,57.4,2025,December,24
24-12-2025,Uttarakhand,151,Moderate,58.8,117.9,23.5,7.4,0.83,57.3,2025,December,24
24-12-2025,West Bengal,143,Moderate,58.6,95.6,20.9,7.6,0.71,59.6,2025,December,24
25-12-2025,Andhra Pradesh,174,Moderate,71.5,134.4,28.5,9.4,0.96,56.7,2025,December,25
25-12-2025,Arunachal Pradesh,130,Moderate,52.2,96.8,21.7,5.8,0.69,62.2,2025,December,25
25-12-2025,Assam,220,Poor,96.8,160.7,34.1,10.1,1.15,51.3,2025,December,25
25-12-2025,Bihar,147,Moderate,58,111.4,20.9,7.8,0.81,54.7,2025,December,25
25-12-2025,Chhattisgarh,147,Moderate,62.1,112.2,25.5,8,0.9,62.3,2025,December,25
25-12-2025,Goa,162,Moderate,73.9,112.3,26,8.4,0.9,55.7,2025,December,25
25-12-2025,Gujarat,128,Moderate,56.1,86.7,21.7,6.1,0.69,63.8,2025,December,25
25-12-2025,Haryana,158,Moderate,65.7,110.1,23.6,8.7,0.94,55.6,2025,December,25
25-12-2025,Himachal Pradesh,195,Moderate,84,149.7,32.6,9.1,1.05,49.7,2025,December,25
25-12-2025,Jharkhand,197,Moderate,84.1,134.1,29.7,9.6,1,49.3,2025,December,25
25-12-2025,Karnataka,152,Moderate,65.8,114.6,23.9,7.7,0.82,56.3,2025,December,25
25-12-2025,Kerala,201,Poor,78.7,153.6,34.1,9.8,1.09,53.9,2025,December,25
25-12-2025,Madhya Pradesh,118,Moderate,45,80.2,19.3,6.6,0.68,57.7,2025,December,25
25-12-2025,Maharashtra,212,Poor,90.4,150,36.5,10.9,1.26,49.8,2025,December,25
25-12-2025,Manipur,184,Moderate,74.4,137.6,31.4,9.4,1.04,52.9,2025,December,25
25-12-2025,Meghalaya,155,Moderate,63.2,113.8,27.2,7.1,0.81,62.1,2025,December,25
25-12-2025,Mizoram,180,Moderate,71.7,122.2,30.1,9.9,0.99,51.3,2025,December,25
25-12-2025,Nagaland,199,Moderate,78.8,145.1,34.6,10,1.03,57.6,2025,December,25
25-12-2025,Odisha,191,Moderate,80.9,130.5,28.1,10.2,1.04,51.6,2025,December,25
25-12-2025,Punjab,207,Poor,90.9,150.5,31.5,10.4,1.05,57.4,2025,December,25
25-12-2025,Rajasthan,119,Moderate,54.5,81.6,20.8,6.2,0.6,63.8,2025,December,25
25-12-2025,Sikkim,215,Poor,92.7,145.9,35.1,10.6,1.2,50.5,2025,December,25
25-12-2025,Tamil Nadu,167,Moderate,72.3,130.2,27.6,9.3,0.92,58.4,2025,December,25
25-12-2025,Telangana,169,Moderate,72.3,131.6,24.5,7.6,0.87,61,2025,December,25
25-12-2025,Tripura,183,Moderate,75.8,125.4,31.8,9.7,1.11,56.9,2025,December,25
25-12-2025,Uttar Pradesh,220,Poor,96.9,165.7,37.8,10.6,1.17,48,2025,December,25
25-12-2025,Uttarakhand,133,Moderate,50.4,97.9,23.9,6.4,0.73,63.8,2025,December,25
25-12-2025,West Bengal,123,Moderate,50.2,80.7,19.3,5.7,0.63,55.5,2025,December,25
26-12-2025,Andhra Pradesh,199,Moderate,79.3,141.1,31.9,9.5,1.02,50.8,2025,December,26
26-12-2025,Arunachal Pradesh,123,Moderate,53.2,96,18.9,7.1,0.64,61.8,2025,December,26
26-12-2025,Assam,185,Moderate,82.6,131.1,28,9,1,54,2025,December,26
26-12-2025,Bihar,156,Moderate,66.2,117.3,23.3,8.3,0.95,58.6,2025,December,26
26-12-2025,Chhattisgarh,152,Moderate,62,118.1,21.6,8.1,0.78,60.7,2025,December,26
26-12-2025,Goa,137,Moderate,60.1,104.6,19.4,6.6,0.85,54.6,2025,December,26
26-12-2025,Gujarat,150,Moderate,57.6,108.1,23.8,8.1,0.8,55.6,2025,December,26
26-12-2025,Haryana,159,Moderate,61.7,108.4,24.6,8.4,0.79,54.7,2025,December,26
26-12-2025,Himachal Pradesh,208,Poor,91.2,144.9,32.5,10.6,1.16,51.4,2025,December,26
26-12-2025,Jharkhand,234,Poor,92.7,169.1,38.1,11.6,1.37,52.9,2025,December,26
26-12-2025,Karnataka,153,Moderate,65.3,112.3,23.5,7.8,0.93,55,2025,December,26
26-12-2025,Kerala,175,Moderate,78.8,132.1,25.9,9.2,0.93,52.2,2025,December,26
26-12-2025,Madhya Pradesh,112,Moderate,48.5,90.4,17.4,4.8,0.55,60.7,2025,December,26
26-12-2025,Maharashtra,187,Moderate,81.2,130.7,28.1,8.6,1.09,55.3,2025,December,26
26-12-2025,Manipur,227,Poor,92.2,171.7,36.6,11.7,1.18,53.6,2025,December,26
26-12-2025,Meghalaya,151,Moderate,60.3,109.7,25.9,7.3,0.89,59.5,2025,December,26
26-12-2025,Mizoram,164,Moderate,70.9,120.1,29.2,7.8,0.92,59.2,2025,December,26
26-12-2025,Nagaland,195,Moderate,78.5,140.8,32.9,10,1.18,49.6,2025,December,26
26-12-2025,Odisha,203,Poor,81.9,139.8,34.6,11,1.12,55.6,2025,December,26
26-12-2025,Punjab,216,Poor,95.9,145.6,33,11.7,1.14,52.9,2025,December,26
26-12-2025,Rajasthan,113,Moderate,44.7,75.8,18.4,5.8,0.56,63.1,2025,December,26
26-12-2025,Sikkim,212,Poor,88.6,142.7,31.1,11.2,1.08,53.7,2025,December,26
26-12-2025,Tamil Nadu,199,Moderate,86.9,146.7,34.2,9.3,1.05,56.1,2025,December,26
26-12-2025,Telangana,170,Moderate,76.6,130.2,29.9,8.4,0.85,59.4,2025,December,26
26-12-2025,Tripura,192,Moderate,83.1,141.3,32.9,10.3,1.02,58.3,2025,December,26
26-12-2025,Uttar Pradesh,190,Moderate,77.2,134.9,31,8.9,0.97,50.2,2025,December,26
26-12-2025,Uttarakhand,178,Moderate,70.7,129.4,27.1,8.2,1.05,52.6,2025,December,26
26-12-2025,West Bengal,150,Moderate,65.7,99.4,27,6.5,0.85,54.4,2025,December,26
27-12-2025,Andhra Pradesh,177,Moderate,75.9,125,29.6,8.9,1.01,57.2,2025,December,27
27-12-2025,Arunachal Pradesh,132,Moderate,59,93.3,19.2,6.4,0.71,60.3,2025,December,27
27-12-2025,Assam,199,Moderate,89,149.6,32.5,9.2,1.08,49.5,2025,December,27
27-12-2025,Bihar,171,Moderate,70,129.8,28.6,7.8,0.94,51.5,2025,December,27
27-12-2025,Chhattisgarh,170,Moderate,72,128.5,28.6,7.9,1.03,60.7,2025,December,27
27-12-2025,Goa,178,Moderate,72.2,131,26.4,8.2,1.02,50.8,2025,December,27
27-12-2025,Gujarat,133,Moderate,61,89,20.6,7.4,0.73,57,2025,December,27
27-12-2025,Haryana,122,Moderate,51.9,87.9,22.3,7.1,0.58,62.8,2025,December,27
27-12-2025,Himachal Pradesh,202,Poor,83.3,136.7,33.9,10.8,1.16,53.9,2025,December,27
27-12-2025,Jharkhand,230,Poor,98.1,165.2,34.4,11.1,1.25,52.5,2025,December,27
27-12-2025,Karnataka,158,Moderate,71.8,105.1,22.7,7.2,0.82,58.9,2025,December,27
27-12-2025,Kerala,189,Moderate,74.7,139.3,29.3,8.7,1.02,59.3,2025,December,27
27-12-2025,Madhya Pradesh,138,Moderate,59.6,99.5,21.2,6.2,0.71,57.6,2025,December,27
27-12-2025,Maharashtra,213,Poor,86.5,158.7,34.3,10.1,1.09,56.6,2025,December,27
27-12-2025,Manipur,207,Poor,92.2,144.2,30.9,11.3,1.11,58.4,2025,December,27
27-12-2025,Meghalaya,148,Moderate,63.4,114.1,25.4,7.6,0.8,61,2025,December,27
27-12-2025,Mizoram,187,Moderate,80.1,132.1,32.4,10,0.96,57.5,2025,December,27
27-12-2025,Nagaland,227,Poor,94.4,168,33.4,12.2,1.22,53.9,2025,December,27
27-12-2025,Odisha,198,Moderate,77.9,138,29.4,10.6,1.15,54,2025,December,27
27-12-2025,Punjab,216,Poor,92.9,149.7,32.1,11.6,1.17,56.6,2025,December,27
27-12-2025,Rajasthan,118,Moderate,45.1,81.3,18.8,5.9,0.6,61.7,2025,December,27
27-12-2025,Sikkim,218,Poor,93.7,163.2,33.3,11,1.16,56.8,2025,December,27
27-12-2025,Tamil Nadu,199,Moderate,79,150.9,34.6,10.3,1.18,53.7,2025,December,27
27-12-2025,Telangana,139,Moderate,53.5,103.8,22.8,7.2,0.73,63.7,2025,December,27
27-12-2025,Tripura,195,Moderate,85.5,144.4,33,9.5,1.17,57.2,2025,December,27
27-12-2025,Uttar Pradesh,230,Poor,95,173.6,37.2,11,1.26,55.5,2025,December,27
27-12-2025,Uttarakhand,148,Moderate,63.6,102.6,26.7,6.9,0.83,57,2025,December,27
27-12-2025,West Bengal,153,Moderate,59.2,113,22.5,6.8,0.92,55,2025,December,27
28-12-2025,Andhra Pradesh,203,Poor,79.4,148.6,34.9,9.6,1.11,52.3,2025,December,28
28-12-2025,Arunachal Pradesh,153,Moderate,62.9,103.5,21.7,8.1,0.8,58.4,2025,December,28
28-12-2025,Assam,201,Poor,87.2,135,29.8,9.1,1.05,49.3,2025,December,28
28-12-2025,Bihar,165,Moderate,63.4,110.1,27.9,8.2,0.83,55.8,2025,December,28
28-12-2025,Chhattisgarh,163,Moderate,64.8,124.1,23.2,7.7,0.98,58.9,2025,December,28
28-12-2025,Goa,149,Moderate,65.6,116.2,26.4,6.5,0.91,56.9,2025,December,28
28-12-2025,Gujarat,126,Moderate,49.3,99.9,20.6,7.1,0.79,58.4,2025,December,28
28-12-2025,Haryana,127,Moderate,51.8,92.4,20,6.3,0.73,58.4,2025,December,28
28-12-2025,Himachal Pradesh,192,Moderate,81.6,135.8,31,10.2,1.07,58.5,2025,December,28
28-12-2025,Jharkhand,228,Poor,90.7,167.3,38.1,11.5,1.32,50.5,2025,December,28
28-12-2025,Karnataka,154,Moderate,59.8,112,24.2,7.3,0.87,54.7,2025,December,28
28-12-2025,Kerala,178,Moderate,77.1,135,31.2,8.9,0.9,59.3,2025,December,28
28-12-2025,Madhya Pradesh,125,Moderate,53.4,88.9,21.2,6.8,0.77,60.9,2025,December,28
28-12-2025,Maharashtra,177,Moderate,74.2,124,27.7,9.4,0.98,56.6,2025,December,28
28-12-2025,Manipur,204,Poor,80.1,148.6,30.7,9.6,1.04,55.8,2025,December,28
28-12-2025,Meghalaya,161,Moderate,65.9,119.3,25.4,7.5,0.96,56.2,2025,December,28
28-12-2025,Mizoram,212,Poor,83.7,158.8,36.8,11.1,1.27,48.3,2025,December,28
28-12-2025,Nagaland,223,Poor,92,157.5,33.4,11.1,1.18,55.6,2025,December,28
28-12-2025,Odisha,189,Moderate,81.6,142.7,28.3,8.5,1,51.2,2025,December,28
28-12-2025,Punjab,217,Poor,86.6,153.5,34.9,10.6,1.24,49.7,2025,December,28
28-12-2025,Rajasthan,149,Moderate,63.8,117,22.2,6.8,0.83,60.1,2025,December,28
28-12-2025,Sikkim,196,Moderate,80.8,144.8,31.3,10.6,1.15,54.4,2025,December,28
28-12-2025,Tamil Nadu,158,Moderate,65.4,121,27.7,8,0.78,55.2,2025,December,28
28-12-2025,Telangana,168,Moderate,67.2,127.4,29.3,7.8,0.85,52,2025,December,28
28-12-2025,Tripura,198,Moderate,84.1,133.9,29,9.9,1.08,58.7,2025,December,28
28-12-2025,Uttar Pradesh,203,Poor,88.2,143.7,31,9.6,1.22,51.7,2025,December,28
28-12-2025,Uttarakhand,146,Moderate,61.7,108.9,23.4,6.5,0.82,60.8,2025,December,28
28-12-2025,West Bengal,157,Moderate,62.4,103.8,27.8,7.2,0.86,58.6,2025,December,28
29-12-2025,Andhra Pradesh,177,Moderate,71.5,127,31,9.6,1.03,52.9,2025,December,29
29-12-2025,Arunachal Pradesh,129,Moderate,53.8,100.2,19.1,6.8,0.76,55.4,2025,December,29
29-12-2025,Assam,223,Poor,90.2,155.1,33.6,11,1.18,49.8,2025,December,29
29-12-2025,Bihar,138,Moderate,53.6,90.7,21,6.8,0.77,56.6,2025,December,29
29-12-2025,Chhattisgarh,160,Moderate,72.3,107.3,25,8.8,0.79,56.4,2025,December,29
29-12-2025,Goa,163,Moderate,68.7,125.5,25,8.8,0.83,55.4,2025,December,29
29-12-2025,Gujarat,158,Moderate,65.8,120,27.4,8.6,0.89,52.9,2025,December,29
29-12-2025,Haryana,125,Moderate,55.9,92.9,17.6,7,0.66,58.3,2025,December,29
29-12-2025,Himachal Pradesh,236,Poor,103.3,171.5,39.5,12.2,1.23,53.9,2025,December,29
29-12-2025,Jharkhand,234,Poor,97.4,178.2,38,12.1,1.26,55.3,2025,December,29
29-12-2025,Karnataka,133,Moderate,60,103.8,23.5,6.8,0.82,61.1,2025,December,29
29-12-2025,Kerala,180,Moderate,80,126.5,31.3,9.3,0.98,53.1,2025,December,29
29-12-2025,Madhya Pradesh,130,Moderate,55.4,85.7,21.8,7,0.79,62.2,2025,December,29
29-12-2025,Maharashtra,196,Moderate,77.2,147,29.8,9.7,1.12,58.6,2025,December,29
29-12-2025,Manipur,222,Poor,88.5,157.4,38.1,11.5,1.17,51.7,2025,December,29
29-12-2025,Meghalaya,146,Moderate,55.4,101.9,26.2,8,0.79,60.4,2025,December,29
29-12-2025,Mizoram,200,Moderate,86,134.6,34.9,9.1,1.03,51.6,2025,December,29
29-12-2025,Nagaland,196,Moderate,84.3,131.3,32.6,9.4,1.01,50.7,2025,December,29
29-12-2025,Odisha,184,Moderate,80.7,124.3,28.6,8.8,1.09,55.4,2025,December,29
29-12-2025,Punjab,199,Moderate,80,144.3,31.2,9.1,1.04,50.4,2025,December,29
29-12-2025,Rajasthan,115,Moderate,48.2,77.8,19.1,5.1,0.56,59,2025,December,29
29-12-2025,Sikkim,185,Moderate,78.5,129.1,30.5,9.8,1.05,58,2025,December,29
29-12-2025,Tamil Nadu,199,Moderate,82,145.1,29.3,10.3,1.05,51.8,2025,December,29
29-12-2025,Telangana,151,Moderate,64.1,116.1,23.1,7.6,0.77,56.6,2025,December,29
29-12-2025,Tripura,198,Moderate,84.5,136.7,29.7,9,1.2,50.6,2025,December,29
29-12-2025,Uttar Pradesh,190,Moderate,85.1,135.6,29.6,8.5,1.12,52.7,2025,December,29
29-12-2025,Uttarakhand,148,Moderate,64.4,107,25.4,7.1,0.76,61.9,2025,December,29
29-12-2025,West Bengal,159,Moderate,63.4,107.2,25.9,8.8,0.87,52.6,2025,December,29
30-12-2025,Andhra Pradesh,198,Moderate,88.5,147,33.4,10,1.12,54.7,2025,December,30
30-12-2025,Arunachal Pradesh,123,Moderate,46.6,97.5,20,5.5,0.62,63.7,2025,December,30
30-12-2025,Assam,210,Poor,85.8,153.6,35,11,1.12,51.4,2025,December,30
30-12-2025,Bihar,153,Moderate,60.3,108.1,25.9,7,0.86,54.8,2025,December,30
30-12-2025,Chhattisgarh,166,Moderate,69.3,125.5,25,7.6,0.85,58.3,2025,December,30
30-12-2025,Goa,137,Moderate,56.2,95.5,20,6.5,0.86,61.5,2025,December,30
30-12-2025,Gujarat,169,Moderate,65.6,124.3,28.4,9.4,0.99,55.3,2025,December,30
30-12-2025,Haryana,127,Moderate,53.5,83,18.3,6.5,0.66,64,2025,December,30
30-12-2025,Himachal Pradesh,200,Moderate,79.9,141.1,34.2,9.7,1.19,51,2025,December,30
30-12-2025,Jharkhand,212,Poor,86,145.5,36.8,10.1,1.09,55.1,2025,December,30
30-12-2025,Karnataka,162,Moderate,74,125,27.2,7.3,0.92,57.1,2025,December,30
30-12-2025,Kerala,213,Poor,88.5,156.4,36.6,10.4,1.18,56.7,2025,December,30
30-12-2025,Madhya Pradesh,119,Moderate,44.2,93,17.4,6.8,0.62,59.4,2025,December,30
30-12-2025,Maharashtra,177,Moderate,78.9,125.7,29.5,8.4,0.93,52.8,2025,December,30
30-12-2025,Manipur,228,Poor,92.9,154.2,35,12.3,1.2,55.5,2025,December,30
30-12-2025,Meghalaya,178,Moderate,78.8,126,28,9.9,0.92,50.9,2025,December,30
30-12-2025,Mizoram,205,Poor,83.8,151.3,30.8,10.3,1.2,53.8,2025,December,30
30-12-2025,Nagaland,220,Poor,89.4,160.7,36.7,10.4,1.18,57,2025,December,30
30-12-2025,Odisha,202,Poor,85.6,137.7,32.8,10.4,1.09,49.2,2025,December,30
30-12-2025,Punjab,208,Poor,82,148.9,35.7,9.9,1.17,49.1,2025,December,30
30-12-2025,Rajasthan,140,Moderate,58.4,104.7,24,7.7,0.71,63.4,2025,December,30
30-12-2025,Sikkim,174,Moderate,71.5,122,30.8,8.4,1,59.6,2025,December,30
30-12-2025,Tamil Nadu,183,Moderate,72.6,131,29.6,9.5,1.03,50.9,2025,December,30
30-12-2025,Telangana,153,Moderate,67.8,101,25.6,6.9,0.94,53.4,2025,December,30
30-12-2025,Tripura,195,Moderate,79.4,140.1,28.6,10.1,1.03,56.2,2025,December,30
30-12-2025,Uttar Pradesh,223,Poor,87.8,153.2,33.8,10.3,1.28,55.7,2025,December,30
30-12-2025,Uttarakhand,143,Moderate,55.4,104.4,20.4,7.9,0.74,55.7,2025,December,30
30-12-2025,West Bengal,135,Moderate,52.4,104.8,19.2,7.7,0.71,59.5,2025,December,30
31-12-2025,Andhra Pradesh,190,Moderate,77.1,128.5,28.4,9.1,1.01,55.3,2025,December,31
31-12-2025,Arunachal Pradesh,151,Moderate,58.6,106.1,24.2,7.3,0.79,57.3,2025,December,31
31-12-2025,Assam,213,Poor,92.5,144.2,34.2,11.6,1.1,54.6,2025,December,31
31-12-2025,Bihar,143,Moderate,56.4,110.3,21.3,6.5,0.89,60.9,2025,December,31
31-12-2025,Chhattisgarh,167,Moderate,67.8,118,27.1,7.8,0.89,61.2,2025,December,31
31-12-2025,Goa,141,Moderate,53.3,92.9,22.9,6.2,0.88,53.7,2025,December,31
31-12-2025,Gujarat,160,Moderate,72.1,112.8,25,7.8,0.86,52.6,2025,December,31
31-12-2025,Haryana,127,Moderate,59,85.4,22.7,6.3,0.75,60.7,2025,December,31
31-12-2025,Himachal Pradesh,195,Moderate,79.3,133.3,31,9,1.04,54.2,2025,December,31
31-12-2025,Jharkhand,227,Poor,90.9,166.8,33.9,11.3,1.27,53.3,2025,December,31
31-12-2025,Karnataka,145,Moderate,65.6,99.1,22.9,6.6,0.86,57.1,2025,December,31
31-12-2025,Kerala,217,Poor,89,148.7,32.9,11,1.29,51.7,2025,December,31
31-12-2025,Madhya Pradesh,135,Moderate,61.7,98,22.7,7.7,0.72,54.5,2025,December,31
31-12-2025,Maharashtra,204,Poor,87.5,153,29.7,10.5,1.05,50.9,2025,December,31
31-12-2025,Manipur,190,Moderate,76.2,133.9,31.7,9.7,0.98,55.9,2025,December,31
31-12-2025,Meghalaya,142,Moderate,58.3,101.5,22.4,6.8,0.69,60.8,2025,December,31
31-12-2025,Mizoram,206,Poor,90.7,158.2,34.7,11,1.1,50.5,2025,December,31
31-12-2025,Nagaland,202,Poor,88.9,148.2,34.7,9.6,1.03,58.3,2025,December,31
31-12-2025,Odisha,164,Moderate,65,113.1,23.7,9.1,0.93,53.7,2025,December,31
31-12-2025,Punjab,221,Poor,97.8,165,35.1,11.6,1.28,52.9,2025,December,31
31-12-2025,Rajasthan,130,Moderate,53,94.8,21.3,5.7,0.73,62.9,2025,December,31
31-12-2025,Sikkim,183,Moderate,78.9,130,27.2,8.5,0.96,56.9,2025,December,31
31-12-2025,Tamil Nadu,175,Moderate,69.6,119.9,25.9,8.1,0.93,55.6,2025,December,31
31-12-2025,Telangana,166,Moderate,71.4,128.8,29.3,9,0.83,57.3,2025,December,31
31-12-2025,Tripura,198,Moderate,79.6,150.2,31,10.2,1.18,54.2,2025,December,31
31-12-2025,Uttar Pradesh,236,Poor,103.1,175.7,35,12.5,1.31,46.5,2025,December,31
31-12-2025,Uttarakhand,143,Moderate,57.8,97.9,21,6.2,0.77,62,2025,December,31
31-12-2025,West Bengal,114,Moderate,52.4,75.2,17.3,5.5,0.71,61.1,2025,December,31
